SourceSystem,FinanceTableOrder,FinanceSchemaName,FinanceTableName,TimeZone,SiteCode,ActionKey,StepKey,Enabled,ConType,ConnectionID,ConName,ConStr,dbName,CtrlMethod,EnrollCutoff,ContractDate,ClinicName,IsActive,IsNewSchema,SrcSchema,FromTblVw,DsnSchema,DsnTbl,WhereCondition,SortOrder,ReInitialize,SchemaVersion,CompKey,RowTrax
BHG_DR,1,pats,tbl_Bills,EST,AHK,1,3,1,SQL,2,SAMMS,Data Source=BHGDALLSQL05\SQL2016SAMMS;Connection Timeout=60;Integrated Security=True;Encrypt=False;Initial Catalog=SAMMS-Ahoskie ;,"SAMMS-Ahoskie ",Select,NULL,NULL,Ahoskie,1,1,dbo,tblBill,pats,tbl_Bills,"billDate >= DateAdd(m, -1, @WorkDate) and billDate <= DateAdd(d, 2, @WorkDate)","Order by 1, 2",0,V6,AHK-1-3,NULL
BHG_DR,1,pats,tbl_Bills,MST,B12B,1,3,1,SQL,2,SAMMS,Data Source=BHGDALLSQL05\SQL2016SAMMS;Connection Timeout=60;Integrated Security=True;Encrypt=False;Initial Catalog=SAMMS-ColoradoSpringsV5;,SAMMS-ColoradoSpringsV5,Select,NULL,NULL,Colorado Springs,1,0,dbo,tblBill,pats,tbl_Bills,"billDate >= DateAdd(m, -1, @WorkDate) and billDate <= DateAdd(d, 2, @WorkDate)","Order by 1, 2",0,V6,B12B-1-3,NULL
BHG_DR,1,pats,tbl_Bills,CST,B24,1,3,1,SQL,2,SAMMS,Data Source=BHGDALLSQL05\SQL2016SAMMS;Connection Timeout=60;Integrated Security=True;Encrypt=False;Initial Catalog=SAMMS-PaintsvilleV5;,SAMMS-PaintsvilleV5,Select,NULL,NULL,Paintsville,1,1,dbo,tblBill,pats,tbl_Bills,"billDate >= DateAdd(m, -1, @WorkDate) and billDate <= DateAdd(d, 2, @WorkDate)","Order by 1, 2",0,V6,B24-1-3,NULL
BHG_DR,1,pats,tbl_Bills,CST,B25,1,3,1,SQL,2,SAMMS,Data Source=BHGDALLSQL05\SQL2016SAMMS;Connection Timeout=60;Integrated Security=True;Encrypt=False;Initial Catalog=SAMMS-PikevilleV5;,SAMMS-PikevilleV5,Select,NULL,NULL,Pikeville,1,1,dbo,tblBill,pats,tbl_Bills,"billDate >= DateAdd(m, -1, @WorkDate) and billDate <= DateAdd(d, 2, @WorkDate)","Order by 1, 2",0,V6,B25-1-3,NULL
BHG_DR,1,pats,tbl_Bills,CST,B26,1,3,1,SQL,2,SAMMS,Data Source=BHGDALLSQL05\SQL2016SAMMS;Connection Timeout=60;Integrated Security=True;Encrypt=False;Initial Catalog=SAMMS-HazardV5;,SAMMS-HazardV5,Select,NULL,NULL,Hazard,1,0,dbo,tblBill,pats,tbl_Bills,"billDate >= DateAdd(m, -1, @WorkDate) and billDate <= DateAdd(d, 2, @WorkDate)","Order by 1, 2",0,V6,B26-1-3,NULL
BHG_DR,1,pats,tbl_Bills,EST,B27,1,3,1,SQL,2,SAMMS,Data Source=BHGDALLSQL05\SQL2016SAMMS;Connection Timeout=60;Integrated Security=True;Encrypt=False;Initial Catalog=SAMMS-SavannahV6;,SAMMS-SavannahV6,Select,2022-09-14,NULL,Savannah,1,1,dbo,tblBill,pats,tbl_Bills,"billDate >= DateAdd(m, -1, @WorkDate) and billDate <= DateAdd(d, 2, @WorkDate)","Order by 1, 2",0,V6,B27-1-3,NULL
BHG_DR,1,pats,tbl_Bills,CST,B28,1,3,1,SQL,2,SAMMS,Data Source=BHGDALLSQL05\SQL2016SAMMS;Connection Timeout=60;Integrated Security=True;Encrypt=False;Initial Catalog=SAMMS-WestPlainesV5;,SAMMS-WestPlainesV5,Select,NULL,NULL,West Plains,1,0,dbo,tblBill,pats,tbl_Bills,"billDate >= DateAdd(m, -1, @WorkDate) and billDate <= DateAdd(d, 2, @WorkDate)","Order by 1, 2",0,V6,B28-1-3,NULL
BHG_DR,1,pats,tbl_Bills,CST,B29,1,3,1,SQL,2,SAMMS,Data Source=BHGDALLSQL05\SQL2016SAMMS;Connection Timeout=60;Integrated Security=True;Encrypt=False;Initial Catalog=SAMMS-PoplarBluffV5;,SAMMS-PoplarBluffV5,Select,NULL,NULL,Poplar Bluff,1,0,dbo,tblBill,pats,tbl_Bills,"billDate >= DateAdd(m, -1, @WorkDate) and billDate <= DateAdd(d, 2, @WorkDate)","Order by 1, 2",0,V6,B29-1-3,NULL
BHG_DR,1,pats,tbl_Bills,CST,B30,1,3,1,SQL,2,SAMMS,Data Source=BHGDALLSQL05\SQL2016SAMMS;Connection Timeout=60;Integrated Security=True;Encrypt=False;Initial Catalog=SAMMS-KCNv5;,SAMMS-KCNv5,Select,2016-02-01,NULL,KC North,1,0,dbo,tblBill,pats,tbl_Bills,"billDate >= DateAdd(m, -1, @WorkDate) and billDate <= DateAdd(d, 2, @WorkDate)","Order by 1, 2",0,V6,B30-1-3,NULL
BHG_DR,1,pats,tbl_Bills,EST,B31,1,3,1,SQL,2,SAMMS,Data Source=BHGDALLSQL05\SQL2016SAMMS;Connection Timeout=60;Integrated Security=True;Encrypt=False;Initial Catalog=SAMMS-DyersburgV5;,SAMMS-DyersburgV5,Select,NULL,NULL,Dyersburg,1,0,dbo,tblBill,pats,tbl_Bills,"billDate >= DateAdd(m, -1, @WorkDate) and billDate <= DateAdd(d, 2, @WorkDate)","Order by 1, 2",0,V6,B31-1-3,NULL
BHG_DR,1,pats,tbl_Bills,CST,B33,1,3,1,SQL,2,SAMMS,Data Source=BHGDALLSQL05\SQL2016SAMMS;Connection Timeout=60;Integrated Security=True;Encrypt=False;Initial Catalog=SAMMS-Paducah;,SAMMS-Paducah,Select,NULL,NULL,Paducah,1,0,dbo,tblBill,pats,tbl_Bills,"billDate >= DateAdd(m, -1, @WorkDate) and billDate <= DateAdd(d, 2, @WorkDate)","Order by 1, 2",0,V6,B33-1-3,NULL
BHG_DR,1,pats,tbl_Bills,CST,B34,1,3,1,SQL,2,SAMMS,Data Source=BHGDALLSQL05\SQL2016SAMMS;Connection Timeout=60;Integrated Security=True;Encrypt=False;Initial Catalog=SAMMS-CorbinV5;,SAMMS-CorbinV5,Select,NULL,NULL,Corbin,1,0,dbo,tblBill,pats,tbl_Bills,"billDate >= DateAdd(m, -1, @WorkDate) and billDate <= DateAdd(d, 2, @WorkDate)","Order by 1, 2",0,V6,B34-1-3,NULL
BHG_DR,1,pats,tbl_Bills,CST,B35,1,3,1,SQL,2,SAMMS,Data Source=BHGDALLSQL05\SQL2016SAMMS;Connection Timeout=60;Integrated Security=True;Encrypt=False;Initial Catalog=SAMMS-LexingtonV5;,SAMMS-LexingtonV5,Select,NULL,NULL,Lexington,1,1,dbo,tblBill,pats,tbl_Bills,"billDate >= DateAdd(m, -1, @WorkDate) and billDate <= DateAdd(d, 2, @WorkDate)","Order by 1, 2",0,V6,B35-1-3,NULL
BHG_DR,1,pats,tbl_Bills,CST,B35A,1,3,1,SQL,2,SAMMS,Data Source=BHGDALLSQL05\SQL2016SAMMS;Connection Timeout=60;Integrated Security=True;Encrypt=False;Initial Catalog=SAMMS-BereaV5;,SAMMS-BereaV5,Select,2018-06-01,NULL,Berea,1,0,dbo,tblBill,pats,tbl_Bills,"billDate >= DateAdd(m, -1, @WorkDate) and billDate <= DateAdd(d, 2, @WorkDate)","Order by 1, 2",0,V6,B35A-1-3,NULL
BHG_DR,1,pats,tbl_Bills,EST,B36,1,3,1,SQL,2,SAMMS,Data Source=BHGDALLSQL05\SQL2016SAMMS;Connection Timeout=60;Integrated Security=True;Encrypt=False;Initial Catalog=SAMMS-AshevilleV5;,SAMMS-AshevilleV5,Select,2015-09-07,NULL,Asheville,1,0,dbo,tblBill,pats,tbl_Bills,"billDate >= DateAdd(m, -1, @WorkDate) and billDate <= DateAdd(d, 2, @WorkDate)","Order by 1, 2",0,V6,B36-1-3,NULL
BHG_DR,1,pats,tbl_Bills,EST,B37,1,3,1,SQL,2,SAMMS,Data Source=BHGDALLSQL05\SQL2016SAMMS;Connection Timeout=60;Integrated Security=True;Encrypt=False;Initial Catalog=SAMMS-ClydeV5;,SAMMS-ClydeV5,Select,2015-09-07,NULL,Clyde,1,0,dbo,tblBill,pats,tbl_Bills,"billDate >= DateAdd(m, -1, @WorkDate) and billDate <= DateAdd(d, 2, @WorkDate)","Order by 1, 2",0,V6,B37-1-3,NULL
BHG_DR,1,pats,tbl_Bills,EST,B38,1,3,1,SQL,2,SAMMS,Data Source=BHGDALLSQL05\SQL2016SAMMS;Connection Timeout=60;Integrated Security=True;Encrypt=False;Initial Catalog=SAMMS-SpartanburgV5;,SAMMS-SpartanburgV5,Select,2016-07-25,NULL,Spartanburg,1,0,dbo,tblBill,pats,tbl_Bills,"billDate >= DateAdd(m, -1, @WorkDate) and billDate <= DateAdd(d, 2, @WorkDate)","Order by 1, 2",0,V6,B38-1-3,NULL
BHG_DR,1,pats,tbl_Bills,EST,B39,1,3,1,SQL,2,SAMMS,Data Source=BHGDALLSQL05\SQL2016SAMMS;Connection Timeout=60;Integrated Security=True;Encrypt=False;Initial Catalog=SAMMS-AikenV5;,SAMMS-AikenV5,Select,2016-07-25,NULL,Aiken,1,0,dbo,tblBill,pats,tbl_Bills,"billDate >= DateAdd(m, -1, @WorkDate) and billDate <= DateAdd(d, 2, @WorkDate)","Order by 1, 2",0,V6,B39-1-3,NULL
BHG_DR,1,pats,tbl_Bills,EST,B41,1,3,1,SQL,2,SAMMS,Data Source=BHGDALLSQL05\SQL2016SAMMS;Connection Timeout=60;Integrated Security=True;Encrypt=False;Initial Catalog=SAMMS-ChesapeakeV5;,SAMMS-ChesapeakeV5,Select,2016-10-24,NULL,Chesapeake,1,0,dbo,tblBill,pats,tbl_Bills,"billDate >= DateAdd(m, -1, @WorkDate) and billDate <= DateAdd(d, 2, @WorkDate)","Order by 1, 2",0,V6,B41-1-3,NULL
BHG_DR,1,pats,tbl_Bills,EST,B42,1,3,1,SQL,2,SAMMS,Data Source=BHGDALLSQL05\SQL2016SAMMS;Connection Timeout=60;Integrated Security=True;Encrypt=False;Initial Catalog=SAMMS-VirginiaBeachV5;,SAMMS-VirginiaBeachV5,Select,2016-10-24,NULL,Virginia Beach,1,0,dbo,tblBill,pats,tbl_Bills,"billDate >= DateAdd(m, -1, @WorkDate) and billDate <= DateAdd(d, 2, @WorkDate)","Order by 1, 2",0,V6,B42-1-3,NULL
BHG_DR,1,pats,tbl_Bills,EST,B42A,1,3,1,SQL,2,SAMMS,Data Source=BHGDALLSQL05\SQL2016SAMMS;Connection Timeout=60;Integrated Security=True;Encrypt=False;Initial Catalog=SAMMS-NewportNewsV5;,SAMMS-NewportNewsV5,Select,2018-12-06,NULL,Newport News,1,0,dbo,tblBill,pats,tbl_Bills,"billDate >= DateAdd(m, -1, @WorkDate) and billDate <= DateAdd(d, 2, @WorkDate)","Order by 1, 2",0,V6,B42A-1-3,NULL
BHG_DR,1,pats,tbl_Bills,EST,B42B,1,3,1,SQL,2,SAMMS,Data Source=BHGDALLSQL05\SQL2016SAMMS;Connection Timeout=60;Integrated Security=True;Encrypt=False;Initial Catalog=SAMMS-FranklinV5;,SAMMS-FranklinV5,Select,2018-12-19,NULL,Franklin,1,0,dbo,tblBill,pats,tbl_Bills,"billDate >= DateAdd(m, -1, @WorkDate) and billDate <= DateAdd(d, 2, @WorkDate)","Order by 1, 2",0,V6,B42B-1-3,NULL
BHG_DR,1,pats,tbl_Bills,EST,B42C,1,3,1,SQL,2,SAMMS,Data Source=BHGDALLSQL05\SQL2016SAMMS;Connection Timeout=60;Integrated Security=True;Encrypt=False;Initial Catalog=SAMMS-GlenAllenV5;,SAMMS-GlenAllenV5,Select,2019-07-17,NULL,Glen Allen,1,0,dbo,tblBill,pats,tbl_Bills,"billDate >= DateAdd(m, -1, @WorkDate) and billDate <= DateAdd(d, 2, @WorkDate)","Order by 1, 2",0,V6,B42C-1-3,NULL
BHG_DR,1,pats,tbl_Bills,EST,B42D,1,3,1,SQL,2,SAMMS,Data Source=BHGDALLSQL05\SQL2016SAMMS;Connection Timeout=60;Integrated Security=True;Encrypt=False;Initial Catalog=SAMMS-ChesapeakeSouthV5;,SAMMS-ChesapeakeSouthV5,Select,2019-06-11,NULL,Chesapeake South,1,0,dbo,tblBill,pats,tbl_Bills,"billDate >= DateAdd(m, -1, @WorkDate) and billDate <= DateAdd(d, 2, @WorkDate)","Order by 1, 2",0,V6,B42D-1-3,NULL
BHG_DR,1,pats,tbl_Bills,EST,B44,1,3,1,SQL,2,SAMMS,Data Source=BHGDALLSQL05\SQL2016SAMMS;Connection Timeout=60;Integrated Security=True;Encrypt=False;Initial Catalog=SAMMS-AlbanyV5;,SAMMS-AlbanyV5,Select,2017-06-19,NULL,Albany,1,0,dbo,tblBill,pats,tbl_Bills,"billDate >= DateAdd(m, -1, @WorkDate) and billDate <= DateAdd(d, 2, @WorkDate)","Order by 1, 2",0,V6,B44-1-3,NULL
BHG_DR,1,pats,tbl_Bills,EST,B45,1,3,1,SQL,2,SAMMS,Data Source=BHGDALLSQL05\SQL2016SAMMS;Connection Timeout=60;Integrated Security=True;Encrypt=False;Initial Catalog=SAMMS-TiftonV5;,SAMMS-TiftonV5,Select,2017-06-19,NULL,Tifton,1,0,dbo,tblBill,pats,tbl_Bills,"billDate >= DateAdd(m, -1, @WorkDate) and billDate <= DateAdd(d, 2, @WorkDate)","Order by 1, 2",0,V6,B45-1-3,NULL
BHG_DR,1,pats,tbl_Bills,CST,B46,1,3,1,SQL,2,SAMMS,Data Source=BHGDALLSQL05\SQL2016SAMMS;Connection Timeout=60;Integrated Security=True;Encrypt=False;Initial Catalog=SAMMS-WashingtonDCv5;,SAMMS-WashingtonDCv5,Select,2019-03-20,NULL,Washington DC,1,0,dbo,tblBill,pats,tbl_Bills,"billDate >= DateAdd(m, -1, @WorkDate) and billDate <= DateAdd(d, 2, @WorkDate)","Order by 1, 2",0,V6,B46-1-3,NULL
BHG_DR,1,pats,tbl_Bills,CST,B47,1,3,1,SQL,2,SAMMS,Data Source=BHGDALLSQL05\SQL2016SAMMS;Connection Timeout=60;Integrated Security=True;Encrypt=False;Initial Catalog=SAMMS-MobileV5;,SAMMS-MobileV5,Select,2019-09-10,NULL,Mobile,1,0,dbo,tblBill,pats,tbl_Bills,"billDate >= DateAdd(m, -1, @WorkDate) and billDate <= DateAdd(d, 2, @WorkDate)","Order by 1, 2",0,V6,B47-1-3,NULL
BHG_DR,1,pats,tbl_Bills,CST,B48,1,3,1,SQL,2,SAMMS,Data Source=BHGDALLSQL05\SQL2016SAMMS;Connection Timeout=60;Integrated Security=True;Encrypt=False;Initial Catalog=SAMMS-TuscaloosaV5;,SAMMS-TuscaloosaV5,Select,2017-11-19,NULL,Tuscaloosa,1,0,dbo,tblBill,pats,tbl_Bills,"billDate >= DateAdd(m, -1, @WorkDate) and billDate <= DateAdd(d, 2, @WorkDate)","Order by 1, 2",0,V6,B48-1-3,NULL
BHG_DR,1,pats,tbl_Bills,CST,B51,1,3,1,SQL,2,SAMMS,Data Source=BHGDALLSQL05\SQL2016SAMMS;Connection Timeout=60;Integrated Security=True;Encrypt=False;Initial Catalog=SAMMS-NorthLittleRockV6;,SAMMS-NorthLittleRockV6,Select,2019-11-15,NULL,N. Little Rock (OTP),1,0,dbo,tblBill,pats,tbl_Bills,"billDate >= DateAdd(m, -1, @WorkDate) and billDate <= DateAdd(d, 2, @WorkDate)","Order by 1, 2",0,V6,B51-1-3,NULL
BHG_DR,1,pats,tbl_Bills,EST,B52,1,3,1,SQL,2,SAMMS,Data Source=BHGDALLSQL05\SQL2016SAMMS;Connection Timeout=60;Integrated Security=True;Encrypt=False;Initial Catalog=SAMMS-JacksonGAV5;,SAMMS-JacksonGAV5,Select,2018-06-01,NULL,Jackson GA,1,0,dbo,tblBill,pats,tbl_Bills,"billDate >= DateAdd(m, -1, @WorkDate) and billDate <= DateAdd(d, 2, @WorkDate)","Order by 1, 2",0,V6,B52-1-3,NULL
BHG_DR,1,pats,tbl_Bills,CST,B54,1,3,1,SQL,2,SAMMS,Data Source=BHGDALLSQL05\SQL2016SAMMS;Connection Timeout=60;Integrated Security=True;Encrypt=False;Initial Catalog=SAMMS-GadsdenV5;,SAMMS-GadsdenV5,Select,2018-06-01,NULL,Gadsden,1,0,dbo,tblBill,pats,tbl_Bills,"billDate >= DateAdd(m, -1, @WorkDate) and billDate <= DateAdd(d, 2, @WorkDate)","Order by 1, 2",0,V6,B54-1-3,NULL
BHG_DR,1,pats,tbl_Bills,CST,B55,1,3,1,SQL,2,SAMMS,Data Source=BHGDALLSQL05\SQL2016SAMMS;Connection Timeout=60;Integrated Security=True;Encrypt=False;Initial Catalog=SAMMS-ShoalsV5;,SAMMS-ShoalsV5,Select,2018-04-22,NULL,Shoals,1,0,dbo,tblBill,pats,tbl_Bills,"billDate >= DateAdd(m, -1, @WorkDate) and billDate <= DateAdd(d, 2, @WorkDate)","Order by 1, 2",0,V6,B55-1-3,NULL
BHG_DR,1,pats,tbl_Bills,EST,B57,1,3,1,SQL,2,SAMMS,Data Source=BHGDALLSQL05\SQL2016SAMMS;Connection Timeout=60;Integrated Security=True;Encrypt=False;Initial Catalog=SAMMS-Pawtucket;,SAMMS-Pawtucket,Select,2020-09-04,NULL,Pawtucket,1,1,dbo,tblBill,pats,tbl_Bills,"billDate >= DateAdd(m, -1, @WorkDate) and billDate <= DateAdd(d, 2, @WorkDate)","Order by 1, 2",0,V6,B57-1-3,NULL
BHG_DR,1,pats,tbl_Bills,EST,B57A,1,3,1,SQL,2,SAMMS,Data Source=BHGDALLSQL05\SQL2016SAMMS;Connection Timeout=60;Integrated Security=True;Encrypt=False;Initial Catalog=SAMMS-Johnston;,SAMMS-Johnston,Select,2021-10-04,NULL,Johnston,1,1,dbo,tblBill,pats,tbl_Bills,"billDate >= DateAdd(m, -1, @WorkDate) and billDate <= DateAdd(d, 2, @WorkDate)","Order by 1, 2",0,V6,B57A-1-3,NULL
BHG_DR,1,pats,tbl_Bills,EST,B57B,1,3,1,SQL,2,SAMMS,Data Source=BHGDALLSQL05\SQL2016SAMMS;Connection Timeout=60;Integrated Security=True;Encrypt=False;Initial Catalog=SAMMS-Middletown;,SAMMS-Middletown,Select,2021-10-04,NULL,Middletown,1,1,dbo,tblBill,pats,tbl_Bills,"billDate >= DateAdd(m, -1, @WorkDate) and billDate <= DateAdd(d, 2, @WorkDate)","Order by 1, 2",0,V6,B57B-1-3,NULL
BHG_DR,1,pats,tbl_Bills,EST,B57C,1,3,1,SQL,2,SAMMS,Data Source=BHGDALLSQL05\SQL2016SAMMS;Connection Timeout=60;Integrated Security=True;Encrypt=False;Initial Catalog=SAMMS-Providence;,SAMMS-Providence,Select,2021-10-04,NULL,Providence,1,1,dbo,tblBill,pats,tbl_Bills,"billDate >= DateAdd(m, -1, @WorkDate) and billDate <= DateAdd(d, 2, @WorkDate)","Order by 1, 2",0,V6,B57C-1-3,NULL
BHG_DR,1,pats,tbl_Bills,EST,B57D,1,3,1,SQL,2,SAMMS,Data Source=BHGDALLSQL05\SQL2016SAMMS;Connection Timeout=60;Integrated Security=True;Encrypt=False;Initial Catalog=SAMMS-Westerly;,SAMMS-Westerly,Select,2021-10-04,NULL,Westerly,1,1,dbo,tblBill,pats,tbl_Bills,"billDate >= DateAdd(m, -1, @WorkDate) and billDate <= DateAdd(d, 2, @WorkDate)","Order by 1, 2",0,V6,B57D-1-3,NULL
BHG_DR,1,pats,tbl_Bills,EST,B66A,1,3,1,SQL,2,SAMMS,Data Source=BHGDALLSQL05\SQL2016SAMMS;Connection Timeout=60;Integrated Security=True;Encrypt=False;Initial Catalog=SAMMS-Bremen;,SAMMS-Bremen,Select,NULL,NULL,Bremen,1,1,dbo,tblBill,pats,tbl_Bills,"billDate >= DateAdd(m, -1, @WorkDate) and billDate <= DateAdd(d, 2, @WorkDate)","Order by 1, 2",0,V6,B66A-1-3,NULL
BHG_DR,1,pats,tbl_Bills,CST,B72,1,3,1,SQL,2,SAMMS,Data Source=BHGDALLSQL05\SQL2016SAMMS;Connection Timeout=60;Integrated Security=True;Encrypt=False;Initial Catalog=SAMMS-Mobile-OBOT;,SAMMS-Mobile-OBOT,Select,NULL,NULL,Mobile (OBOT),1,1,dbo,tblBill,pats,tbl_Bills,"billDate >= DateAdd(m, -1, @WorkDate) and billDate <= DateAdd(d, 2, @WorkDate)","Order by 1, 2",0,V6,B72-1-3,NULL
BHG_DR,1,pats,tbl_Bills,CST,B73,1,3,1,SQL,2,SAMMS,Data Source=BHGDALLSQL05\SQL2016SAMMS;Connection Timeout=60;Integrated Security=True;Encrypt=False;Initial Catalog=SAMMS-Montgomery;,SAMMS-Montgomery,Select,NULL,NULL,Montgomery,1,1,dbo,tblBill,pats,tbl_Bills,"billDate >= DateAdd(m, -1, @WorkDate) and billDate <= DateAdd(d, 2, @WorkDate)","Order by 1, 2",0,V6,B73-1-3,NULL
BHG_DR,1,pats,tbl_Bills,CST,B75,1,3,1,SQL,2,SAMMS,Data Source=BHGDALLSQL05\SQL2016SAMMS;Connection Timeout=60;Integrated Security=True;Encrypt=False;Initial Catalog=SAMMS-LawrenceV6;,SAMMS-LawrenceV6,Select,2021-11-09,NULL,Lawrence,1,0,dbo,tblBill,pats,tbl_Bills,"billDate >= DateAdd(m, -1, @WorkDate) and billDate <= DateAdd(d, 2, @WorkDate)","Order by 1, 2",0,V6,B75-1-3,NULL
BHG_DR,1,pats,tbl_Bills,CST,B76,1,3,1,SQL,2,SAMMS,Data Source=BHGDALLSQL05\SQL2016SAMMS;Connection Timeout=60;Integrated Security=True;Encrypt=False;Initial Catalog=SAMMS-Huntsville-OBOT;,SAMMS-Huntsville-OBOT,Select,NULL,NULL,Huntsville OBOT,1,0,dbo,tblBill,pats,tbl_Bills,"billDate >= DateAdd(m, -1, @WorkDate) and billDate <= DateAdd(d, 2, @WorkDate)","Order by 1, 2",0,V6,B76-1-3,NULL
BHG_DR,1,pats,tbl_Bills,CST,BAT,1,3,1,SQL,2,SAMMS,Data Source=BHGDALLSQL05\SQL2016SAMMS;Connection Timeout=60;Integrated Security=True;Encrypt=False;Initial Catalog=SAMMS-Batesville;,SAMMS-Batesville,Select,NULL,NULL,Batesville,1,1,dbo,tblBill,pats,tbl_Bills,"billDate >= DateAdd(m, -1, @WorkDate) and billDate <= DateAdd(d, 2, @WorkDate)","Order by 1, 2",0,V6,BAT-1-3,NULL
BHG_DR,1,pats,tbl_Bills,CST,BG,1,3,1,SQL,2,SAMMS,Data Source=BHGDALLSQL05\SQL2016SAMMS;Connection Timeout=60;Integrated Security=True;Encrypt=False;Initial Catalog=SAMMS-BowlingGreen;,SAMMS-BowlingGreen,Select,NULL,NULL,Bowling Green,1,1,dbo,tblBill,pats,tbl_Bills,"billDate >= DateAdd(m, -1, @WorkDate) and billDate <= DateAdd(d, 2, @WorkDate)","Order by 1, 2",0,V6,BG-1-3,NULL
BHG_DR,1,pats,tbl_Bills,MST,BOI,1,3,1,SQL,2,SAMMS,Data Source=BHGDALLSQL05\SQL2016SAMMS;Connection Timeout=60;Integrated Security=True;Encrypt=False;Initial Catalog=SAMMS-Boise;,SAMMS-Boise,Select,NULL,NULL,Boise,1,1,dbo,tblBill,pats,tbl_Bills,"billDate >= DateAdd(m, -1, @WorkDate) and billDate <= DateAdd(d, 2, @WorkDate)","Order by 1, 2",0,V6,BOI-1-3,NULL
BHG_DR,1,pats,tbl_Bills,MST,CBCO,1,3,1,SQL,2,SAMMS,Data Source=BHGDALLSQL05\SQL2016SAMMS;Connection Timeout=60;Integrated Security=True;Encrypt=False;Initial Catalog=SAMMS-CoeurdAleneV6;,SAMMS-CoeurdAleneV6,Select,NULL,NULL,Coeur d'Alene,1,1,dbo,tblBill,pats,tbl_Bills,"billDate >= DateAdd(m, -1, @WorkDate) and billDate <= DateAdd(d, 2, @WorkDate)","Order by 1, 2",0,V6,CBCO-1-3,NULL
BHG_DR,1,pats,tbl_Bills,CST,CON,1,3,1,SQL,2,SAMMS,Data Source=BHGDALLSQL05\SQL2016SAMMS;Connection Timeout=60;Integrated Security=True;Encrypt=False;Initial Catalog=SAMMS-Conway;,SAMMS-Conway,Select,NULL,NULL,Conway,1,1,dbo,tblBill,pats,tbl_Bills,"billDate >= DateAdd(m, -1, @WorkDate) and billDate <= DateAdd(d, 2, @WorkDate)","Order by 1, 2",0,V6,CON-1-3,NULL
BHG_DR,1,pats,tbl_Bills,EST,D07,1,3,1,SQL,2,SAMMS,Data Source=BHGDALLSQL05\SQL2016SAMMS;Connection Timeout=60;Integrated Security=True;Encrypt=False;Initial Catalog=SAMMS-KnoxvilleV6;,SAMMS-KnoxvilleV6,Select,NULL,NULL,Medical Services Knox TN,1,1,dbo,tblBill,pats,tbl_Bills,"billDate >= DateAdd(m, -1, @WorkDate) and billDate <= DateAdd(d, 2, @WorkDate)","Order by 1, 2",0,V6,D07-1-3,NULL
BHG_DR,1,pats,tbl_Bills,EST,D08,1,3,1,SQL,2,SAMMS,Data Source=BHGDALLSQL05\SQL2016SAMMS;Connection Timeout=60;Integrated Security=True;Encrypt=False;Initial Catalog=SAMMS-MadisonV6;,SAMMS-MadisonV6,Select,NULL,NULL,Madison,1,1,dbo,tblBill,pats,tbl_Bills,"billDate >= DateAdd(m, -1, @WorkDate) and billDate <= DateAdd(d, 2, @WorkDate)","Order by 1, 2",0,V6,D08-1-3,NULL
BHG_DR,1,pats,tbl_Bills,EST,D09,1,3,1,SQL,2,SAMMS,Data Source=BHGDALLSQL05\SQL2016SAMMS;Connection Timeout=60;Integrated Security=True;Encrypt=False;Initial Catalog=SAMMS-MurfreesboroV6;,SAMMS-MurfreesboroV6,Select,NULL,NULL,Murfreesboro,1,1,dbo,tblBill,pats,tbl_Bills,"billDate >= DateAdd(m, -1, @WorkDate) and billDate <= DateAdd(d, 2, @WorkDate)","Order by 1, 2",0,V6,D09-1-3,NULL
BHG_DR,1,pats,tbl_Bills,CST,DA,1,3,1,SQL,2,SAMMS,Data Source=BHGDALLSQL05\SQL2016SAMMS;Connection Timeout=60;Integrated Security=True;Encrypt=False;Initial Catalog=SAMMS-Davenport;,SAMMS-Davenport,Select,NULL,NULL,Davenport,1,1,dbo,tblBill,pats,tbl_Bills,"billDate >= DateAdd(m, -1, @WorkDate) and billDate <= DateAdd(d, 2, @WorkDate)","Order by 1, 2",0,V6,DA-1-3,NULL
BHG_DR,1,pats,tbl_Bills,CST,DM,1,3,1,SQL,2,SAMMS,Data Source=BHGDALLSQL05\SQL2016SAMMS;Connection Timeout=60;Integrated Security=True;Encrypt=False;Initial Catalog=SAMMS-DesMoines;,SAMMS-DesMoines,Select,NULL,NULL,Des Moines,1,1,dbo,tblBill,pats,tbl_Bills,"billDate >= DateAdd(m, -1, @WorkDate) and billDate <= DateAdd(d, 2, @WorkDate)","Order by 1, 2",0,V6,DM-1-3,NULL
BHG_DR,1,pats,tbl_Bills,CST,DRD-CO,1,3,1,SQL,2,SAMMS,Data Source=BHGDALLSQL05\SQL2016SAMMS;Connection Timeout=60;Integrated Security=True;Encrypt=False;Initial Catalog=SAMMS-ColumbiaV5;,SAMMS-ColumbiaV5,Select,NULL,NULL,Columbia MO,1,0,dbo,tblBill,pats,tbl_Bills,"billDate >= DateAdd(m, -1, @WorkDate) and billDate <= DateAdd(d, 2, @WorkDate)","Order by 1, 2",0,V6,DRD-CO-1-3,NULL
BHG_DR,1,pats,tbl_Bills,CST,DRD-KC,1,3,1,SQL,2,SAMMS,Data Source=BHGDALLSQL05\SQL2016SAMMS;Connection Timeout=60;Integrated Security=True;Encrypt=False;Initial Catalog=SAMMS-KCv5;,SAMMS-KCv5,Select,NULL,NULL,KC,1,0,dbo,tblBill,pats,tbl_Bills,"billDate >= DateAdd(m, -1, @WorkDate) and billDate <= DateAdd(d, 2, @WorkDate)","Order by 1, 2",0,V6,DRD-KC-1-3,NULL
BHG_DR,1,pats,tbl_Bills,EST,DRD-KVB,1,3,1,SQL,2,SAMMS,Data Source=BHGDALLSQL05\SQL2016SAMMS;Connection Timeout=60;Integrated Security=True;Encrypt=False;Initial Catalog=SAMMS-KVBv5;,SAMMS-KVBv5,Select,NULL,NULL,KVB,1,0,dbo,tblBill,pats,tbl_Bills,"billDate >= DateAdd(m, -1, @WorkDate) and billDate <= DateAdd(d, 2, @WorkDate)","Order by 1, 2",0,V6,DRD-KVB-1-3,NULL
BHG_DR,1,pats,tbl_Bills,EST,DRD-KVC,1,3,1,SQL,2,SAMMS,Data Source=BHGDALLSQL05\SQL2016SAMMS;Connection Timeout=60;Integrated Security=True;Encrypt=False;Initial Catalog=SAMMS-KVCv5;,SAMMS-KVCv5,Select,NULL,NULL,KVC,1,0,dbo,tblBill,pats,tbl_Bills,"billDate >= DateAdd(m, -1, @WorkDate) and billDate <= DateAdd(d, 2, @WorkDate)","Order by 1, 2",0,V6,DRD-KVC-1-3,NULL
BHG_DR,1,pats,tbl_Bills,CST,DRD-NOLA,1,3,1,SQL,2,SAMMS,Data Source=BHGDALLSQL05\SQL2016SAMMS;Connection Timeout=60;Integrated Security=True;Encrypt=False;Initial Catalog=SAMMS-NOLAv5;,SAMMS-NOLAv5,Select,1985-01-01,NULL,NOLA,1,1,dbo,tblBill,pats,tbl_Bills,"billDate >= DateAdd(m, -1, @WorkDate) and billDate <= DateAdd(d, 2, @WorkDate)","Order by 1, 2",0,V6,DRD-NOLA-1-3,NULL
BHG_DR,1,pats,tbl_Bills,CST,DRD-SF,1,3,1,SQL,2,SAMMS,Data Source=BHGDALLSQL05\SQL2016SAMMS;Connection Timeout=60;Integrated Security=True;Encrypt=False;Initial Catalog=SAMMS-SFv5;,SAMMS-SFv5,Select,NULL,NULL,Springfield,1,0,dbo,tblBill,pats,tbl_Bills,"billDate >= DateAdd(m, -1, @WorkDate) and billDate <= DateAdd(d, 2, @WorkDate)","Order by 1, 2",0,V6,DRD-SF-1-3,NULL
BHG_DR,1,pats,tbl_Bills,EST,ELC,1,3,1,SQL,2,SAMMS,Data Source=BHGDALLSQL05\SQL2016SAMMS;Connection Timeout=60;Integrated Security=True;Encrypt=False;Initial Catalog=SAMMS-ElizabethCity ;,"SAMMS-ElizabethCity ",Select,NULL,NULL,Elizabeth City,1,1,dbo,tblBill,pats,tbl_Bills,"billDate >= DateAdd(m, -1, @WorkDate) and billDate <= DateAdd(d, 2, @WorkDate)","Order by 1, 2",0,V6,ELC-1-3,NULL
BHG_DR,1,pats,tbl_Bills,CST,ET,1,3,1,SQL,2,SAMMS,Data Source=BHGDALLSQL05\SQL2016SAMMS;Connection Timeout=60;Integrated Security=True;Encrypt=False;Initial Catalog=SAMMS-Elizabethtown;,SAMMS-Elizabethtown,Select,NULL,NULL,Elizabethtown,1,1,dbo,tblBill,pats,tbl_Bills,"billDate >= DateAdd(m, -1, @WorkDate) and billDate <= DateAdd(d, 2, @WorkDate)","Order by 1, 2",0,V6,ET-1-3,NULL
BHG_DR,1,pats,tbl_Bills,CST,FAY,1,3,1,SQL,2,SAMMS,Data Source=BHGDALLSQL05\SQL2016SAMMS;Connection Timeout=60;Integrated Security=True;Encrypt=False;Initial Catalog=SAMMS-Fayetteville;,SAMMS-Fayetteville,Select,2019-08-15,NULL,Fayetteville,1,1,dbo,tblBill,pats,tbl_Bills,"billDate >= DateAdd(m, -1, @WorkDate) and billDate <= DateAdd(d, 2, @WorkDate)","Order by 1, 2",0,V6,FAY-1-3,NULL
BHG_DR,1,pats,tbl_Bills,CST,FR,1,3,1,SQL,2,SAMMS,Data Source=BHGDALLSQL05\SQL2016SAMMS;Connection Timeout=60;Integrated Security=True;Encrypt=False;Initial Catalog=SAMMS-Frankfort;,SAMMS-Frankfort,Select,NULL,NULL,Frankfort,1,1,dbo,tblBill,pats,tbl_Bills,"billDate >= DateAdd(m, -1, @WorkDate) and billDate <= DateAdd(d, 2, @WorkDate)","Order by 1, 2",0,V6,FR-1-3,NULL
BHG_DR,1,pats,tbl_Bills,CST,FS,1,3,1,SQL,2,SAMMS,Data Source=BHGDALLSQL05\SQL2016SAMMS;Connection Timeout=60;Integrated Security=True;Encrypt=False;Initial Catalog=SAMMS-FortSmith;,SAMMS-FortSmith,Select,2019-08-15,NULL,Fort Smith,1,1,dbo,tblBill,pats,tbl_Bills,"billDate >= DateAdd(m, -1, @WorkDate) and billDate <= DateAdd(d, 2, @WorkDate)","Order by 1, 2",0,V6,FS-1-3,NULL
BHG_DR,1,pats,tbl_Bills,EST,FW,1,3,1,SQL,2,SAMMS,Data Source=BHGDALLSQL05\SQL2016SAMMS;Connection Timeout=60;Integrated Security=True;Encrypt=False;Initial Catalog=SAMMS-FortWayne;,SAMMS-FortWayne,Select,NULL,NULL,Fort Wayne,1,1,dbo,tblBill,pats,tbl_Bills,"billDate >= DateAdd(m, -1, @WorkDate) and billDate <= DateAdd(d, 2, @WorkDate)","Order by 1, 2",0,V6,FW-1-3,NULL
BHG_DR,1,pats,tbl_Bills,EST,GAL,1,3,1,SQL,2,SAMMS,Data Source=BHGDALLSQL05\SQL2016SAMMS;Connection Timeout=60;Integrated Security=True;Encrypt=False;Initial Catalog=SAMMS-Gaylord ;,"SAMMS-Gaylord ",Select,NULL,NULL,Gaylord,1,1,dbo,tblBill,pats,tbl_Bills,"billDate >= DateAdd(m, -1, @WorkDate) and billDate <= DateAdd(d, 2, @WorkDate)","Order by 1, 2",0,V6,GAL-1-3,NULL
BHG_DR,1,pats,tbl_Bills,EST,GRC,1,3,1,SQL,2,SAMMS,Data Source=BHGDALLSQL05\SQL2016SAMMS;Connection Timeout=60;Integrated Security=True;Encrypt=False;Initial Catalog=SAMMS-GreenfieldV5;,SAMMS-GreenfieldV5,Select,2018-12-05,NULL,Greenfield,0,0,dbo,tblBill,pats,tbl_Bills,"billDate >= DateAdd(m, -1, @WorkDate) and billDate <= DateAdd(d, 2, @WorkDate)","Order by 1, 2",0,V6,GRC-1-3,NULL
BHG_DR,1,pats,tbl_Bills,EST,HGT,1,3,1,SQL,2,SAMMS,Data Source=BHGDALLSQL05\SQL2016SAMMS;Connection Timeout=60;Integrated Security=True;Encrypt=False;Initial Catalog=SAMMS-Hagerstown;,SAMMS-Hagerstown,Select,NULL,NULL,Hagerstown,1,0,dbo,tblBill,pats,tbl_Bills,"billDate >= DateAdd(m, -1, @WorkDate) and billDate <= DateAdd(d, 2, @WorkDate)","Order by 1, 2",0,V6,HGT-1-3,NULL
BHG_DR,1,pats,tbl_Bills,CST,HNT,1,3,1,SQL,2,SAMMS,Data Source=BHGDALLSQL05\SQL2016SAMMS;Connection Timeout=60;Integrated Security=True;Encrypt=False;Initial Catalog=SAMMS-Huntsville;,SAMMS-Huntsville,Select,NULL,NULL,Huntsville,1,1,dbo,tblBill,pats,tbl_Bills,"billDate >= DateAdd(m, -1, @WorkDate) and billDate <= DateAdd(d, 2, @WorkDate)","Order by 1, 2",0,V6,HNT-1-3,NULL
BHG_DR,1,pats,tbl_Bills,CST,HS,1,3,1,SQL,2,SAMMS,Data Source=BHGDALLSQL05\SQL2016SAMMS;Connection Timeout=60;Integrated Security=True;Encrypt=False;Initial Catalog=SAMMS-HotSprings;,SAMMS-HotSprings,Select,2019-08-15,NULL,Hot Springs,1,1,dbo,tblBill,pats,tbl_Bills,"billDate >= DateAdd(m, -1, @WorkDate) and billDate <= DateAdd(d, 2, @WorkDate)","Order by 1, 2",0,V6,HS-1-3,NULL
BHG_DR,1,pats,tbl_Bills,CST,JON,1,3,1,SQL,2,SAMMS,Data Source=BHGDALLSQL05\SQL2016SAMMS;Connection Timeout=60;Integrated Security=True;Encrypt=False;Initial Catalog=SAMMS-Jonesboro;,SAMMS-Jonesboro,Select,NULL,NULL,Jonesboro,1,1,dbo,tblBill,pats,tbl_Bills,"billDate >= DateAdd(m, -1, @WorkDate) and billDate <= DateAdd(d, 2, @WorkDate)","Order by 1, 2",0,V6,JON-1-3,NULL
BHG_DR,1,pats,tbl_Bills,EST,Lab,1,3,1,SQL,2,SAMMS,Data Source=BHGDALLSQL05\SQL2016SAMMS;Connection Timeout=60;Integrated Security=True;Encrypt=False;Initial Catalog=SAMMS-LabV5-V2;,SAMMS-LabV5-V2,Select,NULL,NULL,Reference Lab,1,0,dbo,tblBill,pats,tbl_Bills,"billDate >= DateAdd(m, -1, @WorkDate) and billDate <= DateAdd(d, 2, @WorkDate)","Order by 1, 2",0,V6,Lab-1-3,NULL
BHG_DR,1,pats,tbl_Bills,EST,LAN,1,3,1,SQL,2,SAMMS,Data Source=BHGDALLSQL05\SQL2016SAMMS;Connection Timeout=60;Integrated Security=True;Encrypt=False;Initial Catalog=SAMMS-Lansing ;,"SAMMS-Lansing ",Select,NULL,NULL,Lansing,1,1,dbo,tblBill,pats,tbl_Bills,"billDate >= DateAdd(m, -1, @WorkDate) and billDate <= DateAdd(d, 2, @WorkDate)","Order by 1, 2",0,V6,LAN-1-3,NULL
BHG_DR,1,pats,tbl_Bills,CST,LO,1,3,1,SQL,2,SAMMS,Data Source=BHGDALLSQL05\SQL2016SAMMS;Connection Timeout=60;Integrated Security=True;Encrypt=False;Initial Catalog=SAMMS-Louisville;,SAMMS-Louisville,Select,NULL,NULL,Louisville,1,1,dbo,tblBill,pats,tbl_Bills,"billDate >= DateAdd(m, -1, @WorkDate) and billDate <= DateAdd(d, 2, @WorkDate)","Order by 1, 2",0,V6,LO-1-3,NULL
BHG_DR,1,pats,tbl_Bills,PST,LV1,1,3,1,SQL,2,SAMMS,Data Source=BHGDALLSQL05\SQL2016SAMMS;Connection Timeout=60;Integrated Security=True;Encrypt=False;Initial Catalog=SAMMS-Cheyenne;,SAMMS-Cheyenne,Select,NULL,NULL,Cheyenne,1,1,dbo,tblBill,pats,tbl_Bills,"billDate >= DateAdd(m, -1, @WorkDate) and billDate <= DateAdd(d, 2, @WorkDate)","Order by 1, 2",0,V6,LV1-1-3,NULL
BHG_DR,1,pats,tbl_Bills,PST,LV2,1,3,1,SQL,2,SAMMS,Data Source=BHGDALLSQL05\SQL2016SAMMS;Connection Timeout=60;Integrated Security=True;Encrypt=False;Initial Catalog=SAMMS-DesertInn;,SAMMS-DesertInn,Select,NULL,NULL,Desert Inn,1,1,dbo,tblBill,pats,tbl_Bills,"billDate >= DateAdd(m, -1, @WorkDate) and billDate <= DateAdd(d, 2, @WorkDate)","Order by 1, 2",0,V6,LV2-1-3,NULL
BHG_DR,1,pats,tbl_Bills,PST,LV3,1,3,1,SQL,2,SAMMS,Data Source=BHGDALLSQL05\SQL2016SAMMS;Connection Timeout=60;Integrated Security=True;Encrypt=False;Initial Catalog=SAMMS-McDaniel;,SAMMS-McDaniel,Select,NULL,NULL,McDaniel,1,1,dbo,tblBill,pats,tbl_Bills,"billDate >= DateAdd(m, -1, @WorkDate) and billDate <= DateAdd(d, 2, @WorkDate)","Order by 1, 2",0,V6,LV3-1-3,NULL
BHG_DR,1,pats,tbl_Bills,CST,MNRE,1,3,1,SQL,2,SAMMS,Data Source=BHGDALLSQL05\SQL2016SAMMS;Connection Timeout=60;Integrated Security=True;Encrypt=False;Initial Catalog=SAMMS-Monroe;,SAMMS-Monroe,Select,NULL,NULL,Monroe,1,1,dbo,tblBill,pats,tbl_Bills,"billDate >= DateAdd(m, -1, @WorkDate) and billDate <= DateAdd(d, 2, @WorkDate)","Order by 1, 2",0,V6,MNRE-1-3,NULL
BHG_DR,1,pats,tbl_Bills,EST,MP,1,3,1,SQL,2,SAMMS,Data Source=BHGDALLSQL05\SQL2016SAMMS;Connection Timeout=60;Integrated Security=True;Encrypt=False;Initial Catalog=SAMMS-MtPleasant ;,"SAMMS-MtPleasant ",Select,NULL,NULL,Mt. Pleasant,1,1,dbo,tblBill,pats,tbl_Bills,"billDate >= DateAdd(m, -1, @WorkDate) and billDate <= DateAdd(d, 2, @WorkDate)","Order by 1, 2",0,V6,MP-1-3,NULL
BHG_DR,1,pats,tbl_Bills,MST,MRD,1,3,1,SQL,2,SAMMS,Data Source=BHGDALLSQL05\SQL2016SAMMS;Connection Timeout=60;Integrated Security=True;Encrypt=False;Initial Catalog=SAMMS-Meridian;,SAMMS-Meridian,Select,NULL,NULL,Meridian,1,1,dbo,tblBill,pats,tbl_Bills,"billDate >= DateAdd(m, -1, @WorkDate) and billDate <= DateAdd(d, 2, @WorkDate)","Order by 1, 2",0,V6,MRD-1-3,NULL
BHG_DR,1,pats,tbl_Bills,EST,NC,1,3,1,SQL,2,SAMMS,Data Source=BHGDALLSQL05\SQL2016SAMMS;Connection Timeout=60;Integrated Security=True;Encrypt=False;Initial Catalog=SAMMS-NorthCharleston;,SAMMS-NorthCharleston,Select,NULL,NULL,North Charleston,1,1,dbo,tblBill,pats,tbl_Bills,"billDate >= DateAdd(m, -1, @WorkDate) and billDate <= DateAdd(d, 2, @WorkDate)","Order by 1, 2",0,V6,NC-1-3,NULL
BHG_DR,1,pats,tbl_Bills,CST,NLR,1,3,1,SQL,2,SAMMS,Data Source=BHGDALLSQL05\SQL2016SAMMS;Connection Timeout=60;Integrated Security=True;Encrypt=False;Initial Catalog=SAMMS-NLROBOT;,SAMMS-NLROBOT,Select,2019-08-15,NULL,N. Little Rock,1,1,dbo,tblBill,pats,tbl_Bills,"billDate >= DateAdd(m, -1, @WorkDate) and billDate <= DateAdd(d, 2, @WorkDate)","Order by 1, 2",0,V6,NLR-1-3,NULL
BHG_DR,1,pats,tbl_Bills,MST,PH,1,3,1,SQL,2,SAMMS,Data Source=BHGDALLSQL05\SQL2016SAMMS;Connection Timeout=60;Integrated Security=True;Encrypt=False;Initial Catalog=SAMMS-Phoenix;,SAMMS-Phoenix,Select,NULL,NULL,Phoenix,1,1,dbo,tblBill,pats,tbl_Bills,"billDate >= DateAdd(m, -1, @WorkDate) and billDate <= DateAdd(d, 2, @WorkDate)","Order by 1, 2",0,V6,PH-1-3,NULL
BHG_DR,1,pats,tbl_Bills,PST,RE,1,3,1,SQL,2,SAMMS,Data Source=BHGDALLSQL05\SQL2016SAMMS;Connection Timeout=60;Integrated Security=True;Encrypt=False;Initial Catalog=SAMMS-Reno;,SAMMS-Reno,Select,NULL,NULL,Reno,1,1,dbo,tblBill,pats,tbl_Bills,"billDate >= DateAdd(m, -1, @WorkDate) and billDate <= DateAdd(d, 2, @WorkDate)","Order by 1, 2",0,V6,RE-1-3,NULL
BHG_DR,1,pats,tbl_Bills,CST,RMD,1,3,1,SQL,2,SAMMS,Data Source=BHGDALLSQL05\SQL2016SAMMS;Connection Timeout=60;Integrated Security=True;Encrypt=False;Initial Catalog=SAMMS-Richmond;,SAMMS-Richmond,Select,NULL,NULL,Richmond,1,1,dbo,tblBill,pats,tbl_Bills,"billDate >= DateAdd(m, -1, @WorkDate) and billDate <= DateAdd(d, 2, @WorkDate)","Order by 1, 2",0,V6,RMD-1-3,NULL
BHG_DR,1,pats,tbl_Bills,CST,SFN,1,3,1,SQL,2,SAMMS,Data Source=BHGDALLSQL05\SQL2016SAMMS;Connection Timeout=60;Integrated Security=True;Encrypt=False;Initial Catalog=SAMMS-SFNv5;,SAMMS-SFNv5,Select,NULL,NULL,Springfield North,1,0,dbo,tblBill,pats,tbl_Bills,"billDate >= DateAdd(m, -1, @WorkDate) and billDate <= DateAdd(d, 2, @WorkDate)","Order by 1, 2",0,V6,SFN-1-3,NULL
BHG_DR,1,pats,tbl_Bills,CST,SHP,1,3,1,SQL,2,SAMMS,Data Source=BHGDALLSQL05\SQL2016SAMMS;Connection Timeout=60;Integrated Security=True;Encrypt=False;Initial Catalog=SAMMS-Shreveport;,SAMMS-Shreveport,Select,NULL,NULL,Shreveport,1,1,dbo,tblBill,pats,tbl_Bills,"billDate >= DateAdd(m, -1, @WorkDate) and billDate <= DateAdd(d, 2, @WorkDate)","Order by 1, 2",0,V6,SHP-1-3,NULL
BHG_DR,1,pats,tbl_Bills,EST,STN,1,3,1,SQL,2,SAMMS,Data Source=BHGDALLSQL05\SQL2016SAMMS;Connection Timeout=60;Integrated Security=True;Encrypt=False;Initial Catalog=SAMMS-Staunton;,SAMMS-Staunton,Select,NULL,NULL,Staunton,1,1,dbo,tblBill,pats,tbl_Bills,"billDate >= DateAdd(m, -1, @WorkDate) and billDate <= DateAdd(d, 2, @WorkDate)","Order by 1, 2",0,V6,STN-1-3,NULL
BHG_DR,1,pats,tbl_Bills,CST,STVN,1,3,1,SQL,2,SAMMS,Data Source=BHGDALLSQL05\SQL2016SAMMS;Connection Timeout=60;Integrated Security=True;Encrypt=False;Initial Catalog=SAMMS-Stevenson;,SAMMS-Stevenson,Select,NULL,NULL,Stevenson,1,1,dbo,tblBill,pats,tbl_Bills,"billDate >= DateAdd(m, -1, @WorkDate) and billDate <= DateAdd(d, 2, @WorkDate)","Order by 1, 2",0,V6,STVN-1-3,NULL
BHG_DR,1,pats,tbl_Bills,MST,TE,1,3,1,SQL,2,SAMMS,Data Source=BHGDALLSQL05\SQL2016SAMMS;Connection Timeout=60;Integrated Security=True;Encrypt=False;Initial Catalog=SAMMS-Tempe;,SAMMS-Tempe,Select,NULL,NULL,Tempe,1,1,dbo,tblBill,pats,tbl_Bills,"billDate >= DateAdd(m, -1, @WorkDate) and billDate <= DateAdd(d, 2, @WorkDate)","Order by 1, 2",0,V6,TE-1-3,NULL
BHG_DR,1,pats,tbl_Bills,CST,TEX,1,3,1,SQL,2,SAMMS,Data Source=BHGDALLSQL05\SQL2016SAMMS;Connection Timeout=60;Integrated Security=True;Encrypt=False;Initial Catalog=SAMMS-Texarkana;,SAMMS-Texarkana,Select,NULL,NULL,Texarkana,1,1,dbo,tblBill,pats,tbl_Bills,"billDate >= DateAdd(m, -1, @WorkDate) and billDate <= DateAdd(d, 2, @WorkDate)","Order by 1, 2",0,V6,TEX-1-3,NULL
BHG_DR,1,pats,tbl_Bills,CST,TTCA,1,3,1,SQL,2,SAMMS,Data Source=BHGDALLSQL05\SQL2016SAMMS;Connection Timeout=60;Integrated Security=True;Encrypt=False;Initial Catalog=SAMMS-BessemerV5;,SAMMS-BessemerV5,Select,2018-09-24,NULL,Bessemer,1,0,dbo,tblBill,pats,tbl_Bills,"billDate >= DateAdd(m, -1, @WorkDate) and billDate <= DateAdd(d, 2, @WorkDate)","Order by 1, 2",0,V6,TTCA-1-3,NULL
BHG_DR,1,pats,tbl_Bills,CST,TTCB,1,3,1,SQL,2,SAMMS,Data Source=BHGDALLSQL05\SQL2016SAMMS;Connection Timeout=60;Integrated Security=True;Encrypt=False;Initial Catalog=SAMMS-CullmanV5;,SAMMS-CullmanV5,Select,2019-02-26,NULL,Cullman,1,0,dbo,tblBill,pats,tbl_Bills,"billDate >= DateAdd(m, -1, @WorkDate) and billDate <= DateAdd(d, 2, @WorkDate)","Order by 1, 2",0,V6,TTCB-1-3,NULL
BHG_DR,1,pats,tbl_Bills,CST,TTCC,1,3,1,SQL,2,SAMMS,Data Source=BHGDALLSQL05\SQL2016SAMMS;Connection Timeout=60;Integrated Security=True;Encrypt=False;Initial Catalog=SAMMS-GrandBay;,SAMMS-GrandBay,Select,2019-12-31,NULL,Grand Bay,1,1,dbo,tblBill,pats,tbl_Bills,"billDate >= DateAdd(m, -1, @WorkDate) and billDate <= DateAdd(d, 2, @WorkDate)","Order by 1, 2",0,V6,TTCC-1-3,NULL
BHG_DR,1,pats,tbl_Bills,MST,TU,1,3,1,SQL,2,SAMMS,Data Source=BHGDALLSQL05\SQL2016SAMMS;Connection Timeout=60;Integrated Security=True;Encrypt=False;Initial Catalog=SAMMS-Tucson;,SAMMS-Tucson,Select,NULL,NULL,Tucson,1,1,dbo,tblBill,pats,tbl_Bills,"billDate >= DateAdd(m, -1, @WorkDate) and billDate <= DateAdd(d, 2, @WorkDate)","Order by 1, 2",0,V6,TU-1-3,NULL
BHG_DR,1,pats,tbl_Bills,EST,V1,1,3,1,SQL,2,SAMMS,Data Source=BHGDALLSQL05\SQL2016SAMMS;Connection Timeout=60;Integrated Security=True;Encrypt=False;Initial Catalog=SAMMS-VCPHCS-I-MemphisV5;,SAMMS-VCPHCS-I-MemphisV5,Select,NULL,NULL,Memphis South,1,0,dbo,tblBill,pats,tbl_Bills,"billDate >= DateAdd(m, -1, @WorkDate) and billDate <= DateAdd(d, 2, @WorkDate)","Order by 1, 2",0,V6,V1-1-3,NULL
BHG_DR,1,pats,tbl_Bills,MST,V10,1,3,1,SQL,2,SAMMS,Data Source=BHGDALLSQL05\SQL2016SAMMS;Connection Timeout=60;Integrated Security=True;Encrypt=False;Initial Catalog=SAMMS-BoulderV5;,SAMMS-BoulderV5,Select,NULL,NULL,Longmont,1,1,dbo,tblBill,pats,tbl_Bills,"billDate >= DateAdd(m, -1, @WorkDate) and billDate <= DateAdd(d, 2, @WorkDate)","Order by 1, 2",0,V6,V10-1-3,NULL
BHG_DR,1,pats,tbl_Bills,MST,V10A,1,3,1,SQL,2,SAMMS,Data Source=BHGDALLSQL05\SQL2016SAMMS;Connection Timeout=60;Integrated Security=True;Encrypt=False;Initial Catalog=SAMMS-FortCollinsV5;,SAMMS-FortCollinsV5,Select,NULL,NULL,Fort Collins,1,1,dbo,tblBill,pats,tbl_Bills,"billDate >= DateAdd(m, -1, @WorkDate) and billDate <= DateAdd(d, 2, @WorkDate)","Order by 1, 2",0,V6,V10A-1-3,NULL
BHG_DR,1,pats,tbl_Bills,MST,V11,1,3,1,SQL,2,SAMMS,Data Source=BHGDALLSQL05\SQL2016SAMMS;Connection Timeout=60;Integrated Security=True;Encrypt=False;Initial Catalog=SAMMS-VCPHCS-XI-NorthDenverV5;,SAMMS-VCPHCS-XI-NorthDenverV5,Select,NULL,NULL,Westminster,1,1,dbo,tblBill,pats,tbl_Bills,"billDate >= DateAdd(m, -1, @WorkDate) and billDate <= DateAdd(d, 2, @WorkDate)","Order by 1, 2",0,V6,V11-1-3,NULL
BHG_DR,1,pats,tbl_Bills,MST,V12,1,3,1,SQL,2,SAMMS,Data Source=BHGDALLSQL05\SQL2016SAMMS;Connection Timeout=60;Integrated Security=True;Encrypt=False;Initial Catalog=SAMMS-VCPHCS-XII-DowntownDenverV5;,SAMMS-VCPHCS-XII-DowntownDenverV5,Select,NULL,NULL,Downtown Denver,1,1,dbo,tblBill,pats,tbl_Bills,"billDate >= DateAdd(m, -1, @WorkDate) and billDate <= DateAdd(d, 2, @WorkDate)","Order by 1, 2",0,V6,V12-1-3,NULL
BHG_DR,1,pats,tbl_Bills,MST,V12A,1,3,1,SQL,2,SAMMS,Data Source=BHGDALLSQL05\SQL2016SAMMS;Connection Timeout=60;Integrated Security=True;Encrypt=False;Initial Catalog=SAMMS-CentennialV5;,SAMMS-CentennialV5,Select,NULL,NULL,Centennial,1,1,dbo,tblBill,pats,tbl_Bills,"billDate >= DateAdd(m, -1, @WorkDate) and billDate <= DateAdd(d, 2, @WorkDate)","Order by 1, 2",0,V6,V12A-1-3,NULL
BHG_DR,1,pats,tbl_Bills,CST,V14,1,3,1,SQL,2,SAMMS,Data Source=BHGDALLSQL05\SQL2016SAMMS;Connection Timeout=60;Integrated Security=True;Encrypt=False;Initial Catalog=SAMMS-VCPHCS-XIV-BridgewayV5;,SAMMS-VCPHCS-XIV-BridgewayV5,Select,NULL,NULL,Overland Park,1,0,dbo,tblBill,pats,tbl_Bills,"billDate >= DateAdd(m, -1, @WorkDate) and billDate <= DateAdd(d, 2, @WorkDate)","Order by 1, 2",0,V6,V14-1-3,NULL
BHG_DR,1,pats,tbl_Bills,CST,V15,1,3,1,SQL,2,SAMMS,Data Source=BHGDALLSQL05\SQL2016SAMMS;Connection Timeout=60;Integrated Security=True;Encrypt=False;Initial Catalog=SAMMS-JoplinV5;,SAMMS-JoplinV5,Select,NULL,NULL,Joplin,1,0,dbo,tblBill,pats,tbl_Bills,"billDate >= DateAdd(m, -1, @WorkDate) and billDate <= DateAdd(d, 2, @WorkDate)","Order by 1, 2",0,V6,V15-1-3,NULL
BHG_DR,1,pats,tbl_Bills,EST,V17,1,3,1,SQL,2,SAMMS,Data Source=BHGDALLSQL05\SQL2016SAMMS;Connection Timeout=60;Integrated Security=True;Encrypt=False;Initial Catalog=SAMMS-ColumbiaTNv5;,SAMMS-ColumbiaTNv5,Select,NULL,NULL,Columbia TN,1,0,dbo,tblBill,pats,tbl_Bills,"billDate >= DateAdd(m, -1, @WorkDate) and billDate <= DateAdd(d, 2, @WorkDate)","Order by 1, 2",0,V6,V17-1-3,NULL
BHG_DR,1,pats,tbl_Bills,EST,V19,1,3,1,SQL,2,SAMMS,Data Source=BHGDALLSQL05\SQL2016SAMMS;Connection Timeout=60;Integrated Security=True;Encrypt=False;Initial Catalog=SAMMS-JacksonV5;,SAMMS-JacksonV5,Select,NULL,NULL,Jackson,1,0,dbo,tblBill,pats,tbl_Bills,"billDate >= DateAdd(m, -1, @WorkDate) and billDate <= DateAdd(d, 2, @WorkDate)","Order by 1, 2",0,V6,V19-1-3,NULL
BHG_DR,1,pats,tbl_Bills,EST,V20,1,3,1,SQL,2,SAMMS,Data Source=BHGDALLSQL05\SQL2016SAMMS;Connection Timeout=60;Integrated Security=True;Encrypt=False;Initial Catalog=SAMMS-ParisV5;,SAMMS-ParisV5,Select,NULL,NULL,Paris,1,0,dbo,tblBill,pats,tbl_Bills,"billDate >= DateAdd(m, -1, @WorkDate) and billDate <= DateAdd(d, 2, @WorkDate)","Order by 1, 2",0,V6,V20-1-3,NULL
BHG_DR,1,pats,tbl_Bills,EST,V21,1,3,1,SQL,2,SAMMS,Data Source=BHGDALLSQL05\SQL2016SAMMS;Connection Timeout=60;Integrated Security=True;Encrypt=False;Initial Catalog=SAMMS-RaleighV5;,SAMMS-RaleighV5,Select,NULL,NULL,Memphis North,1,0,dbo,tblBill,pats,tbl_Bills,"billDate >= DateAdd(m, -1, @WorkDate) and billDate <= DateAdd(d, 2, @WorkDate)","Order by 1, 2",0,V6,V21-1-3,NULL
BHG_DR,1,pats,tbl_Bills,CST,V5,1,3,1,SQL,2,SAMMS,Data Source=BHGDALLSQL05\SQL2016SAMMS;Connection Timeout=60;Integrated Security=True;Encrypt=False;Initial Catalog=SAMMS-NONTCv5;,SAMMS-NONTCv5,Select,NULL,NULL,West Bank,1,1,dbo,tblBill,pats,tbl_Bills,"billDate >= DateAdd(m, -1, @WorkDate) and billDate <= DateAdd(d, 2, @WorkDate)","Order by 1, 2",0,V6,V5-1-3,NULL
BHG_DR,1,pats,tbl_Bills,CST,V5B,1,3,1,SQL,2,SAMMS,Data Source=BHGDALLSQL05\SQL2016SAMMS;Connection Timeout=60;Integrated Security=True;Encrypt=False;Initial Catalog=SAMMS-HoumaV6;,SAMMS-HoumaV6,Select,NULL,NULL,Houma,1,0,dbo,tblBill,pats,tbl_Bills,"billDate >= DateAdd(m, -1, @WorkDate) and billDate <= DateAdd(d, 2, @WorkDate)","Order by 1, 2",0,v6,V5B-1-3,NULL
BHG_DR,1,pats,tbl_Bills,CST,V6,1,3,1,SQL,2,SAMMS,Data Source=BHGDALLSQL05\SQL2016SAMMS;Connection Timeout=60;Integrated Security=True;Encrypt=False;Initial Catalog=SAMMS-LCv5;,SAMMS-LCv5,Select,NULL,NULL,Lake Charles,1,1,dbo,tblBill,pats,tbl_Bills,"billDate >= DateAdd(m, -1, @WorkDate) and billDate <= DateAdd(d, 2, @WorkDate)","Order by 1, 2",0,V6,V6-1-3,NULL
BHG_DR,1,pats,tbl_Bills,EST,V8,1,3,1,SQL,2,SAMMS,Data Source=BHGDALLSQL05\SQL2016SAMMS;Connection Timeout=60;Integrated Security=True;Encrypt=False;Initial Catalog=SAMMS-VCPHCS-VIII-MemphisV5;,SAMMS-VCPHCS-VIII-MemphisV5,Select,NULL,NULL,Memphis Midtown,1,0,dbo,tblBill,pats,tbl_Bills,"billDate >= DateAdd(m, -1, @WorkDate) and billDate <= DateAdd(d, 2, @WorkDate)","Order by 1, 2",0,V6,V8-1-3,NULL
BHG_DR,1,pats,tbl_Bills,EST,V9,1,3,1,SQL,2,SAMMS,Data Source=BHGDALLSQL05\SQL2016SAMMS;Connection Timeout=60;Integrated Security=True;Encrypt=False;Initial Catalog=SAMMS-NashvilleV5;,SAMMS-NashvilleV5,Select,NULL,NULL,Nashville,1,0,dbo,tblBill,pats,tbl_Bills,"billDate >= DateAdd(m, -1, @WorkDate) and billDate <= DateAdd(d, 2, @WorkDate)","Order by 1, 2",0,V6,V9-1-3,NULL
BHG_DR,1,pats,tbl_Bills,CST,VBRA,1,3,1,SQL,2,SAMMS,Data Source=BHGDALLSQL05\SQL2016SAMMS;Connection Timeout=60;Integrated Security=True;Encrypt=False;Initial Catalog=SAMMS-BrainerdV6;,SAMMS-BrainerdV6,Select,2021-11-01,NULL,Brainerd,1,1,dbo,tblBill,pats,tbl_Bills,"billDate >= DateAdd(m, -1, @WorkDate) and billDate <= DateAdd(d, 2, @WorkDate)","Order by 1, 2",0,V6,VBRA-1-3,NULL
BHG_DR,1,pats,tbl_Bills,CST,VBRP,1,3,1,SQL,2,SAMMS,Data Source=BHGDALLSQL05\SQL2016SAMMS;Connection Timeout=60;Integrated Security=True;Encrypt=False;Initial Catalog=SAMMS-BrooklynParkV6;,SAMMS-BrooklynParkV6,Select,2021-11-01,NULL,Brooklyn Park,1,1,dbo,tblBill,pats,tbl_Bills,"billDate >= DateAdd(m, -1, @WorkDate) and billDate <= DateAdd(d, 2, @WorkDate)","Order by 1, 2",0,V6,VBRP-1-3,NULL
BHG_DR,1,pats,tbl_Bills,CST,VMIN,1,3,1,SQL,2,SAMMS,Data Source=BHGDALLSQL05\SQL2016SAMMS;Connection Timeout=60;Integrated Security=True;Encrypt=False;Initial Catalog=SAMMS-MinneapolisV6;,SAMMS-MinneapolisV6,Select,2021-11-01,NULL,Minneapolis,1,1,dbo,tblBill,pats,tbl_Bills,"billDate >= DateAdd(m, -1, @WorkDate) and billDate <= DateAdd(d, 2, @WorkDate)","Order by 1, 2",0,V6,VMIN-1-3,NULL
BHG_DR,1,pats,tbl_Bills,CST,VWBY,1,3,1,SQL,2,SAMMS,Data Source=BHGDALLSQL05\SQL2016SAMMS;Connection Timeout=60;Integrated Security=True;Encrypt=False;Initial Catalog=SAMMS-WoodburyV6;,SAMMS-WoodburyV6,Select,2021-11-01,NULL,Woodbury,1,1,dbo,tblBill,pats,tbl_Bills,"billDate >= DateAdd(m, -1, @WorkDate) and billDate <= DateAdd(d, 2, @WorkDate)","Order by 1, 2",0,V6,VWBY-1-3,NULL
BHG_DR,1,pats,tbl_Bills,EST,WIL,1,3,1,SQL,2,SAMMS,Data Source=BHGDALLSQL05\SQL2016SAMMS;Connection Timeout=60;Integrated Security=True;Encrypt=False;Initial Catalog=SAMMS-Wilson;,SAMMS-Wilson,Select,NULL,NULL,Wilson,1,1,dbo,tblBill,pats,tbl_Bills,"billDate >= DateAdd(m, -1, @WorkDate) and billDate <= DateAdd(d, 2, @WorkDate)","Order by 1, 2",0,V6,WIL-1-3,NULL
BHG_DR,2,pats,tbl_pbi3PayAuth,EST,AHK,1,12,1,SQL,2,SAMMS,Data Source=BHGDALLSQL05\SQL2016SAMMS;Connection Timeout=60;Integrated Security=True;Encrypt=False;Initial Catalog=SAMMS-Ahoskie ;,"SAMMS-Ahoskie ",Select,NULL,NULL,Ahoskie,1,1,dbo,tbl3PAYauth,pats,tbl_pbi3PayAuth,1 = 1,Order by tpaid,0,V6,AHK-1-12,NULL
BHG_DR,2,pats,tbl_pbi3PayAuth,MST,B12B,1,12,1,SQL,2,SAMMS,Data Source=BHGDALLSQL05\SQL2016SAMMS;Connection Timeout=60;Integrated Security=True;Encrypt=False;Initial Catalog=SAMMS-ColoradoSpringsV5;,SAMMS-ColoradoSpringsV5,Select,NULL,NULL,Colorado Springs,1,0,dbo,tbl3PAYauth,pats,tbl_pbi3PayAuth,1 = 1,Order by tpaid,0,V6,B12B-1-12,NULL
BHG_DR,2,pats,tbl_pbi3PayAuth,CST,B24,1,12,1,SQL,2,SAMMS,Data Source=BHGDALLSQL05\SQL2016SAMMS;Connection Timeout=60;Integrated Security=True;Encrypt=False;Initial Catalog=SAMMS-PaintsvilleV5;,SAMMS-PaintsvilleV5,Select,NULL,NULL,Paintsville,1,1,dbo,tbl3PAYauth,pats,tbl_pbi3PayAuth,1 = 1,Order by tpaid,0,V6,B24-1-12,NULL
BHG_DR,2,pats,tbl_pbi3PayAuth,CST,B25,1,12,1,SQL,2,SAMMS,Data Source=BHGDALLSQL05\SQL2016SAMMS;Connection Timeout=60;Integrated Security=True;Encrypt=False;Initial Catalog=SAMMS-PikevilleV5;,SAMMS-PikevilleV5,Select,NULL,NULL,Pikeville,1,1,dbo,tbl3PAYauth,pats,tbl_pbi3PayAuth,1 = 1,Order by tpaid,0,V6,B25-1-12,NULL
BHG_DR,2,pats,tbl_pbi3PayAuth,CST,B26,1,12,1,SQL,2,SAMMS,Data Source=BHGDALLSQL05\SQL2016SAMMS;Connection Timeout=60;Integrated Security=True;Encrypt=False;Initial Catalog=SAMMS-HazardV5;,SAMMS-HazardV5,Select,NULL,NULL,Hazard,1,0,dbo,tbl3PAYauth,pats,tbl_pbi3PayAuth,1 = 1,Order by tpaid,0,V6,B26-1-12,NULL
BHG_DR,2,pats,tbl_pbi3PayAuth,EST,B27,1,12,1,SQL,2,SAMMS,Data Source=BHGDALLSQL05\SQL2016SAMMS;Connection Timeout=60;Integrated Security=True;Encrypt=False;Initial Catalog=SAMMS-SavannahV6;,SAMMS-SavannahV6,Select,2022-09-14,NULL,Savannah,1,1,dbo,tbl3PAYauth,pats,tbl_pbi3PayAuth,1 = 1,Order by tpaid,0,V6,B27-1-12,NULL
BHG_DR,2,pats,tbl_pbi3PayAuth,CST,B28,1,12,1,SQL,2,SAMMS,Data Source=BHGDALLSQL05\SQL2016SAMMS;Connection Timeout=60;Integrated Security=True;Encrypt=False;Initial Catalog=SAMMS-WestPlainesV5;,SAMMS-WestPlainesV5,Select,NULL,NULL,West Plains,1,0,dbo,tbl3PAYauth,pats,tbl_pbi3PayAuth,1 = 1,Order by tpaid,0,V6,B28-1-12,NULL
BHG_DR,2,pats,tbl_pbi3PayAuth,CST,B29,1,12,1,SQL,2,SAMMS,Data Source=BHGDALLSQL05\SQL2016SAMMS;Connection Timeout=60;Integrated Security=True;Encrypt=False;Initial Catalog=SAMMS-PoplarBluffV5;,SAMMS-PoplarBluffV5,Select,NULL,NULL,Poplar Bluff,1,0,dbo,tbl3PAYauth,pats,tbl_pbi3PayAuth,1 = 1,Order by tpaid,0,V6,B29-1-12,NULL
BHG_DR,2,pats,tbl_pbi3PayAuth,CST,B30,1,12,1,SQL,2,SAMMS,Data Source=BHGDALLSQL05\SQL2016SAMMS;Connection Timeout=60;Integrated Security=True;Encrypt=False;Initial Catalog=SAMMS-KCNv5;,SAMMS-KCNv5,Select,2016-02-01,NULL,KC North,1,0,dbo,tbl3PAYauth,pats,tbl_pbi3PayAuth,1 = 1,Order by tpaid,0,V6,B30-1-12,NULL
BHG_DR,2,pats,tbl_pbi3PayAuth,EST,B31,1,12,1,SQL,2,SAMMS,Data Source=BHGDALLSQL05\SQL2016SAMMS;Connection Timeout=60;Integrated Security=True;Encrypt=False;Initial Catalog=SAMMS-DyersburgV5;,SAMMS-DyersburgV5,Select,NULL,NULL,Dyersburg,1,0,dbo,tbl3PAYauth,pats,tbl_pbi3PayAuth,1 = 1,Order by tpaid,0,V6,B31-1-12,NULL
BHG_DR,2,pats,tbl_pbi3PayAuth,CST,B33,1,12,1,SQL,2,SAMMS,Data Source=BHGDALLSQL05\SQL2016SAMMS;Connection Timeout=60;Integrated Security=True;Encrypt=False;Initial Catalog=SAMMS-Paducah;,SAMMS-Paducah,Select,NULL,NULL,Paducah,1,0,dbo,tbl3PAYauth,pats,tbl_pbi3PayAuth,1 = 1,Order by tpaid,0,V6,B33-1-12,NULL
BHG_DR,2,pats,tbl_pbi3PayAuth,CST,B34,1,12,1,SQL,2,SAMMS,Data Source=BHGDALLSQL05\SQL2016SAMMS;Connection Timeout=60;Integrated Security=True;Encrypt=False;Initial Catalog=SAMMS-CorbinV5;,SAMMS-CorbinV5,Select,NULL,NULL,Corbin,1,0,dbo,tbl3PAYauth,pats,tbl_pbi3PayAuth,1 = 1,Order by tpaid,0,V6,B34-1-12,NULL
BHG_DR,2,pats,tbl_pbi3PayAuth,CST,B35,1,12,1,SQL,2,SAMMS,Data Source=BHGDALLSQL05\SQL2016SAMMS;Connection Timeout=60;Integrated Security=True;Encrypt=False;Initial Catalog=SAMMS-LexingtonV5;,SAMMS-LexingtonV5,Select,NULL,NULL,Lexington,1,1,dbo,tbl3PAYauth,pats,tbl_pbi3PayAuth,1 = 1,Order by tpaid,0,V6,B35-1-12,NULL
BHG_DR,2,pats,tbl_pbi3PayAuth,CST,B35A,1,12,1,SQL,2,SAMMS,Data Source=BHGDALLSQL05\SQL2016SAMMS;Connection Timeout=60;Integrated Security=True;Encrypt=False;Initial Catalog=SAMMS-BereaV5;,SAMMS-BereaV5,Select,2018-06-01,NULL,Berea,1,0,dbo,tbl3PAYauth,pats,tbl_pbi3PayAuth,1 = 1,Order by tpaid,0,V6,B35A-1-12,NULL
BHG_DR,2,pats,tbl_pbi3PayAuth,EST,B36,1,12,1,SQL,2,SAMMS,Data Source=BHGDALLSQL05\SQL2016SAMMS;Connection Timeout=60;Integrated Security=True;Encrypt=False;Initial Catalog=SAMMS-AshevilleV5;,SAMMS-AshevilleV5,Select,2015-09-07,NULL,Asheville,1,0,dbo,tbl3PAYauth,pats,tbl_pbi3PayAuth,1 = 1,Order by tpaid,0,V6,B36-1-12,NULL
BHG_DR,2,pats,tbl_pbi3PayAuth,EST,B37,1,12,1,SQL,2,SAMMS,Data Source=BHGDALLSQL05\SQL2016SAMMS;Connection Timeout=60;Integrated Security=True;Encrypt=False;Initial Catalog=SAMMS-ClydeV5;,SAMMS-ClydeV5,Select,2015-09-07,NULL,Clyde,1,0,dbo,tbl3PAYauth,pats,tbl_pbi3PayAuth,1 = 1,Order by tpaid,0,V6,B37-1-12,NULL
BHG_DR,2,pats,tbl_pbi3PayAuth,EST,B38,1,12,1,SQL,2,SAMMS,Data Source=BHGDALLSQL05\SQL2016SAMMS;Connection Timeout=60;Integrated Security=True;Encrypt=False;Initial Catalog=SAMMS-SpartanburgV5;,SAMMS-SpartanburgV5,Select,2016-07-25,NULL,Spartanburg,1,0,dbo,tbl3PAYauth,pats,tbl_pbi3PayAuth,1 = 1,Order by tpaid,0,V6,B38-1-12,NULL
BHG_DR,2,pats,tbl_pbi3PayAuth,EST,B39,1,12,1,SQL,2,SAMMS,Data Source=BHGDALLSQL05\SQL2016SAMMS;Connection Timeout=60;Integrated Security=True;Encrypt=False;Initial Catalog=SAMMS-AikenV5;,SAMMS-AikenV5,Select,2016-07-25,NULL,Aiken,1,0,dbo,tbl3PAYauth,pats,tbl_pbi3PayAuth,1 = 1,Order by tpaid,0,V6,B39-1-12,NULL
BHG_DR,2,pats,tbl_pbi3PayAuth,EST,B41,1,12,1,SQL,2,SAMMS,Data Source=BHGDALLSQL05\SQL2016SAMMS;Connection Timeout=60;Integrated Security=True;Encrypt=False;Initial Catalog=SAMMS-ChesapeakeV5;,SAMMS-ChesapeakeV5,Select,2016-10-24,NULL,Chesapeake,1,0,dbo,tbl3PAYauth,pats,tbl_pbi3PayAuth,1 = 1,Order by tpaid,0,V6,B41-1-12,NULL
BHG_DR,2,pats,tbl_pbi3PayAuth,EST,B42,1,12,1,SQL,2,SAMMS,Data Source=BHGDALLSQL05\SQL2016SAMMS;Connection Timeout=60;Integrated Security=True;Encrypt=False;Initial Catalog=SAMMS-VirginiaBeachV5;,SAMMS-VirginiaBeachV5,Select,2016-10-24,NULL,Virginia Beach,1,0,dbo,tbl3PAYauth,pats,tbl_pbi3PayAuth,1 = 1,Order by tpaid,0,V6,B42-1-12,NULL
BHG_DR,2,pats,tbl_pbi3PayAuth,EST,B42A,1,12,1,SQL,2,SAMMS,Data Source=BHGDALLSQL05\SQL2016SAMMS;Connection Timeout=60;Integrated Security=True;Encrypt=False;Initial Catalog=SAMMS-NewportNewsV5;,SAMMS-NewportNewsV5,Select,2018-12-06,NULL,Newport News,1,0,dbo,tbl3PAYauth,pats,tbl_pbi3PayAuth,1 = 1,Order by tpaid,0,V6,B42A-1-12,NULL
BHG_DR,2,pats,tbl_pbi3PayAuth,EST,B42B,1,12,1,SQL,2,SAMMS,Data Source=BHGDALLSQL05\SQL2016SAMMS;Connection Timeout=60;Integrated Security=True;Encrypt=False;Initial Catalog=SAMMS-FranklinV5;,SAMMS-FranklinV5,Select,2018-12-19,NULL,Franklin,1,0,dbo,tbl3PAYauth,pats,tbl_pbi3PayAuth,1 = 1,Order by tpaid,0,V6,B42B-1-12,NULL
BHG_DR,2,pats,tbl_pbi3PayAuth,EST,B42C,1,12,1,SQL,2,SAMMS,Data Source=BHGDALLSQL05\SQL2016SAMMS;Connection Timeout=60;Integrated Security=True;Encrypt=False;Initial Catalog=SAMMS-GlenAllenV5;,SAMMS-GlenAllenV5,Select,2019-07-17,NULL,Glen Allen,1,0,dbo,tbl3PAYauth,pats,tbl_pbi3PayAuth,1 = 1,Order by tpaid,0,V6,B42C-1-12,NULL
BHG_DR,2,pats,tbl_pbi3PayAuth,EST,B42D,1,12,1,SQL,2,SAMMS,Data Source=BHGDALLSQL05\SQL2016SAMMS;Connection Timeout=60;Integrated Security=True;Encrypt=False;Initial Catalog=SAMMS-ChesapeakeSouthV5;,SAMMS-ChesapeakeSouthV5,Select,2019-06-11,NULL,Chesapeake South,1,0,dbo,tbl3PAYauth,pats,tbl_pbi3PayAuth,1 = 1,Order by tpaid,0,V6,B42D-1-12,NULL
BHG_DR,2,pats,tbl_pbi3PayAuth,EST,B44,1,12,1,SQL,2,SAMMS,Data Source=BHGDALLSQL05\SQL2016SAMMS;Connection Timeout=60;Integrated Security=True;Encrypt=False;Initial Catalog=SAMMS-AlbanyV5;,SAMMS-AlbanyV5,Select,2017-06-19,NULL,Albany,1,0,dbo,tbl3PAYauth,pats,tbl_pbi3PayAuth,1 = 1,Order by tpaid,0,V6,B44-1-12,NULL
BHG_DR,2,pats,tbl_pbi3PayAuth,EST,B45,1,12,1,SQL,2,SAMMS,Data Source=BHGDALLSQL05\SQL2016SAMMS;Connection Timeout=60;Integrated Security=True;Encrypt=False;Initial Catalog=SAMMS-TiftonV5;,SAMMS-TiftonV5,Select,2017-06-19,NULL,Tifton,1,0,dbo,tbl3PAYauth,pats,tbl_pbi3PayAuth,1 = 1,Order by tpaid,0,V6,B45-1-12,NULL
BHG_DR,2,pats,tbl_pbi3PayAuth,CST,B46,1,12,1,SQL,2,SAMMS,Data Source=BHGDALLSQL05\SQL2016SAMMS;Connection Timeout=60;Integrated Security=True;Encrypt=False;Initial Catalog=SAMMS-WashingtonDCv5;,SAMMS-WashingtonDCv5,Select,2019-03-20,NULL,Washington DC,1,0,dbo,tbl3PAYauth,pats,tbl_pbi3PayAuth,1 = 1,Order by tpaid,0,V6,B46-1-12,NULL
BHG_DR,2,pats,tbl_pbi3PayAuth,CST,B47,1,12,1,SQL,2,SAMMS,Data Source=BHGDALLSQL05\SQL2016SAMMS;Connection Timeout=60;Integrated Security=True;Encrypt=False;Initial Catalog=SAMMS-MobileV5;,SAMMS-MobileV5,Select,2019-09-10,NULL,Mobile,1,0,dbo,tbl3PAYauth,pats,tbl_pbi3PayAuth,1 = 1,Order by tpaid,0,V6,B47-1-12,NULL
BHG_DR,2,pats,tbl_pbi3PayAuth,CST,B48,1,12,1,SQL,2,SAMMS,Data Source=BHGDALLSQL05\SQL2016SAMMS;Connection Timeout=60;Integrated Security=True;Encrypt=False;Initial Catalog=SAMMS-TuscaloosaV5;,SAMMS-TuscaloosaV5,Select,2017-11-19,NULL,Tuscaloosa,1,0,dbo,tbl3PAYauth,pats,tbl_pbi3PayAuth,1 = 1,Order by tpaid,0,V6,B48-1-12,NULL
BHG_DR,2,pats,tbl_pbi3PayAuth,CST,B51,1,12,1,SQL,2,SAMMS,Data Source=BHGDALLSQL05\SQL2016SAMMS;Connection Timeout=60;Integrated Security=True;Encrypt=False;Initial Catalog=SAMMS-NorthLittleRockV6;,SAMMS-NorthLittleRockV6,Select,2019-11-15,NULL,N. Little Rock (OTP),1,0,dbo,tbl3PAYauth,pats,tbl_pbi3PayAuth,1 = 1,Order by tpaid,0,V6,B51-1-12,NULL
BHG_DR,2,pats,tbl_pbi3PayAuth,EST,B52,1,12,1,SQL,2,SAMMS,Data Source=BHGDALLSQL05\SQL2016SAMMS;Connection Timeout=60;Integrated Security=True;Encrypt=False;Initial Catalog=SAMMS-JacksonGAV5;,SAMMS-JacksonGAV5,Select,2018-06-01,NULL,Jackson GA,1,0,dbo,tbl3PAYauth,pats,tbl_pbi3PayAuth,1 = 1,Order by tpaid,0,V6,B52-1-12,NULL
BHG_DR,2,pats,tbl_pbi3PayAuth,CST,B54,1,12,1,SQL,2,SAMMS,Data Source=BHGDALLSQL05\SQL2016SAMMS;Connection Timeout=60;Integrated Security=True;Encrypt=False;Initial Catalog=SAMMS-GadsdenV5;,SAMMS-GadsdenV5,Select,2018-06-01,NULL,Gadsden,1,0,dbo,tbl3PAYauth,pats,tbl_pbi3PayAuth,1 = 1,Order by tpaid,0,V6,B54-1-12,NULL
BHG_DR,2,pats,tbl_pbi3PayAuth,CST,B55,1,12,1,SQL,2,SAMMS,Data Source=BHGDALLSQL05\SQL2016SAMMS;Connection Timeout=60;Integrated Security=True;Encrypt=False;Initial Catalog=SAMMS-ShoalsV5;,SAMMS-ShoalsV5,Select,2018-04-22,NULL,Shoals,1,0,dbo,tbl3PAYauth,pats,tbl_pbi3PayAuth,1 = 1,Order by tpaid,0,V6,B55-1-12,NULL
BHG_DR,2,pats,tbl_pbi3PayAuth,EST,B57,1,12,1,SQL,2,SAMMS,Data Source=BHGDALLSQL05\SQL2016SAMMS;Connection Timeout=60;Integrated Security=True;Encrypt=False;Initial Catalog=SAMMS-Pawtucket;,SAMMS-Pawtucket,Select,2020-09-04,NULL,Pawtucket,1,1,dbo,tbl3PAYauth,pats,tbl_pbi3PayAuth,1 = 1,Order by tpaid,0,V6,B57-1-12,NULL
BHG_DR,2,pats,tbl_pbi3PayAuth,EST,B57A,1,12,1,SQL,2,SAMMS,Data Source=BHGDALLSQL05\SQL2016SAMMS;Connection Timeout=60;Integrated Security=True;Encrypt=False;Initial Catalog=SAMMS-Johnston;,SAMMS-Johnston,Select,2021-10-04,NULL,Johnston,1,1,dbo,tbl3PAYauth,pats,tbl_pbi3PayAuth,1 = 1,Order by tpaid,0,V6,B57A-1-12,NULL
BHG_DR,2,pats,tbl_pbi3PayAuth,EST,B57B,1,12,1,SQL,2,SAMMS,Data Source=BHGDALLSQL05\SQL2016SAMMS;Connection Timeout=60;Integrated Security=True;Encrypt=False;Initial Catalog=SAMMS-Middletown;,SAMMS-Middletown,Select,2021-10-04,NULL,Middletown,1,1,dbo,tbl3PAYauth,pats,tbl_pbi3PayAuth,1 = 1,Order by tpaid,0,V6,B57B-1-12,NULL
BHG_DR,2,pats,tbl_pbi3PayAuth,EST,B57C,1,12,1,SQL,2,SAMMS,Data Source=BHGDALLSQL05\SQL2016SAMMS;Connection Timeout=60;Integrated Security=True;Encrypt=False;Initial Catalog=SAMMS-Providence;,SAMMS-Providence,Select,2021-10-04,NULL,Providence,1,1,dbo,tbl3PAYauth,pats,tbl_pbi3PayAuth,1 = 1,Order by tpaid,0,V6,B57C-1-12,NULL
BHG_DR,2,pats,tbl_pbi3PayAuth,EST,B57D,1,12,1,SQL,2,SAMMS,Data Source=BHGDALLSQL05\SQL2016SAMMS;Connection Timeout=60;Integrated Security=True;Encrypt=False;Initial Catalog=SAMMS-Westerly;,SAMMS-Westerly,Select,2021-10-04,NULL,Westerly,1,1,dbo,tbl3PAYauth,pats,tbl_pbi3PayAuth,1 = 1,Order by tpaid,0,V6,B57D-1-12,NULL
BHG_DR,2,pats,tbl_pbi3PayAuth,EST,B66A,1,12,1,SQL,2,SAMMS,Data Source=BHGDALLSQL05\SQL2016SAMMS;Connection Timeout=60;Integrated Security=True;Encrypt=False;Initial Catalog=SAMMS-Bremen;,SAMMS-Bremen,Select,NULL,NULL,Bremen,1,1,dbo,tbl3PAYauth,pats,tbl_pbi3PayAuth,1 = 1,Order by tpaid,0,V6,B66A-1-12,NULL
BHG_DR,2,pats,tbl_pbi3PayAuth,CST,B72,1,12,1,SQL,2,SAMMS,Data Source=BHGDALLSQL05\SQL2016SAMMS;Connection Timeout=60;Integrated Security=True;Encrypt=False;Initial Catalog=SAMMS-Mobile-OBOT;,SAMMS-Mobile-OBOT,Select,NULL,NULL,Mobile (OBOT),1,1,dbo,tbl3PAYauth,pats,tbl_pbi3PayAuth,1 = 1,Order by tpaid,0,V6,B72-1-12,NULL
BHG_DR,2,pats,tbl_pbi3PayAuth,CST,B73,1,12,1,SQL,2,SAMMS,Data Source=BHGDALLSQL05\SQL2016SAMMS;Connection Timeout=60;Integrated Security=True;Encrypt=False;Initial Catalog=SAMMS-Montgomery;,SAMMS-Montgomery,Select,NULL,NULL,Montgomery,1,1,dbo,tbl3PAYauth,pats,tbl_pbi3PayAuth,1 = 1,Order by tpaid,0,V6,B73-1-12,NULL
BHG_DR,2,pats,tbl_pbi3PayAuth,CST,B75,1,12,1,SQL,2,SAMMS,Data Source=BHGDALLSQL05\SQL2016SAMMS;Connection Timeout=60;Integrated Security=True;Encrypt=False;Initial Catalog=SAMMS-LawrenceV6;,SAMMS-LawrenceV6,Select,2021-11-09,NULL,Lawrence,1,0,dbo,tbl3PAYauth,pats,tbl_pbi3PayAuth,1 = 1,Order by tpaid,0,V6,B75-1-12,NULL
BHG_DR,2,pats,tbl_pbi3PayAuth,CST,B76,1,12,1,SQL,2,SAMMS,Data Source=BHGDALLSQL05\SQL2016SAMMS;Connection Timeout=60;Integrated Security=True;Encrypt=False;Initial Catalog=SAMMS-Huntsville-OBOT;,SAMMS-Huntsville-OBOT,Select,NULL,NULL,Huntsville OBOT,1,0,dbo,tbl3PAYauth,pats,tbl_pbi3PayAuth,1 = 1,Order by tpaid,0,V6,B76-1-12,NULL
BHG_DR,2,pats,tbl_pbi3PayAuth,CST,BAT,1,12,1,SQL,2,SAMMS,Data Source=BHGDALLSQL05\SQL2016SAMMS;Connection Timeout=60;Integrated Security=True;Encrypt=False;Initial Catalog=SAMMS-Batesville;,SAMMS-Batesville,Select,NULL,NULL,Batesville,1,1,dbo,tbl3PAYauth,pats,tbl_pbi3PayAuth,1 = 1,Order by tpaid,0,V6,BAT-1-12,NULL
BHG_DR,2,pats,tbl_pbi3PayAuth,CST,BG,1,12,1,SQL,2,SAMMS,Data Source=BHGDALLSQL05\SQL2016SAMMS;Connection Timeout=60;Integrated Security=True;Encrypt=False;Initial Catalog=SAMMS-BowlingGreen;,SAMMS-BowlingGreen,Select,NULL,NULL,Bowling Green,1,1,dbo,tbl3PAYauth,pats,tbl_pbi3PayAuth,1 = 1,Order by tpaid,0,V6,BG-1-12,NULL
BHG_DR,2,pats,tbl_pbi3PayAuth,MST,BOI,1,12,1,SQL,2,SAMMS,Data Source=BHGDALLSQL05\SQL2016SAMMS;Connection Timeout=60;Integrated Security=True;Encrypt=False;Initial Catalog=SAMMS-Boise;,SAMMS-Boise,Select,NULL,NULL,Boise,1,1,dbo,tbl3PAYauth,pats,tbl_pbi3PayAuth,1 = 1,Order by tpaid,0,V6,BOI-1-12,NULL
BHG_DR,2,pats,tbl_pbi3PayAuth,MST,CBCO,1,12,1,SQL,2,SAMMS,Data Source=BHGDALLSQL05\SQL2016SAMMS;Connection Timeout=60;Integrated Security=True;Encrypt=False;Initial Catalog=SAMMS-CoeurdAleneV6;,SAMMS-CoeurdAleneV6,Select,NULL,NULL,Coeur d'Alene,1,1,dbo,tbl3PAYauth,pats,tbl_pbi3PayAuth,1 = 1,Order by tpaid,0,V6,CBCO-1-12,NULL
BHG_DR,2,pats,tbl_pbi3PayAuth,CST,CON,1,12,1,SQL,2,SAMMS,Data Source=BHGDALLSQL05\SQL2016SAMMS;Connection Timeout=60;Integrated Security=True;Encrypt=False;Initial Catalog=SAMMS-Conway;,SAMMS-Conway,Select,NULL,NULL,Conway,1,1,dbo,tbl3PAYauth,pats,tbl_pbi3PayAuth,1 = 1,Order by tpaid,0,V6,CON-1-12,NULL
BHG_DR,2,pats,tbl_pbi3PayAuth,EST,D07,1,12,1,SQL,2,SAMMS,Data Source=BHGDALLSQL05\SQL2016SAMMS;Connection Timeout=60;Integrated Security=True;Encrypt=False;Initial Catalog=SAMMS-KnoxvilleV6;,SAMMS-KnoxvilleV6,Select,NULL,NULL,Medical Services Knox TN,1,1,dbo,tbl3PAYauth,pats,tbl_pbi3PayAuth,1 = 1,Order by tpaid,0,V6,D07-1-12,NULL
BHG_DR,2,pats,tbl_pbi3PayAuth,EST,D08,1,12,1,SQL,2,SAMMS,Data Source=BHGDALLSQL05\SQL2016SAMMS;Connection Timeout=60;Integrated Security=True;Encrypt=False;Initial Catalog=SAMMS-MadisonV6;,SAMMS-MadisonV6,Select,NULL,NULL,Madison,1,1,dbo,tbl3PAYauth,pats,tbl_pbi3PayAuth,1 = 1,Order by tpaid,0,V6,D08-1-12,NULL
BHG_DR,2,pats,tbl_pbi3PayAuth,EST,D09,1,12,1,SQL,2,SAMMS,Data Source=BHGDALLSQL05\SQL2016SAMMS;Connection Timeout=60;Integrated Security=True;Encrypt=False;Initial Catalog=SAMMS-MurfreesboroV6;,SAMMS-MurfreesboroV6,Select,NULL,NULL,Murfreesboro,1,1,dbo,tbl3PAYauth,pats,tbl_pbi3PayAuth,1 = 1,Order by tpaid,0,V6,D09-1-12,NULL
BHG_DR,2,pats,tbl_pbi3PayAuth,CST,DA,1,12,1,SQL,2,SAMMS,Data Source=BHGDALLSQL05\SQL2016SAMMS;Connection Timeout=60;Integrated Security=True;Encrypt=False;Initial Catalog=SAMMS-Davenport;,SAMMS-Davenport,Select,NULL,NULL,Davenport,1,1,dbo,tbl3PAYauth,pats,tbl_pbi3PayAuth,1 = 1,Order by tpaid,0,V6,DA-1-12,NULL
BHG_DR,2,pats,tbl_pbi3PayAuth,CST,DM,1,12,1,SQL,2,SAMMS,Data Source=BHGDALLSQL05\SQL2016SAMMS;Connection Timeout=60;Integrated Security=True;Encrypt=False;Initial Catalog=SAMMS-DesMoines;,SAMMS-DesMoines,Select,NULL,NULL,Des Moines,1,1,dbo,tbl3PAYauth,pats,tbl_pbi3PayAuth,1 = 1,Order by tpaid,0,V6,DM-1-12,NULL
BHG_DR,2,pats,tbl_pbi3PayAuth,CST,DRD-CO,1,12,1,SQL,2,SAMMS,Data Source=BHGDALLSQL05\SQL2016SAMMS;Connection Timeout=60;Integrated Security=True;Encrypt=False;Initial Catalog=SAMMS-ColumbiaV5;,SAMMS-ColumbiaV5,Select,NULL,NULL,Columbia MO,1,0,dbo,tbl3PAYauth,pats,tbl_pbi3PayAuth,1 = 1,Order by tpaid,0,V6,DRD-CO-1-12,NULL
BHG_DR,2,pats,tbl_pbi3PayAuth,CST,DRD-KC,1,12,1,SQL,2,SAMMS,Data Source=BHGDALLSQL05\SQL2016SAMMS;Connection Timeout=60;Integrated Security=True;Encrypt=False;Initial Catalog=SAMMS-KCv5;,SAMMS-KCv5,Select,NULL,NULL,KC,1,0,dbo,tbl3PAYauth,pats,tbl_pbi3PayAuth,1 = 1,Order by tpaid,0,V6,DRD-KC-1-12,NULL
BHG_DR,2,pats,tbl_pbi3PayAuth,EST,DRD-KVB,1,12,1,SQL,2,SAMMS,Data Source=BHGDALLSQL05\SQL2016SAMMS;Connection Timeout=60;Integrated Security=True;Encrypt=False;Initial Catalog=SAMMS-KVBv5;,SAMMS-KVBv5,Select,NULL,NULL,KVB,1,0,dbo,tbl3PAYauth,pats,tbl_pbi3PayAuth,1 = 1,Order by tpaid,0,V6,DRD-KVB-1-12,NULL
BHG_DR,2,pats,tbl_pbi3PayAuth,EST,DRD-KVC,1,12,1,SQL,2,SAMMS,Data Source=BHGDALLSQL05\SQL2016SAMMS;Connection Timeout=60;Integrated Security=True;Encrypt=False;Initial Catalog=SAMMS-KVCv5;,SAMMS-KVCv5,Select,NULL,NULL,KVC,1,0,dbo,tbl3PAYauth,pats,tbl_pbi3PayAuth,1 = 1,Order by tpaid,0,V6,DRD-KVC-1-12,NULL
BHG_DR,2,pats,tbl_pbi3PayAuth,CST,DRD-NOLA,1,12,1,SQL,2,SAMMS,Data Source=BHGDALLSQL05\SQL2016SAMMS;Connection Timeout=60;Integrated Security=True;Encrypt=False;Initial Catalog=SAMMS-NOLAv5;,SAMMS-NOLAv5,Select,1985-01-01,NULL,NOLA,1,1,dbo,tbl3PAYauth,pats,tbl_pbi3PayAuth,1 = 1,Order by tpaid,0,V6,DRD-NOLA-1-12,NULL
BHG_DR,2,pats,tbl_pbi3PayAuth,CST,DRD-SF,1,12,1,SQL,2,SAMMS,Data Source=BHGDALLSQL05\SQL2016SAMMS;Connection Timeout=60;Integrated Security=True;Encrypt=False;Initial Catalog=SAMMS-SFv5;,SAMMS-SFv5,Select,NULL,NULL,Springfield,1,0,dbo,tbl3PAYauth,pats,tbl_pbi3PayAuth,1 = 1,Order by tpaid,0,V6,DRD-SF-1-12,NULL
BHG_DR,2,pats,tbl_pbi3PayAuth,EST,ELC,1,12,1,SQL,2,SAMMS,Data Source=BHGDALLSQL05\SQL2016SAMMS;Connection Timeout=60;Integrated Security=True;Encrypt=False;Initial Catalog=SAMMS-ElizabethCity ;,"SAMMS-ElizabethCity ",Select,NULL,NULL,Elizabeth City,1,1,dbo,tbl3PAYauth,pats,tbl_pbi3PayAuth,1 = 1,Order by tpaid,0,V6,ELC-1-12,NULL
BHG_DR,2,pats,tbl_pbi3PayAuth,CST,ET,1,12,1,SQL,2,SAMMS,Data Source=BHGDALLSQL05\SQL2016SAMMS;Connection Timeout=60;Integrated Security=True;Encrypt=False;Initial Catalog=SAMMS-Elizabethtown;,SAMMS-Elizabethtown,Select,NULL,NULL,Elizabethtown,1,1,dbo,tbl3PAYauth,pats,tbl_pbi3PayAuth,1 = 1,Order by tpaid,0,V6,ET-1-12,NULL
BHG_DR,2,pats,tbl_pbi3PayAuth,CST,FAY,1,12,1,SQL,2,SAMMS,Data Source=BHGDALLSQL05\SQL2016SAMMS;Connection Timeout=60;Integrated Security=True;Encrypt=False;Initial Catalog=SAMMS-Fayetteville;,SAMMS-Fayetteville,Select,2019-08-15,NULL,Fayetteville,1,1,dbo,tbl3PAYauth,pats,tbl_pbi3PayAuth,1 = 1,Order by tpaid,0,V6,FAY-1-12,NULL
BHG_DR,2,pats,tbl_pbi3PayAuth,CST,FR,1,12,1,SQL,2,SAMMS,Data Source=BHGDALLSQL05\SQL2016SAMMS;Connection Timeout=60;Integrated Security=True;Encrypt=False;Initial Catalog=SAMMS-Frankfort;,SAMMS-Frankfort,Select,NULL,NULL,Frankfort,1,1,dbo,tbl3PAYauth,pats,tbl_pbi3PayAuth,1 = 1,Order by tpaid,0,V6,FR-1-12,NULL
BHG_DR,2,pats,tbl_pbi3PayAuth,CST,FS,1,12,1,SQL,2,SAMMS,Data Source=BHGDALLSQL05\SQL2016SAMMS;Connection Timeout=60;Integrated Security=True;Encrypt=False;Initial Catalog=SAMMS-FortSmith;,SAMMS-FortSmith,Select,2019-08-15,NULL,Fort Smith,1,1,dbo,tbl3PAYauth,pats,tbl_pbi3PayAuth,1 = 1,Order by tpaid,0,V6,FS-1-12,NULL
BHG_DR,2,pats,tbl_pbi3PayAuth,EST,FW,1,12,1,SQL,2,SAMMS,Data Source=BHGDALLSQL05\SQL2016SAMMS;Connection Timeout=60;Integrated Security=True;Encrypt=False;Initial Catalog=SAMMS-FortWayne;,SAMMS-FortWayne,Select,NULL,NULL,Fort Wayne,1,1,dbo,tbl3PAYauth,pats,tbl_pbi3PayAuth,1 = 1,Order by tpaid,0,V6,FW-1-12,NULL
BHG_DR,2,pats,tbl_pbi3PayAuth,EST,GAL,1,12,1,SQL,2,SAMMS,Data Source=BHGDALLSQL05\SQL2016SAMMS;Connection Timeout=60;Integrated Security=True;Encrypt=False;Initial Catalog=SAMMS-Gaylord ;,"SAMMS-Gaylord ",Select,NULL,NULL,Gaylord,1,1,dbo,tbl3PAYauth,pats,tbl_pbi3PayAuth,1 = 1,Order by tpaid,0,V6,GAL-1-12,NULL
BHG_DR,2,pats,tbl_pbi3PayAuth,EST,GRC,1,12,1,SQL,2,SAMMS,Data Source=BHGDALLSQL05\SQL2016SAMMS;Connection Timeout=60;Integrated Security=True;Encrypt=False;Initial Catalog=SAMMS-GreenfieldV5;,SAMMS-GreenfieldV5,Select,2018-12-05,NULL,Greenfield,0,0,dbo,tbl3PAYauth,pats,tbl_pbi3PayAuth,1 = 1,Order by tpaid,0,V6,GRC-1-12,NULL
BHG_DR,2,pats,tbl_pbi3PayAuth,EST,HGT,1,12,1,SQL,2,SAMMS,Data Source=BHGDALLSQL05\SQL2016SAMMS;Connection Timeout=60;Integrated Security=True;Encrypt=False;Initial Catalog=SAMMS-Hagerstown;,SAMMS-Hagerstown,Select,NULL,NULL,Hagerstown,1,0,dbo,tbl3PAYauth,pats,tbl_pbi3PayAuth,1 = 1,Order by tpaid,0,V6,HGT-1-12,NULL
BHG_DR,2,pats,tbl_pbi3PayAuth,CST,HNT,1,12,1,SQL,2,SAMMS,Data Source=BHGDALLSQL05\SQL2016SAMMS;Connection Timeout=60;Integrated Security=True;Encrypt=False;Initial Catalog=SAMMS-Huntsville;,SAMMS-Huntsville,Select,NULL,NULL,Huntsville,1,1,dbo,tbl3PAYauth,pats,tbl_pbi3PayAuth,1 = 1,Order by tpaid,0,V6,HNT-1-12,NULL
BHG_DR,2,pats,tbl_pbi3PayAuth,CST,HS,1,12,1,SQL,2,SAMMS,Data Source=BHGDALLSQL05\SQL2016SAMMS;Connection Timeout=60;Integrated Security=True;Encrypt=False;Initial Catalog=SAMMS-HotSprings;,SAMMS-HotSprings,Select,2019-08-15,NULL,Hot Springs,1,1,dbo,tbl3PAYauth,pats,tbl_pbi3PayAuth,1 = 1,Order by tpaid,0,V6,HS-1-12,NULL
BHG_DR,2,pats,tbl_pbi3PayAuth,CST,JON,1,12,1,SQL,2,SAMMS,Data Source=BHGDALLSQL05\SQL2016SAMMS;Connection Timeout=60;Integrated Security=True;Encrypt=False;Initial Catalog=SAMMS-Jonesboro;,SAMMS-Jonesboro,Select,NULL,NULL,Jonesboro,1,1,dbo,tbl3PAYauth,pats,tbl_pbi3PayAuth,1 = 1,Order by tpaid,0,V6,JON-1-12,NULL
BHG_DR,2,pats,tbl_pbi3PayAuth,EST,Lab,1,12,1,SQL,2,SAMMS,Data Source=BHGDALLSQL05\SQL2016SAMMS;Connection Timeout=60;Integrated Security=True;Encrypt=False;Initial Catalog=SAMMS-LabV5-V2;,SAMMS-LabV5-V2,Select,NULL,NULL,Reference Lab,1,0,dbo,tbl3PAYauth,pats,tbl_pbi3PayAuth,1 = 1,Order by tpaid,0,V6,Lab-1-12,NULL
BHG_DR,2,pats,tbl_pbi3PayAuth,EST,LAN,1,12,1,SQL,2,SAMMS,Data Source=BHGDALLSQL05\SQL2016SAMMS;Connection Timeout=60;Integrated Security=True;Encrypt=False;Initial Catalog=SAMMS-Lansing ;,"SAMMS-Lansing ",Select,NULL,NULL,Lansing,1,1,dbo,tbl3PAYauth,pats,tbl_pbi3PayAuth,1 = 1,Order by tpaid,0,V6,LAN-1-12,NULL
BHG_DR,2,pats,tbl_pbi3PayAuth,CST,LO,1,12,1,SQL,2,SAMMS,Data Source=BHGDALLSQL05\SQL2016SAMMS;Connection Timeout=60;Integrated Security=True;Encrypt=False;Initial Catalog=SAMMS-Louisville;,SAMMS-Louisville,Select,NULL,NULL,Louisville,1,1,dbo,tbl3PAYauth,pats,tbl_pbi3PayAuth,1 = 1,Order by tpaid,0,V6,LO-1-12,NULL
BHG_DR,2,pats,tbl_pbi3PayAuth,PST,LV1,1,12,1,SQL,2,SAMMS,Data Source=BHGDALLSQL05\SQL2016SAMMS;Connection Timeout=60;Integrated Security=True;Encrypt=False;Initial Catalog=SAMMS-Cheyenne;,SAMMS-Cheyenne,Select,NULL,NULL,Cheyenne,1,1,dbo,tbl3PAYauth,pats,tbl_pbi3PayAuth,1 = 1,Order by tpaid,0,V6,LV1-1-12,NULL
BHG_DR,2,pats,tbl_pbi3PayAuth,PST,LV2,1,12,1,SQL,2,SAMMS,Data Source=BHGDALLSQL05\SQL2016SAMMS;Connection Timeout=60;Integrated Security=True;Encrypt=False;Initial Catalog=SAMMS-DesertInn;,SAMMS-DesertInn,Select,NULL,NULL,Desert Inn,1,1,dbo,tbl3PAYauth,pats,tbl_pbi3PayAuth,1 = 1,Order by tpaid,0,V6,LV2-1-12,NULL
BHG_DR,2,pats,tbl_pbi3PayAuth,PST,LV3,1,12,1,SQL,2,SAMMS,Data Source=BHGDALLSQL05\SQL2016SAMMS;Connection Timeout=60;Integrated Security=True;Encrypt=False;Initial Catalog=SAMMS-McDaniel;,SAMMS-McDaniel,Select,NULL,NULL,McDaniel,1,1,dbo,tbl3PAYauth,pats,tbl_pbi3PayAuth,1 = 1,Order by tpaid,0,V6,LV3-1-12,NULL
BHG_DR,2,pats,tbl_pbi3PayAuth,CST,MNRE,1,12,1,SQL,2,SAMMS,Data Source=BHGDALLSQL05\SQL2016SAMMS;Connection Timeout=60;Integrated Security=True;Encrypt=False;Initial Catalog=SAMMS-Monroe;,SAMMS-Monroe,Select,NULL,NULL,Monroe,1,1,dbo,tbl3PAYauth,pats,tbl_pbi3PayAuth,1 = 1,Order by tpaid,0,V6,MNRE-1-12,NULL
BHG_DR,2,pats,tbl_pbi3PayAuth,EST,MP,1,12,1,SQL,2,SAMMS,Data Source=BHGDALLSQL05\SQL2016SAMMS;Connection Timeout=60;Integrated Security=True;Encrypt=False;Initial Catalog=SAMMS-MtPleasant ;,"SAMMS-MtPleasant ",Select,NULL,NULL,Mt. Pleasant,1,1,dbo,tbl3PAYauth,pats,tbl_pbi3PayAuth,1 = 1,Order by tpaid,0,V6,MP-1-12,NULL
BHG_DR,2,pats,tbl_pbi3PayAuth,MST,MRD,1,12,1,SQL,2,SAMMS,Data Source=BHGDALLSQL05\SQL2016SAMMS;Connection Timeout=60;Integrated Security=True;Encrypt=False;Initial Catalog=SAMMS-Meridian;,SAMMS-Meridian,Select,NULL,NULL,Meridian,1,1,dbo,tbl3PAYauth,pats,tbl_pbi3PayAuth,1 = 1,Order by tpaid,0,V6,MRD-1-12,NULL
BHG_DR,2,pats,tbl_pbi3PayAuth,EST,NC,1,12,1,SQL,2,SAMMS,Data Source=BHGDALLSQL05\SQL2016SAMMS;Connection Timeout=60;Integrated Security=True;Encrypt=False;Initial Catalog=SAMMS-NorthCharleston;,SAMMS-NorthCharleston,Select,NULL,NULL,North Charleston,1,1,dbo,tbl3PAYauth,pats,tbl_pbi3PayAuth,1 = 1,Order by tpaid,0,V6,NC-1-12,NULL
BHG_DR,2,pats,tbl_pbi3PayAuth,CST,NLR,1,12,1,SQL,2,SAMMS,Data Source=BHGDALLSQL05\SQL2016SAMMS;Connection Timeout=60;Integrated Security=True;Encrypt=False;Initial Catalog=SAMMS-NLROBOT;,SAMMS-NLROBOT,Select,2019-08-15,NULL,N. Little Rock,1,1,dbo,tbl3PAYauth,pats,tbl_pbi3PayAuth,1 = 1,Order by tpaid,0,V6,NLR-1-12,NULL
BHG_DR,2,pats,tbl_pbi3PayAuth,MST,PH,1,12,1,SQL,2,SAMMS,Data Source=BHGDALLSQL05\SQL2016SAMMS;Connection Timeout=60;Integrated Security=True;Encrypt=False;Initial Catalog=SAMMS-Phoenix;,SAMMS-Phoenix,Select,NULL,NULL,Phoenix,1,1,dbo,tbl3PAYauth,pats,tbl_pbi3PayAuth,1 = 1,Order by tpaid,0,V6,PH-1-12,NULL
BHG_DR,2,pats,tbl_pbi3PayAuth,PST,RE,1,12,1,SQL,2,SAMMS,Data Source=BHGDALLSQL05\SQL2016SAMMS;Connection Timeout=60;Integrated Security=True;Encrypt=False;Initial Catalog=SAMMS-Reno;,SAMMS-Reno,Select,NULL,NULL,Reno,1,1,dbo,tbl3PAYauth,pats,tbl_pbi3PayAuth,1 = 1,Order by tpaid,0,V6,RE-1-12,NULL
BHG_DR,2,pats,tbl_pbi3PayAuth,CST,RMD,1,12,1,SQL,2,SAMMS,Data Source=BHGDALLSQL05\SQL2016SAMMS;Connection Timeout=60;Integrated Security=True;Encrypt=False;Initial Catalog=SAMMS-Richmond;,SAMMS-Richmond,Select,NULL,NULL,Richmond,1,1,dbo,tbl3PAYauth,pats,tbl_pbi3PayAuth,1 = 1,Order by tpaid,0,V6,RMD-1-12,NULL
BHG_DR,2,pats,tbl_pbi3PayAuth,CST,SFN,1,12,1,SQL,2,SAMMS,Data Source=BHGDALLSQL05\SQL2016SAMMS;Connection Timeout=60;Integrated Security=True;Encrypt=False;Initial Catalog=SAMMS-SFNv5;,SAMMS-SFNv5,Select,NULL,NULL,Springfield North,1,0,dbo,tbl3PAYauth,pats,tbl_pbi3PayAuth,1 = 1,Order by tpaid,0,V6,SFN-1-12,NULL
BHG_DR,2,pats,tbl_pbi3PayAuth,CST,SHP,1,12,1,SQL,2,SAMMS,Data Source=BHGDALLSQL05\SQL2016SAMMS;Connection Timeout=60;Integrated Security=True;Encrypt=False;Initial Catalog=SAMMS-Shreveport;,SAMMS-Shreveport,Select,NULL,NULL,Shreveport,1,1,dbo,tbl3PAYauth,pats,tbl_pbi3PayAuth,1 = 1,Order by tpaid,0,V6,SHP-1-12,NULL
BHG_DR,2,pats,tbl_pbi3PayAuth,EST,STN,1,12,1,SQL,2,SAMMS,Data Source=BHGDALLSQL05\SQL2016SAMMS;Connection Timeout=60;Integrated Security=True;Encrypt=False;Initial Catalog=SAMMS-Staunton;,SAMMS-Staunton,Select,NULL,NULL,Staunton,1,1,dbo,tbl3PAYauth,pats,tbl_pbi3PayAuth,1 = 1,Order by tpaid,0,V6,STN-1-12,NULL
BHG_DR,2,pats,tbl_pbi3PayAuth,CST,STVN,1,12,1,SQL,2,SAMMS,Data Source=BHGDALLSQL05\SQL2016SAMMS;Connection Timeout=60;Integrated Security=True;Encrypt=False;Initial Catalog=SAMMS-Stevenson;,SAMMS-Stevenson,Select,NULL,NULL,Stevenson,1,1,dbo,tbl3PAYauth,pats,tbl_pbi3PayAuth,1 = 1,Order by tpaid,0,V6,STVN-1-12,NULL
BHG_DR,2,pats,tbl_pbi3PayAuth,MST,TE,1,12,1,SQL,2,SAMMS,Data Source=BHGDALLSQL05\SQL2016SAMMS;Connection Timeout=60;Integrated Security=True;Encrypt=False;Initial Catalog=SAMMS-Tempe;,SAMMS-Tempe,Select,NULL,NULL,Tempe,1,1,dbo,tbl3PAYauth,pats,tbl_pbi3PayAuth,1 = 1,Order by tpaid,0,V6,TE-1-12,NULL
BHG_DR,2,pats,tbl_pbi3PayAuth,CST,TEX,1,12,1,SQL,2,SAMMS,Data Source=BHGDALLSQL05\SQL2016SAMMS;Connection Timeout=60;Integrated Security=True;Encrypt=False;Initial Catalog=SAMMS-Texarkana;,SAMMS-Texarkana,Select,NULL,NULL,Texarkana,1,1,dbo,tbl3PAYauth,pats,tbl_pbi3PayAuth,1 = 1,Order by tpaid,0,V6,TEX-1-12,NULL
BHG_DR,2,pats,tbl_pbi3PayAuth,CST,TTCA,1,12,1,SQL,2,SAMMS,Data Source=BHGDALLSQL05\SQL2016SAMMS;Connection Timeout=60;Integrated Security=True;Encrypt=False;Initial Catalog=SAMMS-BessemerV5;,SAMMS-BessemerV5,Select,2018-09-24,NULL,Bessemer,1,0,dbo,tbl3PAYauth,pats,tbl_pbi3PayAuth,1 = 1,Order by tpaid,0,V6,TTCA-1-12,NULL
BHG_DR,2,pats,tbl_pbi3PayAuth,CST,TTCB,1,12,1,SQL,2,SAMMS,Data Source=BHGDALLSQL05\SQL2016SAMMS;Connection Timeout=60;Integrated Security=True;Encrypt=False;Initial Catalog=SAMMS-CullmanV5;,SAMMS-CullmanV5,Select,2019-02-26,NULL,Cullman,1,0,dbo,tbl3PAYauth,pats,tbl_pbi3PayAuth,1 = 1,Order by tpaid,0,V6,TTCB-1-12,NULL
BHG_DR,2,pats,tbl_pbi3PayAuth,CST,TTCC,1,12,1,SQL,2,SAMMS,Data Source=BHGDALLSQL05\SQL2016SAMMS;Connection Timeout=60;Integrated Security=True;Encrypt=False;Initial Catalog=SAMMS-GrandBay;,SAMMS-GrandBay,Select,2019-12-31,NULL,Grand Bay,1,1,dbo,tbl3PAYauth,pats,tbl_pbi3PayAuth,1 = 1,Order by tpaid,0,V6,TTCC-1-12,NULL
BHG_DR,2,pats,tbl_pbi3PayAuth,MST,TU,1,12,1,SQL,2,SAMMS,Data Source=BHGDALLSQL05\SQL2016SAMMS;Connection Timeout=60;Integrated Security=True;Encrypt=False;Initial Catalog=SAMMS-Tucson;,SAMMS-Tucson,Select,NULL,NULL,Tucson,1,1,dbo,tbl3PAYauth,pats,tbl_pbi3PayAuth,1 = 1,Order by tpaid,0,V6,TU-1-12,NULL
BHG_DR,2,pats,tbl_pbi3PayAuth,EST,V1,1,12,1,SQL,2,SAMMS,Data Source=BHGDALLSQL05\SQL2016SAMMS;Connection Timeout=60;Integrated Security=True;Encrypt=False;Initial Catalog=SAMMS-VCPHCS-I-MemphisV5;,SAMMS-VCPHCS-I-MemphisV5,Select,NULL,NULL,Memphis South,1,0,dbo,tbl3PAYauth,pats,tbl_pbi3PayAuth,1 = 1,Order by tpaid,0,V6,V1-1-12,NULL
BHG_DR,2,pats,tbl_pbi3PayAuth,MST,V10,1,12,1,SQL,2,SAMMS,Data Source=BHGDALLSQL05\SQL2016SAMMS;Connection Timeout=60;Integrated Security=True;Encrypt=False;Initial Catalog=SAMMS-BoulderV5;,SAMMS-BoulderV5,Select,NULL,NULL,Longmont,1,1,dbo,tbl3PAYauth,pats,tbl_pbi3PayAuth,1 = 1,Order by tpaid,0,V6,V10-1-12,NULL
BHG_DR,2,pats,tbl_pbi3PayAuth,MST,V10A,1,12,1,SQL,2,SAMMS,Data Source=BHGDALLSQL05\SQL2016SAMMS;Connection Timeout=60;Integrated Security=True;Encrypt=False;Initial Catalog=SAMMS-FortCollinsV5;,SAMMS-FortCollinsV5,Select,NULL,NULL,Fort Collins,1,1,dbo,tbl3PAYauth,pats,tbl_pbi3PayAuth,1 = 1,Order by tpaid,0,V6,V10A-1-12,NULL
BHG_DR,2,pats,tbl_pbi3PayAuth,MST,V11,1,12,1,SQL,2,SAMMS,Data Source=BHGDALLSQL05\SQL2016SAMMS;Connection Timeout=60;Integrated Security=True;Encrypt=False;Initial Catalog=SAMMS-VCPHCS-XI-NorthDenverV5;,SAMMS-VCPHCS-XI-NorthDenverV5,Select,NULL,NULL,Westminster,1,1,dbo,tbl3PAYauth,pats,tbl_pbi3PayAuth,1 = 1,Order by tpaid,0,V6,V11-1-12,NULL
BHG_DR,2,pats,tbl_pbi3PayAuth,MST,V12,1,12,1,SQL,2,SAMMS,Data Source=BHGDALLSQL05\SQL2016SAMMS;Connection Timeout=60;Integrated Security=True;Encrypt=False;Initial Catalog=SAMMS-VCPHCS-XII-DowntownDenverV5;,SAMMS-VCPHCS-XII-DowntownDenverV5,Select,NULL,NULL,Downtown Denver,1,1,dbo,tbl3PAYauth,pats,tbl_pbi3PayAuth,1 = 1,Order by tpaid,0,V6,V12-1-12,NULL
BHG_DR,2,pats,tbl_pbi3PayAuth,MST,V12A,1,12,1,SQL,2,SAMMS,Data Source=BHGDALLSQL05\SQL2016SAMMS;Connection Timeout=60;Integrated Security=True;Encrypt=False;Initial Catalog=SAMMS-CentennialV5;,SAMMS-CentennialV5,Select,NULL,NULL,Centennial,1,1,dbo,tbl3PAYauth,pats,tbl_pbi3PayAuth,1 = 1,Order by tpaid,0,V6,V12A-1-12,NULL
BHG_DR,2,pats,tbl_pbi3PayAuth,CST,V14,1,12,1,SQL,2,SAMMS,Data Source=BHGDALLSQL05\SQL2016SAMMS;Connection Timeout=60;Integrated Security=True;Encrypt=False;Initial Catalog=SAMMS-VCPHCS-XIV-BridgewayV5;,SAMMS-VCPHCS-XIV-BridgewayV5,Select,NULL,NULL,Overland Park,1,0,dbo,tbl3PAYauth,pats,tbl_pbi3PayAuth,1 = 1,Order by tpaid,0,V6,V14-1-12,NULL
BHG_DR,2,pats,tbl_pbi3PayAuth,CST,V15,1,12,1,SQL,2,SAMMS,Data Source=BHGDALLSQL05\SQL2016SAMMS;Connection Timeout=60;Integrated Security=True;Encrypt=False;Initial Catalog=SAMMS-JoplinV5;,SAMMS-JoplinV5,Select,NULL,NULL,Joplin,1,0,dbo,tbl3PAYauth,pats,tbl_pbi3PayAuth,1 = 1,Order by tpaid,0,V6,V15-1-12,NULL
BHG_DR,2,pats,tbl_pbi3PayAuth,EST,V17,1,12,1,SQL,2,SAMMS,Data Source=BHGDALLSQL05\SQL2016SAMMS;Connection Timeout=60;Integrated Security=True;Encrypt=False;Initial Catalog=SAMMS-ColumbiaTNv5;,SAMMS-ColumbiaTNv5,Select,NULL,NULL,Columbia TN,1,0,dbo,tbl3PAYauth,pats,tbl_pbi3PayAuth,1 = 1,Order by tpaid,0,V6,V17-1-12,NULL
BHG_DR,2,pats,tbl_pbi3PayAuth,EST,V19,1,12,1,SQL,2,SAMMS,Data Source=BHGDALLSQL05\SQL2016SAMMS;Connection Timeout=60;Integrated Security=True;Encrypt=False;Initial Catalog=SAMMS-JacksonV5;,SAMMS-JacksonV5,Select,NULL,NULL,Jackson,1,0,dbo,tbl3PAYauth,pats,tbl_pbi3PayAuth,1 = 1,Order by tpaid,0,V6,V19-1-12,NULL
BHG_DR,2,pats,tbl_pbi3PayAuth,EST,V20,1,12,1,SQL,2,SAMMS,Data Source=BHGDALLSQL05\SQL2016SAMMS;Connection Timeout=60;Integrated Security=True;Encrypt=False;Initial Catalog=SAMMS-ParisV5;,SAMMS-ParisV5,Select,NULL,NULL,Paris,1,0,dbo,tbl3PAYauth,pats,tbl_pbi3PayAuth,1 = 1,Order by tpaid,0,V6,V20-1-12,NULL
BHG_DR,2,pats,tbl_pbi3PayAuth,EST,V21,1,12,1,SQL,2,SAMMS,Data Source=BHGDALLSQL05\SQL2016SAMMS;Connection Timeout=60;Integrated Security=True;Encrypt=False;Initial Catalog=SAMMS-RaleighV5;,SAMMS-RaleighV5,Select,NULL,NULL,Memphis North,1,0,dbo,tbl3PAYauth,pats,tbl_pbi3PayAuth,1 = 1,Order by tpaid,0,V6,V21-1-12,NULL
BHG_DR,2,pats,tbl_pbi3PayAuth,CST,V5,1,12,1,SQL,2,SAMMS,Data Source=BHGDALLSQL05\SQL2016SAMMS;Connection Timeout=60;Integrated Security=True;Encrypt=False;Initial Catalog=SAMMS-NONTCv5;,SAMMS-NONTCv5,Select,NULL,NULL,West Bank,1,1,dbo,tbl3PAYauth,pats,tbl_pbi3PayAuth,1 = 1,Order by tpaid,0,V6,V5-1-12,NULL
BHG_DR,2,pats,tbl_pbi3PayAuth,CST,V5B,1,12,1,SQL,2,SAMMS,Data Source=BHGDALLSQL05\SQL2016SAMMS;Connection Timeout=60;Integrated Security=True;Encrypt=False;Initial Catalog=SAMMS-HoumaV6;,SAMMS-HoumaV6,Select,NULL,NULL,Houma,1,0,dbo,tbl3PAYauth,pats,tbl_pbi3PayAuth,1 = 1,Order by tpaid,0,v6,V5B-1-12,NULL
BHG_DR,2,pats,tbl_pbi3PayAuth,CST,V6,1,12,1,SQL,2,SAMMS,Data Source=BHGDALLSQL05\SQL2016SAMMS;Connection Timeout=60;Integrated Security=True;Encrypt=False;Initial Catalog=SAMMS-LCv5;,SAMMS-LCv5,Select,NULL,NULL,Lake Charles,1,1,dbo,tbl3PAYauth,pats,tbl_pbi3PayAuth,1 = 1,Order by tpaid,0,V6,V6-1-12,NULL
BHG_DR,2,pats,tbl_pbi3PayAuth,EST,V8,1,12,1,SQL,2,SAMMS,Data Source=BHGDALLSQL05\SQL2016SAMMS;Connection Timeout=60;Integrated Security=True;Encrypt=False;Initial Catalog=SAMMS-VCPHCS-VIII-MemphisV5;,SAMMS-VCPHCS-VIII-MemphisV5,Select,NULL,NULL,Memphis Midtown,1,0,dbo,tbl3PAYauth,pats,tbl_pbi3PayAuth,1 = 1,Order by tpaid,0,V6,V8-1-12,NULL
BHG_DR,2,pats,tbl_pbi3PayAuth,EST,V9,1,12,1,SQL,2,SAMMS,Data Source=BHGDALLSQL05\SQL2016SAMMS;Connection Timeout=60;Integrated Security=True;Encrypt=False;Initial Catalog=SAMMS-NashvilleV5;,SAMMS-NashvilleV5,Select,NULL,NULL,Nashville,1,0,dbo,tbl3PAYauth,pats,tbl_pbi3PayAuth,1 = 1,Order by tpaid,0,V6,V9-1-12,NULL
BHG_DR,2,pats,tbl_pbi3PayAuth,CST,VBRA,1,12,1,SQL,2,SAMMS,Data Source=BHGDALLSQL05\SQL2016SAMMS;Connection Timeout=60;Integrated Security=True;Encrypt=False;Initial Catalog=SAMMS-BrainerdV6;,SAMMS-BrainerdV6,Select,2021-11-01,NULL,Brainerd,1,1,dbo,tbl3PAYauth,pats,tbl_pbi3PayAuth,1 = 1,Order by tpaid,0,V6,VBRA-1-12,NULL
BHG_DR,2,pats,tbl_pbi3PayAuth,CST,VBRP,1,12,1,SQL,2,SAMMS,Data Source=BHGDALLSQL05\SQL2016SAMMS;Connection Timeout=60;Integrated Security=True;Encrypt=False;Initial Catalog=SAMMS-BrooklynParkV6;,SAMMS-BrooklynParkV6,Select,2021-11-01,NULL,Brooklyn Park,1,1,dbo,tbl3PAYauth,pats,tbl_pbi3PayAuth,1 = 1,Order by tpaid,0,V6,VBRP-1-12,NULL
BHG_DR,2,pats,tbl_pbi3PayAuth,CST,VMIN,1,12,1,SQL,2,SAMMS,Data Source=BHGDALLSQL05\SQL2016SAMMS;Connection Timeout=60;Integrated Security=True;Encrypt=False;Initial Catalog=SAMMS-MinneapolisV6;,SAMMS-MinneapolisV6,Select,2021-11-01,NULL,Minneapolis,1,1,dbo,tbl3PAYauth,pats,tbl_pbi3PayAuth,1 = 1,Order by tpaid,0,V6,VMIN-1-12,NULL
BHG_DR,2,pats,tbl_pbi3PayAuth,CST,VWBY,1,12,1,SQL,2,SAMMS,Data Source=BHGDALLSQL05\SQL2016SAMMS;Connection Timeout=60;Integrated Security=True;Encrypt=False;Initial Catalog=SAMMS-WoodburyV6;,SAMMS-WoodburyV6,Select,2021-11-01,NULL,Woodbury,1,1,dbo,tbl3PAYauth,pats,tbl_pbi3PayAuth,1 = 1,Order by tpaid,0,V6,VWBY-1-12,NULL
BHG_DR,2,pats,tbl_pbi3PayAuth,EST,WIL,1,12,1,SQL,2,SAMMS,Data Source=BHGDALLSQL05\SQL2016SAMMS;Connection Timeout=60;Integrated Security=True;Encrypt=False;Initial Catalog=SAMMS-Wilson;,SAMMS-Wilson,Select,NULL,NULL,Wilson,1,1,dbo,tbl3PAYauth,pats,tbl_pbi3PayAuth,1 = 1,Order by tpaid,0,V6,WIL-1-12,NULL
BHG_DR,3,pats,tbl_vw3pBillSub,EST,AHK,1,27,1,SQL,2,SAMMS,Data Source=BHGDALLSQL05\SQL2016SAMMS;Connection Timeout=60;Integrated Security=True;Encrypt=False;Initial Catalog=SAMMS-Ahoskie ;,"SAMMS-Ahoskie ",Select,NULL,NULL,Ahoskie,1,1,dbo,vw3pBillSub,pats,tbl_vw3pBillSub,1 = 1,"Order by SiteCode, dsID",0,V6,AHK-1-27,NULL
BHG_DR,3,pats,tbl_vw3pBillSub,MST,B12B,1,27,1,SQL,2,SAMMS,Data Source=BHGDALLSQL05\SQL2016SAMMS;Connection Timeout=60;Integrated Security=True;Encrypt=False;Initial Catalog=SAMMS-ColoradoSpringsV5;,SAMMS-ColoradoSpringsV5,Select,NULL,NULL,Colorado Springs,1,0,dbo,vw3pBillSub,pats,tbl_vw3pBillSub,1 = 1,"Order by SiteCode, dsID",0,V6,B12B-1-27,NULL
BHG_DR,3,pats,tbl_vw3pBillSub,CST,B24,1,27,1,SQL,2,SAMMS,Data Source=BHGDALLSQL05\SQL2016SAMMS;Connection Timeout=60;Integrated Security=True;Encrypt=False;Initial Catalog=SAMMS-PaintsvilleV5;,SAMMS-PaintsvilleV5,Select,NULL,NULL,Paintsville,1,1,dbo,vw3pBillSub,pats,tbl_vw3pBillSub,1 = 1,"Order by SiteCode, dsID",0,V6,B24-1-27,NULL
BHG_DR,3,pats,tbl_vw3pBillSub,CST,B25,1,27,1,SQL,2,SAMMS,Data Source=BHGDALLSQL05\SQL2016SAMMS;Connection Timeout=60;Integrated Security=True;Encrypt=False;Initial Catalog=SAMMS-PikevilleV5;,SAMMS-PikevilleV5,Select,NULL,NULL,Pikeville,1,1,dbo,vw3pBillSub,pats,tbl_vw3pBillSub,1 = 1,"Order by SiteCode, dsID",0,V6,B25-1-27,NULL
BHG_DR,3,pats,tbl_vw3pBillSub,CST,B26,1,27,1,SQL,2,SAMMS,Data Source=BHGDALLSQL05\SQL2016SAMMS;Connection Timeout=60;Integrated Security=True;Encrypt=False;Initial Catalog=SAMMS-HazardV5;,SAMMS-HazardV5,Select,NULL,NULL,Hazard,1,0,dbo,vw3pBillSub,pats,tbl_vw3pBillSub,1 = 1,"Order by SiteCode, dsID",0,V6,B26-1-27,NULL
BHG_DR,3,pats,tbl_vw3pBillSub,EST,B27,1,27,1,SQL,2,SAMMS,Data Source=BHGDALLSQL05\SQL2016SAMMS;Connection Timeout=60;Integrated Security=True;Encrypt=False;Initial Catalog=SAMMS-SavannahV6;,SAMMS-SavannahV6,Select,2022-09-14,NULL,Savannah,1,1,dbo,vw3pBillSub,pats,tbl_vw3pBillSub,1 = 1,"Order by SiteCode, dsID",0,V6,B27-1-27,NULL
BHG_DR,3,pats,tbl_vw3pBillSub,CST,B28,1,27,1,SQL,2,SAMMS,Data Source=BHGDALLSQL05\SQL2016SAMMS;Connection Timeout=60;Integrated Security=True;Encrypt=False;Initial Catalog=SAMMS-WestPlainesV5;,SAMMS-WestPlainesV5,Select,NULL,NULL,West Plains,1,0,dbo,vw3pBillSub,pats,tbl_vw3pBillSub,1 = 1,"Order by SiteCode, dsID",0,V6,B28-1-27,NULL
BHG_DR,3,pats,tbl_vw3pBillSub,CST,B29,1,27,1,SQL,2,SAMMS,Data Source=BHGDALLSQL05\SQL2016SAMMS;Connection Timeout=60;Integrated Security=True;Encrypt=False;Initial Catalog=SAMMS-PoplarBluffV5;,SAMMS-PoplarBluffV5,Select,NULL,NULL,Poplar Bluff,1,0,dbo,vw3pBillSub,pats,tbl_vw3pBillSub,1 = 1,"Order by SiteCode, dsID",0,V6,B29-1-27,NULL
BHG_DR,3,pats,tbl_vw3pBillSub,CST,B30,1,27,1,SQL,2,SAMMS,Data Source=BHGDALLSQL05\SQL2016SAMMS;Connection Timeout=60;Integrated Security=True;Encrypt=False;Initial Catalog=SAMMS-KCNv5;,SAMMS-KCNv5,Select,2016-02-01,NULL,KC North,1,0,dbo,vw3pBillSub,pats,tbl_vw3pBillSub,1 = 1,"Order by SiteCode, dsID",0,V6,B30-1-27,NULL
BHG_DR,3,pats,tbl_vw3pBillSub,EST,B31,1,27,1,SQL,2,SAMMS,Data Source=BHGDALLSQL05\SQL2016SAMMS;Connection Timeout=60;Integrated Security=True;Encrypt=False;Initial Catalog=SAMMS-DyersburgV5;,SAMMS-DyersburgV5,Select,NULL,NULL,Dyersburg,1,0,dbo,vw3pBillSub,pats,tbl_vw3pBillSub,1 = 1,"Order by SiteCode, dsID",0,V6,B31-1-27,NULL
BHG_DR,3,pats,tbl_vw3pBillSub,CST,B33,1,27,1,SQL,2,SAMMS,Data Source=BHGDALLSQL05\SQL2016SAMMS;Connection Timeout=60;Integrated Security=True;Encrypt=False;Initial Catalog=SAMMS-Paducah;,SAMMS-Paducah,Select,NULL,NULL,Paducah,1,0,dbo,vw3pBillSub,pats,tbl_vw3pBillSub,1 = 1,"Order by SiteCode, dsID",0,V6,B33-1-27,NULL
BHG_DR,3,pats,tbl_vw3pBillSub,CST,B34,1,27,1,SQL,2,SAMMS,Data Source=BHGDALLSQL05\SQL2016SAMMS;Connection Timeout=60;Integrated Security=True;Encrypt=False;Initial Catalog=SAMMS-CorbinV5;,SAMMS-CorbinV5,Select,NULL,NULL,Corbin,1,0,dbo,vw3pBillSub,pats,tbl_vw3pBillSub,1 = 1,"Order by SiteCode, dsID",0,V6,B34-1-27,NULL
BHG_DR,3,pats,tbl_vw3pBillSub,CST,B35,1,27,1,SQL,2,SAMMS,Data Source=BHGDALLSQL05\SQL2016SAMMS;Connection Timeout=60;Integrated Security=True;Encrypt=False;Initial Catalog=SAMMS-LexingtonV5;,SAMMS-LexingtonV5,Select,NULL,NULL,Lexington,1,1,dbo,vw3pBillSub,pats,tbl_vw3pBillSub,1 = 1,"Order by SiteCode, dsID",0,V6,B35-1-27,NULL
BHG_DR,3,pats,tbl_vw3pBillSub,CST,B35A,1,27,1,SQL,2,SAMMS,Data Source=BHGDALLSQL05\SQL2016SAMMS;Connection Timeout=60;Integrated Security=True;Encrypt=False;Initial Catalog=SAMMS-BereaV5;,SAMMS-BereaV5,Select,2018-06-01,NULL,Berea,1,0,dbo,vw3pBillSub,pats,tbl_vw3pBillSub,1 = 1,"Order by SiteCode, dsID",0,V6,B35A-1-27,NULL
BHG_DR,3,pats,tbl_vw3pBillSub,EST,B36,1,27,1,SQL,2,SAMMS,Data Source=BHGDALLSQL05\SQL2016SAMMS;Connection Timeout=60;Integrated Security=True;Encrypt=False;Initial Catalog=SAMMS-AshevilleV5;,SAMMS-AshevilleV5,Select,2015-09-07,NULL,Asheville,1,0,dbo,vw3pBillSub,pats,tbl_vw3pBillSub,1 = 1,"Order by SiteCode, dsID",0,V6,B36-1-27,NULL
BHG_DR,3,pats,tbl_vw3pBillSub,EST,B37,1,27,1,SQL,2,SAMMS,Data Source=BHGDALLSQL05\SQL2016SAMMS;Connection Timeout=60;Integrated Security=True;Encrypt=False;Initial Catalog=SAMMS-ClydeV5;,SAMMS-ClydeV5,Select,2015-09-07,NULL,Clyde,1,0,dbo,vw3pBillSub,pats,tbl_vw3pBillSub,1 = 1,"Order by SiteCode, dsID",0,V6,B37-1-27,NULL
BHG_DR,3,pats,tbl_vw3pBillSub,EST,B38,1,27,1,SQL,2,SAMMS,Data Source=BHGDALLSQL05\SQL2016SAMMS;Connection Timeout=60;Integrated Security=True;Encrypt=False;Initial Catalog=SAMMS-SpartanburgV5;,SAMMS-SpartanburgV5,Select,2016-07-25,NULL,Spartanburg,1,0,dbo,vw3pBillSub,pats,tbl_vw3pBillSub,1 = 1,"Order by SiteCode, dsID",0,V6,B38-1-27,NULL
BHG_DR,3,pats,tbl_vw3pBillSub,EST,B39,1,27,1,SQL,2,SAMMS,Data Source=BHGDALLSQL05\SQL2016SAMMS;Connection Timeout=60;Integrated Security=True;Encrypt=False;Initial Catalog=SAMMS-AikenV5;,SAMMS-AikenV5,Select,2016-07-25,NULL,Aiken,1,0,dbo,vw3pBillSub,pats,tbl_vw3pBillSub,1 = 1,"Order by SiteCode, dsID",0,V6,B39-1-27,NULL
BHG_DR,3,pats,tbl_vw3pBillSub,EST,B41,1,27,1,SQL,2,SAMMS,Data Source=BHGDALLSQL05\SQL2016SAMMS;Connection Timeout=60;Integrated Security=True;Encrypt=False;Initial Catalog=SAMMS-ChesapeakeV5;,SAMMS-ChesapeakeV5,Select,2016-10-24,NULL,Chesapeake,1,0,dbo,vw3pBillSub,pats,tbl_vw3pBillSub,1 = 1,"Order by SiteCode, dsID",0,V6,B41-1-27,NULL
BHG_DR,3,pats,tbl_vw3pBillSub,EST,B42,1,27,1,SQL,2,SAMMS,Data Source=BHGDALLSQL05\SQL2016SAMMS;Connection Timeout=60;Integrated Security=True;Encrypt=False;Initial Catalog=SAMMS-VirginiaBeachV5;,SAMMS-VirginiaBeachV5,Select,2016-10-24,NULL,Virginia Beach,1,0,dbo,vw3pBillSub,pats,tbl_vw3pBillSub,1 = 1,"Order by SiteCode, dsID",0,V6,B42-1-27,NULL
BHG_DR,3,pats,tbl_vw3pBillSub,EST,B42A,1,27,1,SQL,2,SAMMS,Data Source=BHGDALLSQL05\SQL2016SAMMS;Connection Timeout=60;Integrated Security=True;Encrypt=False;Initial Catalog=SAMMS-NewportNewsV5;,SAMMS-NewportNewsV5,Select,2018-12-06,NULL,Newport News,1,0,dbo,vw3pBillSub,pats,tbl_vw3pBillSub,1 = 1,"Order by SiteCode, dsID",0,V6,B42A-1-27,NULL
BHG_DR,3,pats,tbl_vw3pBillSub,EST,B42B,1,27,1,SQL,2,SAMMS,Data Source=BHGDALLSQL05\SQL2016SAMMS;Connection Timeout=60;Integrated Security=True;Encrypt=False;Initial Catalog=SAMMS-FranklinV5;,SAMMS-FranklinV5,Select,2018-12-19,NULL,Franklin,1,0,dbo,vw3pBillSub,pats,tbl_vw3pBillSub,1 = 1,"Order by SiteCode, dsID",0,V6,B42B-1-27,NULL
BHG_DR,3,pats,tbl_vw3pBillSub,EST,B42C,1,27,1,SQL,2,SAMMS,Data Source=BHGDALLSQL05\SQL2016SAMMS;Connection Timeout=60;Integrated Security=True;Encrypt=False;Initial Catalog=SAMMS-GlenAllenV5;,SAMMS-GlenAllenV5,Select,2019-07-17,NULL,Glen Allen,1,0,dbo,vw3pBillSub,pats,tbl_vw3pBillSub,1 = 1,"Order by SiteCode, dsID",0,V6,B42C-1-27,NULL
BHG_DR,3,pats,tbl_vw3pBillSub,EST,B42D,1,27,1,SQL,2,SAMMS,Data Source=BHGDALLSQL05\SQL2016SAMMS;Connection Timeout=60;Integrated Security=True;Encrypt=False;Initial Catalog=SAMMS-ChesapeakeSouthV5;,SAMMS-ChesapeakeSouthV5,Select,2019-06-11,NULL,Chesapeake South,1,0,dbo,vw3pBillSub,pats,tbl_vw3pBillSub,1 = 1,"Order by SiteCode, dsID",0,V6,B42D-1-27,NULL
BHG_DR,3,pats,tbl_vw3pBillSub,EST,B44,1,27,1,SQL,2,SAMMS,Data Source=BHGDALLSQL05\SQL2016SAMMS;Connection Timeout=60;Integrated Security=True;Encrypt=False;Initial Catalog=SAMMS-AlbanyV5;,SAMMS-AlbanyV5,Select,2017-06-19,NULL,Albany,1,0,dbo,vw3pBillSub,pats,tbl_vw3pBillSub,1 = 1,"Order by SiteCode, dsID",0,V6,B44-1-27,NULL
BHG_DR,3,pats,tbl_vw3pBillSub,EST,B45,1,27,1,SQL,2,SAMMS,Data Source=BHGDALLSQL05\SQL2016SAMMS;Connection Timeout=60;Integrated Security=True;Encrypt=False;Initial Catalog=SAMMS-TiftonV5;,SAMMS-TiftonV5,Select,2017-06-19,NULL,Tifton,1,0,dbo,vw3pBillSub,pats,tbl_vw3pBillSub,1 = 1,"Order by SiteCode, dsID",0,V6,B45-1-27,NULL
BHG_DR,3,pats,tbl_vw3pBillSub,CST,B46,1,27,1,SQL,2,SAMMS,Data Source=BHGDALLSQL05\SQL2016SAMMS;Connection Timeout=60;Integrated Security=True;Encrypt=False;Initial Catalog=SAMMS-WashingtonDCv5;,SAMMS-WashingtonDCv5,Select,2019-03-20,NULL,Washington DC,1,0,dbo,vw3pBillSub,pats,tbl_vw3pBillSub,1 = 1,"Order by SiteCode, dsID",0,V6,B46-1-27,NULL
BHG_DR,3,pats,tbl_vw3pBillSub,CST,B47,1,27,1,SQL,2,SAMMS,Data Source=BHGDALLSQL05\SQL2016SAMMS;Connection Timeout=60;Integrated Security=True;Encrypt=False;Initial Catalog=SAMMS-MobileV5;,SAMMS-MobileV5,Select,2019-09-10,NULL,Mobile,1,0,dbo,vw3pBillSub,pats,tbl_vw3pBillSub,1 = 1,"Order by SiteCode, dsID",0,V6,B47-1-27,NULL
BHG_DR,3,pats,tbl_vw3pBillSub,CST,B48,1,27,1,SQL,2,SAMMS,Data Source=BHGDALLSQL05\SQL2016SAMMS;Connection Timeout=60;Integrated Security=True;Encrypt=False;Initial Catalog=SAMMS-TuscaloosaV5;,SAMMS-TuscaloosaV5,Select,2017-11-19,NULL,Tuscaloosa,1,0,dbo,vw3pBillSub,pats,tbl_vw3pBillSub,1 = 1,"Order by SiteCode, dsID",0,V6,B48-1-27,NULL
BHG_DR,3,pats,tbl_vw3pBillSub,CST,B51,1,27,1,SQL,2,SAMMS,Data Source=BHGDALLSQL05\SQL2016SAMMS;Connection Timeout=60;Integrated Security=True;Encrypt=False;Initial Catalog=SAMMS-NorthLittleRockV6;,SAMMS-NorthLittleRockV6,Select,2019-11-15,NULL,N. Little Rock (OTP),1,0,dbo,vw3pBillSub,pats,tbl_vw3pBillSub,1 = 1,"Order by SiteCode, dsID",0,V6,B51-1-27,NULL
BHG_DR,3,pats,tbl_vw3pBillSub,EST,B52,1,27,1,SQL,2,SAMMS,Data Source=BHGDALLSQL05\SQL2016SAMMS;Connection Timeout=60;Integrated Security=True;Encrypt=False;Initial Catalog=SAMMS-JacksonGAV5;,SAMMS-JacksonGAV5,Select,2018-06-01,NULL,Jackson GA,1,0,dbo,vw3pBillSub,pats,tbl_vw3pBillSub,1 = 1,"Order by SiteCode, dsID",0,V6,B52-1-27,NULL
BHG_DR,3,pats,tbl_vw3pBillSub,CST,B54,1,27,1,SQL,2,SAMMS,Data Source=BHGDALLSQL05\SQL2016SAMMS;Connection Timeout=60;Integrated Security=True;Encrypt=False;Initial Catalog=SAMMS-GadsdenV5;,SAMMS-GadsdenV5,Select,2018-06-01,NULL,Gadsden,1,0,dbo,vw3pBillSub,pats,tbl_vw3pBillSub,1 = 1,"Order by SiteCode, dsID",0,V6,B54-1-27,NULL
BHG_DR,3,pats,tbl_vw3pBillSub,CST,B55,1,27,1,SQL,2,SAMMS,Data Source=BHGDALLSQL05\SQL2016SAMMS;Connection Timeout=60;Integrated Security=True;Encrypt=False;Initial Catalog=SAMMS-ShoalsV5;,SAMMS-ShoalsV5,Select,2018-04-22,NULL,Shoals,1,0,dbo,vw3pBillSub,pats,tbl_vw3pBillSub,1 = 1,"Order by SiteCode, dsID",0,V6,B55-1-27,NULL
BHG_DR,3,pats,tbl_vw3pBillSub,EST,B57,1,27,1,SQL,2,SAMMS,Data Source=BHGDALLSQL05\SQL2016SAMMS;Connection Timeout=60;Integrated Security=True;Encrypt=False;Initial Catalog=SAMMS-Pawtucket;,SAMMS-Pawtucket,Select,2020-09-04,NULL,Pawtucket,1,1,dbo,vw3pBillSub,pats,tbl_vw3pBillSub,1 = 1,"Order by SiteCode, dsID",0,V6,B57-1-27,NULL
BHG_DR,3,pats,tbl_vw3pBillSub,EST,B57A,1,27,1,SQL,2,SAMMS,Data Source=BHGDALLSQL05\SQL2016SAMMS;Connection Timeout=60;Integrated Security=True;Encrypt=False;Initial Catalog=SAMMS-Johnston;,SAMMS-Johnston,Select,2021-10-04,NULL,Johnston,1,1,dbo,vw3pBillSub,pats,tbl_vw3pBillSub,1 = 1,"Order by SiteCode, dsID",0,V6,B57A-1-27,NULL
BHG_DR,3,pats,tbl_vw3pBillSub,EST,B57B,1,27,1,SQL,2,SAMMS,Data Source=BHGDALLSQL05\SQL2016SAMMS;Connection Timeout=60;Integrated Security=True;Encrypt=False;Initial Catalog=SAMMS-Middletown;,SAMMS-Middletown,Select,2021-10-04,NULL,Middletown,1,1,dbo,vw3pBillSub,pats,tbl_vw3pBillSub,1 = 1,"Order by SiteCode, dsID",0,V6,B57B-1-27,NULL
BHG_DR,3,pats,tbl_vw3pBillSub,EST,B57C,1,27,1,SQL,2,SAMMS,Data Source=BHGDALLSQL05\SQL2016SAMMS;Connection Timeout=60;Integrated Security=True;Encrypt=False;Initial Catalog=SAMMS-Providence;,SAMMS-Providence,Select,2021-10-04,NULL,Providence,1,1,dbo,vw3pBillSub,pats,tbl_vw3pBillSub,1 = 1,"Order by SiteCode, dsID",0,V6,B57C-1-27,NULL
BHG_DR,3,pats,tbl_vw3pBillSub,EST,B57D,1,27,1,SQL,2,SAMMS,Data Source=BHGDALLSQL05\SQL2016SAMMS;Connection Timeout=60;Integrated Security=True;Encrypt=False;Initial Catalog=SAMMS-Westerly;,SAMMS-Westerly,Select,2021-10-04,NULL,Westerly,1,1,dbo,vw3pBillSub,pats,tbl_vw3pBillSub,1 = 1,"Order by SiteCode, dsID",0,V6,B57D-1-27,NULL
BHG_DR,3,pats,tbl_vw3pBillSub,EST,B66A,1,27,1,SQL,2,SAMMS,Data Source=BHGDALLSQL05\SQL2016SAMMS;Connection Timeout=60;Integrated Security=True;Encrypt=False;Initial Catalog=SAMMS-Bremen;,SAMMS-Bremen,Select,NULL,NULL,Bremen,1,1,dbo,vw3pBillSub,pats,tbl_vw3pBillSub,1 = 1,"Order by SiteCode, dsID",0,V6,B66A-1-27,NULL
BHG_DR,3,pats,tbl_vw3pBillSub,CST,B72,1,27,1,SQL,2,SAMMS,Data Source=BHGDALLSQL05\SQL2016SAMMS;Connection Timeout=60;Integrated Security=True;Encrypt=False;Initial Catalog=SAMMS-Mobile-OBOT;,SAMMS-Mobile-OBOT,Select,NULL,NULL,Mobile (OBOT),1,1,dbo,vw3pBillSub,pats,tbl_vw3pBillSub,1 = 1,"Order by SiteCode, dsID",0,V6,B72-1-27,NULL
BHG_DR,3,pats,tbl_vw3pBillSub,CST,B73,1,27,1,SQL,2,SAMMS,Data Source=BHGDALLSQL05\SQL2016SAMMS;Connection Timeout=60;Integrated Security=True;Encrypt=False;Initial Catalog=SAMMS-Montgomery;,SAMMS-Montgomery,Select,NULL,NULL,Montgomery,1,1,dbo,vw3pBillSub,pats,tbl_vw3pBillSub,1 = 1,"Order by SiteCode, dsID",0,V6,B73-1-27,NULL
BHG_DR,3,pats,tbl_vw3pBillSub,CST,B75,1,27,1,SQL,2,SAMMS,Data Source=BHGDALLSQL05\SQL2016SAMMS;Connection Timeout=60;Integrated Security=True;Encrypt=False;Initial Catalog=SAMMS-LawrenceV6;,SAMMS-LawrenceV6,Select,2021-11-09,NULL,Lawrence,1,0,dbo,vw3pBillSub,pats,tbl_vw3pBillSub,1 = 1,"Order by SiteCode, dsID",0,V6,B75-1-27,NULL
BHG_DR,3,pats,tbl_vw3pBillSub,CST,B76,1,27,1,SQL,2,SAMMS,Data Source=BHGDALLSQL05\SQL2016SAMMS;Connection Timeout=60;Integrated Security=True;Encrypt=False;Initial Catalog=SAMMS-Huntsville-OBOT;,SAMMS-Huntsville-OBOT,Select,NULL,NULL,Huntsville OBOT,1,0,dbo,vw3pBillSub,pats,tbl_vw3pBillSub,1 = 1,"Order by SiteCode, dsID",0,V6,B76-1-27,NULL
BHG_DR,3,pats,tbl_vw3pBillSub,CST,BAT,1,27,1,SQL,2,SAMMS,Data Source=BHGDALLSQL05\SQL2016SAMMS;Connection Timeout=60;Integrated Security=True;Encrypt=False;Initial Catalog=SAMMS-Batesville;,SAMMS-Batesville,Select,NULL,NULL,Batesville,1,1,dbo,vw3pBillSub,pats,tbl_vw3pBillSub,1 = 1,"Order by SiteCode, dsID",0,V6,BAT-1-27,NULL
BHG_DR,3,pats,tbl_vw3pBillSub,CST,BG,1,27,1,SQL,2,SAMMS,Data Source=BHGDALLSQL05\SQL2016SAMMS;Connection Timeout=60;Integrated Security=True;Encrypt=False;Initial Catalog=SAMMS-BowlingGreen;,SAMMS-BowlingGreen,Select,NULL,NULL,Bowling Green,1,1,dbo,vw3pBillSub,pats,tbl_vw3pBillSub,1 = 1,"Order by SiteCode, dsID",0,V6,BG-1-27,NULL
BHG_DR,3,pats,tbl_vw3pBillSub,MST,BOI,1,27,1,SQL,2,SAMMS,Data Source=BHGDALLSQL05\SQL2016SAMMS;Connection Timeout=60;Integrated Security=True;Encrypt=False;Initial Catalog=SAMMS-Boise;,SAMMS-Boise,Select,NULL,NULL,Boise,1,1,dbo,vw3pBillSub,pats,tbl_vw3pBillSub,1 = 1,"Order by SiteCode, dsID",0,V6,BOI-1-27,NULL
BHG_DR,3,pats,tbl_vw3pBillSub,MST,CBCO,1,27,1,SQL,2,SAMMS,Data Source=BHGDALLSQL05\SQL2016SAMMS;Connection Timeout=60;Integrated Security=True;Encrypt=False;Initial Catalog=SAMMS-CoeurdAleneV6;,SAMMS-CoeurdAleneV6,Select,NULL,NULL,Coeur d'Alene,1,1,dbo,vw3pBillSub,pats,tbl_vw3pBillSub,1 = 1,"Order by SiteCode, dsID",0,V6,CBCO-1-27,NULL
BHG_DR,3,pats,tbl_vw3pBillSub,CST,CON,1,27,1,SQL,2,SAMMS,Data Source=BHGDALLSQL05\SQL2016SAMMS;Connection Timeout=60;Integrated Security=True;Encrypt=False;Initial Catalog=SAMMS-Conway;,SAMMS-Conway,Select,NULL,NULL,Conway,1,1,dbo,vw3pBillSub,pats,tbl_vw3pBillSub,1 = 1,"Order by SiteCode, dsID",0,V6,CON-1-27,NULL
BHG_DR,3,pats,tbl_vw3pBillSub,EST,D07,1,27,1,SQL,2,SAMMS,Data Source=BHGDALLSQL05\SQL2016SAMMS;Connection Timeout=60;Integrated Security=True;Encrypt=False;Initial Catalog=SAMMS-KnoxvilleV6;,SAMMS-KnoxvilleV6,Select,NULL,NULL,Medical Services Knox TN,1,1,dbo,vw3pBillSub,pats,tbl_vw3pBillSub,1 = 1,"Order by SiteCode, dsID",0,V6,D07-1-27,NULL
BHG_DR,3,pats,tbl_vw3pBillSub,EST,D08,1,27,1,SQL,2,SAMMS,Data Source=BHGDALLSQL05\SQL2016SAMMS;Connection Timeout=60;Integrated Security=True;Encrypt=False;Initial Catalog=SAMMS-MadisonV6;,SAMMS-MadisonV6,Select,NULL,NULL,Madison,1,1,dbo,vw3pBillSub,pats,tbl_vw3pBillSub,1 = 1,"Order by SiteCode, dsID",0,V6,D08-1-27,NULL
BHG_DR,3,pats,tbl_vw3pBillSub,EST,D09,1,27,1,SQL,2,SAMMS,Data Source=BHGDALLSQL05\SQL2016SAMMS;Connection Timeout=60;Integrated Security=True;Encrypt=False;Initial Catalog=SAMMS-MurfreesboroV6;,SAMMS-MurfreesboroV6,Select,NULL,NULL,Murfreesboro,1,1,dbo,vw3pBillSub,pats,tbl_vw3pBillSub,1 = 1,"Order by SiteCode, dsID",0,V6,D09-1-27,NULL
BHG_DR,3,pats,tbl_vw3pBillSub,CST,DA,1,27,1,SQL,2,SAMMS,Data Source=BHGDALLSQL05\SQL2016SAMMS;Connection Timeout=60;Integrated Security=True;Encrypt=False;Initial Catalog=SAMMS-Davenport;,SAMMS-Davenport,Select,NULL,NULL,Davenport,1,1,dbo,vw3pBillSub,pats,tbl_vw3pBillSub,1 = 1,"Order by SiteCode, dsID",0,V6,DA-1-27,NULL
BHG_DR,3,pats,tbl_vw3pBillSub,CST,DM,1,27,1,SQL,2,SAMMS,Data Source=BHGDALLSQL05\SQL2016SAMMS;Connection Timeout=60;Integrated Security=True;Encrypt=False;Initial Catalog=SAMMS-DesMoines;,SAMMS-DesMoines,Select,NULL,NULL,Des Moines,1,1,dbo,vw3pBillSub,pats,tbl_vw3pBillSub,1 = 1,"Order by SiteCode, dsID",0,V6,DM-1-27,NULL
BHG_DR,3,pats,tbl_vw3pBillSub,CST,DRD-CO,1,27,1,SQL,2,SAMMS,Data Source=BHGDALLSQL05\SQL2016SAMMS;Connection Timeout=60;Integrated Security=True;Encrypt=False;Initial Catalog=SAMMS-ColumbiaV5;,SAMMS-ColumbiaV5,Select,NULL,NULL,Columbia MO,1,0,dbo,vw3pBillSub,pats,tbl_vw3pBillSub,1 = 1,"Order by SiteCode, dsID",0,V6,DRD-CO-1-27,NULL
BHG_DR,3,pats,tbl_vw3pBillSub,CST,DRD-KC,1,27,1,SQL,2,SAMMS,Data Source=BHGDALLSQL05\SQL2016SAMMS;Connection Timeout=60;Integrated Security=True;Encrypt=False;Initial Catalog=SAMMS-KCv5;,SAMMS-KCv5,Select,NULL,NULL,KC,1,0,dbo,vw3pBillSub,pats,tbl_vw3pBillSub,1 = 1,"Order by SiteCode, dsID",0,V6,DRD-KC-1-27,NULL
BHG_DR,3,pats,tbl_vw3pBillSub,EST,DRD-KVB,1,27,1,SQL,2,SAMMS,Data Source=BHGDALLSQL05\SQL2016SAMMS;Connection Timeout=60;Integrated Security=True;Encrypt=False;Initial Catalog=SAMMS-KVBv5;,SAMMS-KVBv5,Select,NULL,NULL,KVB,1,0,dbo,vw3pBillSub,pats,tbl_vw3pBillSub,1 = 1,"Order by SiteCode, dsID",0,V6,DRD-KVB-1-27,NULL
BHG_DR,3,pats,tbl_vw3pBillSub,EST,DRD-KVC,1,27,1,SQL,2,SAMMS,Data Source=BHGDALLSQL05\SQL2016SAMMS;Connection Timeout=60;Integrated Security=True;Encrypt=False;Initial Catalog=SAMMS-KVCv5;,SAMMS-KVCv5,Select,NULL,NULL,KVC,1,0,dbo,vw3pBillSub,pats,tbl_vw3pBillSub,1 = 1,"Order by SiteCode, dsID",0,V6,DRD-KVC-1-27,NULL
BHG_DR,3,pats,tbl_vw3pBillSub,CST,DRD-NOLA,1,27,1,SQL,2,SAMMS,Data Source=BHGDALLSQL05\SQL2016SAMMS;Connection Timeout=60;Integrated Security=True;Encrypt=False;Initial Catalog=SAMMS-NOLAv5;,SAMMS-NOLAv5,Select,1985-01-01,NULL,NOLA,1,1,dbo,vw3pBillSub,pats,tbl_vw3pBillSub,1 = 1,"Order by SiteCode, dsID",0,V6,DRD-NOLA-1-27,NULL
BHG_DR,3,pats,tbl_vw3pBillSub,CST,DRD-SF,1,27,1,SQL,2,SAMMS,Data Source=BHGDALLSQL05\SQL2016SAMMS;Connection Timeout=60;Integrated Security=True;Encrypt=False;Initial Catalog=SAMMS-SFv5;,SAMMS-SFv5,Select,NULL,NULL,Springfield,1,0,dbo,vw3pBillSub,pats,tbl_vw3pBillSub,1 = 1,"Order by SiteCode, dsID",0,V6,DRD-SF-1-27,NULL
BHG_DR,3,pats,tbl_vw3pBillSub,EST,ELC,1,27,1,SQL,2,SAMMS,Data Source=BHGDALLSQL05\SQL2016SAMMS;Connection Timeout=60;Integrated Security=True;Encrypt=False;Initial Catalog=SAMMS-ElizabethCity ;,"SAMMS-ElizabethCity ",Select,NULL,NULL,Elizabeth City,1,1,dbo,vw3pBillSub,pats,tbl_vw3pBillSub,1 = 1,"Order by SiteCode, dsID",0,V6,ELC-1-27,NULL
BHG_DR,3,pats,tbl_vw3pBillSub,CST,ET,1,27,1,SQL,2,SAMMS,Data Source=BHGDALLSQL05\SQL2016SAMMS;Connection Timeout=60;Integrated Security=True;Encrypt=False;Initial Catalog=SAMMS-Elizabethtown;,SAMMS-Elizabethtown,Select,NULL,NULL,Elizabethtown,1,1,dbo,vw3pBillSub,pats,tbl_vw3pBillSub,1 = 1,"Order by SiteCode, dsID",0,V6,ET-1-27,NULL
BHG_DR,3,pats,tbl_vw3pBillSub,CST,FAY,1,27,1,SQL,2,SAMMS,Data Source=BHGDALLSQL05\SQL2016SAMMS;Connection Timeout=60;Integrated Security=True;Encrypt=False;Initial Catalog=SAMMS-Fayetteville;,SAMMS-Fayetteville,Select,2019-08-15,NULL,Fayetteville,1,1,dbo,vw3pBillSub,pats,tbl_vw3pBillSub,1 = 1,"Order by SiteCode, dsID",0,V6,FAY-1-27,NULL
BHG_DR,3,pats,tbl_vw3pBillSub,CST,FR,1,27,1,SQL,2,SAMMS,Data Source=BHGDALLSQL05\SQL2016SAMMS;Connection Timeout=60;Integrated Security=True;Encrypt=False;Initial Catalog=SAMMS-Frankfort;,SAMMS-Frankfort,Select,NULL,NULL,Frankfort,1,1,dbo,vw3pBillSub,pats,tbl_vw3pBillSub,1 = 1,"Order by SiteCode, dsID",0,V6,FR-1-27,NULL
BHG_DR,3,pats,tbl_vw3pBillSub,CST,FS,1,27,1,SQL,2,SAMMS,Data Source=BHGDALLSQL05\SQL2016SAMMS;Connection Timeout=60;Integrated Security=True;Encrypt=False;Initial Catalog=SAMMS-FortSmith;,SAMMS-FortSmith,Select,2019-08-15,NULL,Fort Smith,1,1,dbo,vw3pBillSub,pats,tbl_vw3pBillSub,1 = 1,"Order by SiteCode, dsID",0,V6,FS-1-27,NULL
BHG_DR,3,pats,tbl_vw3pBillSub,EST,FW,1,27,1,SQL,2,SAMMS,Data Source=BHGDALLSQL05\SQL2016SAMMS;Connection Timeout=60;Integrated Security=True;Encrypt=False;Initial Catalog=SAMMS-FortWayne;,SAMMS-FortWayne,Select,NULL,NULL,Fort Wayne,1,1,dbo,vw3pBillSub,pats,tbl_vw3pBillSub,1 = 1,"Order by SiteCode, dsID",0,V6,FW-1-27,NULL
BHG_DR,3,pats,tbl_vw3pBillSub,EST,GAL,1,27,1,SQL,2,SAMMS,Data Source=BHGDALLSQL05\SQL2016SAMMS;Connection Timeout=60;Integrated Security=True;Encrypt=False;Initial Catalog=SAMMS-Gaylord ;,"SAMMS-Gaylord ",Select,NULL,NULL,Gaylord,1,1,dbo,vw3pBillSub,pats,tbl_vw3pBillSub,1 = 1,"Order by SiteCode, dsID",0,V6,GAL-1-27,NULL
BHG_DR,3,pats,tbl_vw3pBillSub,EST,GRC,1,27,1,SQL,2,SAMMS,Data Source=BHGDALLSQL05\SQL2016SAMMS;Connection Timeout=60;Integrated Security=True;Encrypt=False;Initial Catalog=SAMMS-GreenfieldV5;,SAMMS-GreenfieldV5,Select,2018-12-05,NULL,Greenfield,0,0,dbo,vw3pBillSub,pats,tbl_vw3pBillSub,1 = 1,"Order by SiteCode, dsID",0,V6,GRC-1-27,NULL
BHG_DR,3,pats,tbl_vw3pBillSub,EST,HGT,1,27,1,SQL,2,SAMMS,Data Source=BHGDALLSQL05\SQL2016SAMMS;Connection Timeout=60;Integrated Security=True;Encrypt=False;Initial Catalog=SAMMS-Hagerstown;,SAMMS-Hagerstown,Select,NULL,NULL,Hagerstown,1,0,dbo,vw3pBillSub,pats,tbl_vw3pBillSub,1 = 1,"Order by SiteCode, dsID",0,V6,HGT-1-27,NULL
BHG_DR,3,pats,tbl_vw3pBillSub,CST,HNT,1,27,1,SQL,2,SAMMS,Data Source=BHGDALLSQL05\SQL2016SAMMS;Connection Timeout=60;Integrated Security=True;Encrypt=False;Initial Catalog=SAMMS-Huntsville;,SAMMS-Huntsville,Select,NULL,NULL,Huntsville,1,1,dbo,vw3pBillSub,pats,tbl_vw3pBillSub,1 = 1,"Order by SiteCode, dsID",0,V6,HNT-1-27,NULL
BHG_DR,3,pats,tbl_vw3pBillSub,CST,HS,1,27,1,SQL,2,SAMMS,Data Source=BHGDALLSQL05\SQL2016SAMMS;Connection Timeout=60;Integrated Security=True;Encrypt=False;Initial Catalog=SAMMS-HotSprings;,SAMMS-HotSprings,Select,2019-08-15,NULL,Hot Springs,1,1,dbo,vw3pBillSub,pats,tbl_vw3pBillSub,1 = 1,"Order by SiteCode, dsID",0,V6,HS-1-27,NULL
BHG_DR,3,pats,tbl_vw3pBillSub,CST,JON,1,27,1,SQL,2,SAMMS,Data Source=BHGDALLSQL05\SQL2016SAMMS;Connection Timeout=60;Integrated Security=True;Encrypt=False;Initial Catalog=SAMMS-Jonesboro;,SAMMS-Jonesboro,Select,NULL,NULL,Jonesboro,1,1,dbo,vw3pBillSub,pats,tbl_vw3pBillSub,1 = 1,"Order by SiteCode, dsID",0,V6,JON-1-27,NULL
BHG_DR,3,pats,tbl_vw3pBillSub,EST,Lab,1,27,1,SQL,2,SAMMS,Data Source=BHGDALLSQL05\SQL2016SAMMS;Connection Timeout=60;Integrated Security=True;Encrypt=False;Initial Catalog=SAMMS-LabV5-V2;,SAMMS-LabV5-V2,Select,NULL,NULL,Reference Lab,1,0,dbo,vw3pBillSub,pats,tbl_vw3pBillSub,1 = 1,"Order by SiteCode, dsID",0,V6,Lab-1-27,NULL
BHG_DR,3,pats,tbl_vw3pBillSub,EST,LAN,1,27,1,SQL,2,SAMMS,Data Source=BHGDALLSQL05\SQL2016SAMMS;Connection Timeout=60;Integrated Security=True;Encrypt=False;Initial Catalog=SAMMS-Lansing ;,"SAMMS-Lansing ",Select,NULL,NULL,Lansing,1,1,dbo,vw3pBillSub,pats,tbl_vw3pBillSub,1 = 1,"Order by SiteCode, dsID",0,V6,LAN-1-27,NULL
BHG_DR,3,pats,tbl_vw3pBillSub,CST,LO,1,27,1,SQL,2,SAMMS,Data Source=BHGDALLSQL05\SQL2016SAMMS;Connection Timeout=60;Integrated Security=True;Encrypt=False;Initial Catalog=SAMMS-Louisville;,SAMMS-Louisville,Select,NULL,NULL,Louisville,1,1,dbo,vw3pBillSub,pats,tbl_vw3pBillSub,1 = 1,"Order by SiteCode, dsID",0,V6,LO-1-27,NULL
BHG_DR,3,pats,tbl_vw3pBillSub,PST,LV1,1,27,1,SQL,2,SAMMS,Data Source=BHGDALLSQL05\SQL2016SAMMS;Connection Timeout=60;Integrated Security=True;Encrypt=False;Initial Catalog=SAMMS-Cheyenne;,SAMMS-Cheyenne,Select,NULL,NULL,Cheyenne,1,1,dbo,vw3pBillSub,pats,tbl_vw3pBillSub,1 = 1,"Order by SiteCode, dsID",0,V6,LV1-1-27,NULL
BHG_DR,3,pats,tbl_vw3pBillSub,PST,LV2,1,27,1,SQL,2,SAMMS,Data Source=BHGDALLSQL05\SQL2016SAMMS;Connection Timeout=60;Integrated Security=True;Encrypt=False;Initial Catalog=SAMMS-DesertInn;,SAMMS-DesertInn,Select,NULL,NULL,Desert Inn,1,1,dbo,vw3pBillSub,pats,tbl_vw3pBillSub,1 = 1,"Order by SiteCode, dsID",0,V6,LV2-1-27,NULL
BHG_DR,3,pats,tbl_vw3pBillSub,PST,LV3,1,27,1,SQL,2,SAMMS,Data Source=BHGDALLSQL05\SQL2016SAMMS;Connection Timeout=60;Integrated Security=True;Encrypt=False;Initial Catalog=SAMMS-McDaniel;,SAMMS-McDaniel,Select,NULL,NULL,McDaniel,1,1,dbo,vw3pBillSub,pats,tbl_vw3pBillSub,1 = 1,"Order by SiteCode, dsID",0,V6,LV3-1-27,NULL
BHG_DR,3,pats,tbl_vw3pBillSub,CST,MNRE,1,27,1,SQL,2,SAMMS,Data Source=BHGDALLSQL05\SQL2016SAMMS;Connection Timeout=60;Integrated Security=True;Encrypt=False;Initial Catalog=SAMMS-Monroe;,SAMMS-Monroe,Select,NULL,NULL,Monroe,1,1,dbo,vw3pBillSub,pats,tbl_vw3pBillSub,1 = 1,"Order by SiteCode, dsID",0,V6,MNRE-1-27,NULL
BHG_DR,3,pats,tbl_vw3pBillSub,EST,MP,1,27,1,SQL,2,SAMMS,Data Source=BHGDALLSQL05\SQL2016SAMMS;Connection Timeout=60;Integrated Security=True;Encrypt=False;Initial Catalog=SAMMS-MtPleasant ;,"SAMMS-MtPleasant ",Select,NULL,NULL,Mt. Pleasant,1,1,dbo,vw3pBillSub,pats,tbl_vw3pBillSub,1 = 1,"Order by SiteCode, dsID",0,V6,MP-1-27,NULL
BHG_DR,3,pats,tbl_vw3pBillSub,MST,MRD,1,27,1,SQL,2,SAMMS,Data Source=BHGDALLSQL05\SQL2016SAMMS;Connection Timeout=60;Integrated Security=True;Encrypt=False;Initial Catalog=SAMMS-Meridian;,SAMMS-Meridian,Select,NULL,NULL,Meridian,1,1,dbo,vw3pBillSub,pats,tbl_vw3pBillSub,1 = 1,"Order by SiteCode, dsID",0,V6,MRD-1-27,NULL
BHG_DR,3,pats,tbl_vw3pBillSub,EST,NC,1,27,1,SQL,2,SAMMS,Data Source=BHGDALLSQL05\SQL2016SAMMS;Connection Timeout=60;Integrated Security=True;Encrypt=False;Initial Catalog=SAMMS-NorthCharleston;,SAMMS-NorthCharleston,Select,NULL,NULL,North Charleston,1,1,dbo,vw3pBillSub,pats,tbl_vw3pBillSub,1 = 1,"Order by SiteCode, dsID",0,V6,NC-1-27,NULL
BHG_DR,3,pats,tbl_vw3pBillSub,CST,NLR,1,27,1,SQL,2,SAMMS,Data Source=BHGDALLSQL05\SQL2016SAMMS;Connection Timeout=60;Integrated Security=True;Encrypt=False;Initial Catalog=SAMMS-NLROBOT;,SAMMS-NLROBOT,Select,2019-08-15,NULL,N. Little Rock,1,1,dbo,vw3pBillSub,pats,tbl_vw3pBillSub,1 = 1,"Order by SiteCode, dsID",0,V6,NLR-1-27,NULL
BHG_DR,3,pats,tbl_vw3pBillSub,MST,PH,1,27,1,SQL,2,SAMMS,Data Source=BHGDALLSQL05\SQL2016SAMMS;Connection Timeout=60;Integrated Security=True;Encrypt=False;Initial Catalog=SAMMS-Phoenix;,SAMMS-Phoenix,Select,NULL,NULL,Phoenix,1,1,dbo,vw3pBillSub,pats,tbl_vw3pBillSub,1 = 1,"Order by SiteCode, dsID",0,V6,PH-1-27,NULL
BHG_DR,3,pats,tbl_vw3pBillSub,PST,RE,1,27,1,SQL,2,SAMMS,Data Source=BHGDALLSQL05\SQL2016SAMMS;Connection Timeout=60;Integrated Security=True;Encrypt=False;Initial Catalog=SAMMS-Reno;,SAMMS-Reno,Select,NULL,NULL,Reno,1,1,dbo,vw3pBillSub,pats,tbl_vw3pBillSub,1 = 1,"Order by SiteCode, dsID",0,V6,RE-1-27,NULL
BHG_DR,3,pats,tbl_vw3pBillSub,CST,RMD,1,27,1,SQL,2,SAMMS,Data Source=BHGDALLSQL05\SQL2016SAMMS;Connection Timeout=60;Integrated Security=True;Encrypt=False;Initial Catalog=SAMMS-Richmond;,SAMMS-Richmond,Select,NULL,NULL,Richmond,1,1,dbo,vw3pBillSub,pats,tbl_vw3pBillSub,1 = 1,"Order by SiteCode, dsID",0,V6,RMD-1-27,NULL
BHG_DR,3,pats,tbl_vw3pBillSub,CST,SFN,1,27,1,SQL,2,SAMMS,Data Source=BHGDALLSQL05\SQL2016SAMMS;Connection Timeout=60;Integrated Security=True;Encrypt=False;Initial Catalog=SAMMS-SFNv5;,SAMMS-SFNv5,Select,NULL,NULL,Springfield North,1,0,dbo,vw3pBillSub,pats,tbl_vw3pBillSub,1 = 1,"Order by SiteCode, dsID",0,V6,SFN-1-27,NULL
BHG_DR,3,pats,tbl_vw3pBillSub,CST,SHP,1,27,1,SQL,2,SAMMS,Data Source=BHGDALLSQL05\SQL2016SAMMS;Connection Timeout=60;Integrated Security=True;Encrypt=False;Initial Catalog=SAMMS-Shreveport;,SAMMS-Shreveport,Select,NULL,NULL,Shreveport,1,1,dbo,vw3pBillSub,pats,tbl_vw3pBillSub,1 = 1,"Order by SiteCode, dsID",0,V6,SHP-1-27,NULL
BHG_DR,3,pats,tbl_vw3pBillSub,EST,STN,1,27,1,SQL,2,SAMMS,Data Source=BHGDALLSQL05\SQL2016SAMMS;Connection Timeout=60;Integrated Security=True;Encrypt=False;Initial Catalog=SAMMS-Staunton;,SAMMS-Staunton,Select,NULL,NULL,Staunton,1,1,dbo,vw3pBillSub,pats,tbl_vw3pBillSub,1 = 1,"Order by SiteCode, dsID",0,V6,STN-1-27,NULL
BHG_DR,3,pats,tbl_vw3pBillSub,CST,STVN,1,27,1,SQL,2,SAMMS,Data Source=BHGDALLSQL05\SQL2016SAMMS;Connection Timeout=60;Integrated Security=True;Encrypt=False;Initial Catalog=SAMMS-Stevenson;,SAMMS-Stevenson,Select,NULL,NULL,Stevenson,1,1,dbo,vw3pBillSub,pats,tbl_vw3pBillSub,1 = 1,"Order by SiteCode, dsID",0,V6,STVN-1-27,NULL
BHG_DR,3,pats,tbl_vw3pBillSub,MST,TE,1,27,1,SQL,2,SAMMS,Data Source=BHGDALLSQL05\SQL2016SAMMS;Connection Timeout=60;Integrated Security=True;Encrypt=False;Initial Catalog=SAMMS-Tempe;,SAMMS-Tempe,Select,NULL,NULL,Tempe,1,1,dbo,vw3pBillSub,pats,tbl_vw3pBillSub,1 = 1,"Order by SiteCode, dsID",0,V6,TE-1-27,NULL
BHG_DR,3,pats,tbl_vw3pBillSub,CST,TEX,1,27,1,SQL,2,SAMMS,Data Source=BHGDALLSQL05\SQL2016SAMMS;Connection Timeout=60;Integrated Security=True;Encrypt=False;Initial Catalog=SAMMS-Texarkana;,SAMMS-Texarkana,Select,NULL,NULL,Texarkana,1,1,dbo,vw3pBillSub,pats,tbl_vw3pBillSub,1 = 1,"Order by SiteCode, dsID",0,V6,TEX-1-27,NULL
BHG_DR,3,pats,tbl_vw3pBillSub,CST,TTCA,1,27,1,SQL,2,SAMMS,Data Source=BHGDALLSQL05\SQL2016SAMMS;Connection Timeout=60;Integrated Security=True;Encrypt=False;Initial Catalog=SAMMS-BessemerV5;,SAMMS-BessemerV5,Select,2018-09-24,NULL,Bessemer,1,0,dbo,vw3pBillSub,pats,tbl_vw3pBillSub,1 = 1,"Order by SiteCode, dsID",0,V6,TTCA-1-27,NULL
BHG_DR,3,pats,tbl_vw3pBillSub,CST,TTCB,1,27,1,SQL,2,SAMMS,Data Source=BHGDALLSQL05\SQL2016SAMMS;Connection Timeout=60;Integrated Security=True;Encrypt=False;Initial Catalog=SAMMS-CullmanV5;,SAMMS-CullmanV5,Select,2019-02-26,NULL,Cullman,1,0,dbo,vw3pBillSub,pats,tbl_vw3pBillSub,1 = 1,"Order by SiteCode, dsID",0,V6,TTCB-1-27,NULL
BHG_DR,3,pats,tbl_vw3pBillSub,CST,TTCC,1,27,1,SQL,2,SAMMS,Data Source=BHGDALLSQL05\SQL2016SAMMS;Connection Timeout=60;Integrated Security=True;Encrypt=False;Initial Catalog=SAMMS-GrandBay;,SAMMS-GrandBay,Select,2019-12-31,NULL,Grand Bay,1,1,dbo,vw3pBillSub,pats,tbl_vw3pBillSub,1 = 1,"Order by SiteCode, dsID",0,V6,TTCC-1-27,NULL
BHG_DR,3,pats,tbl_vw3pBillSub,MST,TU,1,27,1,SQL,2,SAMMS,Data Source=BHGDALLSQL05\SQL2016SAMMS;Connection Timeout=60;Integrated Security=True;Encrypt=False;Initial Catalog=SAMMS-Tucson;,SAMMS-Tucson,Select,NULL,NULL,Tucson,1,1,dbo,vw3pBillSub,pats,tbl_vw3pBillSub,1 = 1,"Order by SiteCode, dsID",0,V6,TU-1-27,NULL
BHG_DR,3,pats,tbl_vw3pBillSub,EST,V1,1,27,1,SQL,2,SAMMS,Data Source=BHGDALLSQL05\SQL2016SAMMS;Connection Timeout=60;Integrated Security=True;Encrypt=False;Initial Catalog=SAMMS-VCPHCS-I-MemphisV5;,SAMMS-VCPHCS-I-MemphisV5,Select,NULL,NULL,Memphis South,1,0,dbo,vw3pBillSub,pats,tbl_vw3pBillSub,1 = 1,"Order by SiteCode, dsID",0,V6,V1-1-27,NULL
BHG_DR,3,pats,tbl_vw3pBillSub,MST,V10,1,27,1,SQL,2,SAMMS,Data Source=BHGDALLSQL05\SQL2016SAMMS;Connection Timeout=60;Integrated Security=True;Encrypt=False;Initial Catalog=SAMMS-BoulderV5;,SAMMS-BoulderV5,Select,NULL,NULL,Longmont,1,1,dbo,vw3pBillSub,pats,tbl_vw3pBillSub,1 = 1,"Order by SiteCode, dsID",0,V6,V10-1-27,NULL
BHG_DR,3,pats,tbl_vw3pBillSub,MST,V10A,1,27,1,SQL,2,SAMMS,Data Source=BHGDALLSQL05\SQL2016SAMMS;Connection Timeout=60;Integrated Security=True;Encrypt=False;Initial Catalog=SAMMS-FortCollinsV5;,SAMMS-FortCollinsV5,Select,NULL,NULL,Fort Collins,1,1,dbo,vw3pBillSub,pats,tbl_vw3pBillSub,1 = 1,"Order by SiteCode, dsID",0,V6,V10A-1-27,NULL
BHG_DR,3,pats,tbl_vw3pBillSub,MST,V11,1,27,1,SQL,2,SAMMS,Data Source=BHGDALLSQL05\SQL2016SAMMS;Connection Timeout=60;Integrated Security=True;Encrypt=False;Initial Catalog=SAMMS-VCPHCS-XI-NorthDenverV5;,SAMMS-VCPHCS-XI-NorthDenverV5,Select,NULL,NULL,Westminster,1,1,dbo,vw3pBillSub,pats,tbl_vw3pBillSub,1 = 1,"Order by SiteCode, dsID",0,V6,V11-1-27,NULL
BHG_DR,3,pats,tbl_vw3pBillSub,MST,V12,1,27,1,SQL,2,SAMMS,Data Source=BHGDALLSQL05\SQL2016SAMMS;Connection Timeout=60;Integrated Security=True;Encrypt=False;Initial Catalog=SAMMS-VCPHCS-XII-DowntownDenverV5;,SAMMS-VCPHCS-XII-DowntownDenverV5,Select,NULL,NULL,Downtown Denver,1,1,dbo,vw3pBillSub,pats,tbl_vw3pBillSub,1 = 1,"Order by SiteCode, dsID",0,V6,V12-1-27,NULL
BHG_DR,3,pats,tbl_vw3pBillSub,MST,V12A,1,27,1,SQL,2,SAMMS,Data Source=BHGDALLSQL05\SQL2016SAMMS;Connection Timeout=60;Integrated Security=True;Encrypt=False;Initial Catalog=SAMMS-CentennialV5;,SAMMS-CentennialV5,Select,NULL,NULL,Centennial,1,1,dbo,vw3pBillSub,pats,tbl_vw3pBillSub,1 = 1,"Order by SiteCode, dsID",0,V6,V12A-1-27,NULL
BHG_DR,3,pats,tbl_vw3pBillSub,CST,V14,1,27,1,SQL,2,SAMMS,Data Source=BHGDALLSQL05\SQL2016SAMMS;Connection Timeout=60;Integrated Security=True;Encrypt=False;Initial Catalog=SAMMS-VCPHCS-XIV-BridgewayV5;,SAMMS-VCPHCS-XIV-BridgewayV5,Select,NULL,NULL,Overland Park,1,0,dbo,vw3pBillSub,pats,tbl_vw3pBillSub,1 = 1,"Order by SiteCode, dsID",0,V6,V14-1-27,NULL
BHG_DR,3,pats,tbl_vw3pBillSub,CST,V15,1,27,1,SQL,2,SAMMS,Data Source=BHGDALLSQL05\SQL2016SAMMS;Connection Timeout=60;Integrated Security=True;Encrypt=False;Initial Catalog=SAMMS-JoplinV5;,SAMMS-JoplinV5,Select,NULL,NULL,Joplin,1,0,dbo,vw3pBillSub,pats,tbl_vw3pBillSub,1 = 1,"Order by SiteCode, dsID",0,V6,V15-1-27,NULL
BHG_DR,3,pats,tbl_vw3pBillSub,EST,V17,1,27,1,SQL,2,SAMMS,Data Source=BHGDALLSQL05\SQL2016SAMMS;Connection Timeout=60;Integrated Security=True;Encrypt=False;Initial Catalog=SAMMS-ColumbiaTNv5;,SAMMS-ColumbiaTNv5,Select,NULL,NULL,Columbia TN,1,0,dbo,vw3pBillSub,pats,tbl_vw3pBillSub,1 = 1,"Order by SiteCode, dsID",0,V6,V17-1-27,NULL
BHG_DR,3,pats,tbl_vw3pBillSub,EST,V19,1,27,1,SQL,2,SAMMS,Data Source=BHGDALLSQL05\SQL2016SAMMS;Connection Timeout=60;Integrated Security=True;Encrypt=False;Initial Catalog=SAMMS-JacksonV5;,SAMMS-JacksonV5,Select,NULL,NULL,Jackson,1,0,dbo,vw3pBillSub,pats,tbl_vw3pBillSub,1 = 1,"Order by SiteCode, dsID",0,V6,V19-1-27,NULL
BHG_DR,3,pats,tbl_vw3pBillSub,EST,V20,1,27,1,SQL,2,SAMMS,Data Source=BHGDALLSQL05\SQL2016SAMMS;Connection Timeout=60;Integrated Security=True;Encrypt=False;Initial Catalog=SAMMS-ParisV5;,SAMMS-ParisV5,Select,NULL,NULL,Paris,1,0,dbo,vw3pBillSub,pats,tbl_vw3pBillSub,1 = 1,"Order by SiteCode, dsID",0,V6,V20-1-27,NULL
BHG_DR,3,pats,tbl_vw3pBillSub,EST,V21,1,27,1,SQL,2,SAMMS,Data Source=BHGDALLSQL05\SQL2016SAMMS;Connection Timeout=60;Integrated Security=True;Encrypt=False;Initial Catalog=SAMMS-RaleighV5;,SAMMS-RaleighV5,Select,NULL,NULL,Memphis North,1,0,dbo,vw3pBillSub,pats,tbl_vw3pBillSub,1 = 1,"Order by SiteCode, dsID",0,V6,V21-1-27,NULL
BHG_DR,3,pats,tbl_vw3pBillSub,CST,V5,1,27,1,SQL,2,SAMMS,Data Source=BHGDALLSQL05\SQL2016SAMMS;Connection Timeout=60;Integrated Security=True;Encrypt=False;Initial Catalog=SAMMS-NONTCv5;,SAMMS-NONTCv5,Select,NULL,NULL,West Bank,1,1,dbo,vw3pBillSub,pats,tbl_vw3pBillSub,1 = 1,"Order by SiteCode, dsID",0,V6,V5-1-27,NULL
BHG_DR,3,pats,tbl_vw3pBillSub,CST,V5B,1,27,1,SQL,2,SAMMS,Data Source=BHGDALLSQL05\SQL2016SAMMS;Connection Timeout=60;Integrated Security=True;Encrypt=False;Initial Catalog=SAMMS-HoumaV6;,SAMMS-HoumaV6,Select,NULL,NULL,Houma,1,0,dbo,vw3pBillSub,pats,tbl_vw3pBillSub,1 = 1,"Order by SiteCode, dsID",0,v6,V5B-1-27,NULL
BHG_DR,3,pats,tbl_vw3pBillSub,CST,V6,1,27,1,SQL,2,SAMMS,Data Source=BHGDALLSQL05\SQL2016SAMMS;Connection Timeout=60;Integrated Security=True;Encrypt=False;Initial Catalog=SAMMS-LCv5;,SAMMS-LCv5,Select,NULL,NULL,Lake Charles,1,1,dbo,vw3pBillSub,pats,tbl_vw3pBillSub,1 = 1,"Order by SiteCode, dsID",0,V6,V6-1-27,NULL
BHG_DR,3,pats,tbl_vw3pBillSub,EST,V8,1,27,1,SQL,2,SAMMS,Data Source=BHGDALLSQL05\SQL2016SAMMS;Connection Timeout=60;Integrated Security=True;Encrypt=False;Initial Catalog=SAMMS-VCPHCS-VIII-MemphisV5;,SAMMS-VCPHCS-VIII-MemphisV5,Select,NULL,NULL,Memphis Midtown,1,0,dbo,vw3pBillSub,pats,tbl_vw3pBillSub,1 = 1,"Order by SiteCode, dsID",0,V6,V8-1-27,NULL
BHG_DR,3,pats,tbl_vw3pBillSub,EST,V9,1,27,1,SQL,2,SAMMS,Data Source=BHGDALLSQL05\SQL2016SAMMS;Connection Timeout=60;Integrated Security=True;Encrypt=False;Initial Catalog=SAMMS-NashvilleV5;,SAMMS-NashvilleV5,Select,NULL,NULL,Nashville,1,0,dbo,vw3pBillSub,pats,tbl_vw3pBillSub,1 = 1,"Order by SiteCode, dsID",0,V6,V9-1-27,NULL
BHG_DR,3,pats,tbl_vw3pBillSub,CST,VBRA,1,27,1,SQL,2,SAMMS,Data Source=BHGDALLSQL05\SQL2016SAMMS;Connection Timeout=60;Integrated Security=True;Encrypt=False;Initial Catalog=SAMMS-BrainerdV6;,SAMMS-BrainerdV6,Select,2021-11-01,NULL,Brainerd,1,1,dbo,vw3pBillSub,pats,tbl_vw3pBillSub,1 = 1,"Order by SiteCode, dsID",0,V6,VBRA-1-27,NULL
BHG_DR,3,pats,tbl_vw3pBillSub,CST,VBRP,1,27,1,SQL,2,SAMMS,Data Source=BHGDALLSQL05\SQL2016SAMMS;Connection Timeout=60;Integrated Security=True;Encrypt=False;Initial Catalog=SAMMS-BrooklynParkV6;,SAMMS-BrooklynParkV6,Select,2021-11-01,NULL,Brooklyn Park,1,1,dbo,vw3pBillSub,pats,tbl_vw3pBillSub,1 = 1,"Order by SiteCode, dsID",0,V6,VBRP-1-27,NULL
BHG_DR,3,pats,tbl_vw3pBillSub,CST,VMIN,1,27,1,SQL,2,SAMMS,Data Source=BHGDALLSQL05\SQL2016SAMMS;Connection Timeout=60;Integrated Security=True;Encrypt=False;Initial Catalog=SAMMS-MinneapolisV6;,SAMMS-MinneapolisV6,Select,2021-11-01,NULL,Minneapolis,1,1,dbo,vw3pBillSub,pats,tbl_vw3pBillSub,1 = 1,"Order by SiteCode, dsID",0,V6,VMIN-1-27,NULL
BHG_DR,3,pats,tbl_vw3pBillSub,CST,VWBY,1,27,1,SQL,2,SAMMS,Data Source=BHGDALLSQL05\SQL2016SAMMS;Connection Timeout=60;Integrated Security=True;Encrypt=False;Initial Catalog=SAMMS-WoodburyV6;,SAMMS-WoodburyV6,Select,2021-11-01,NULL,Woodbury,1,1,dbo,vw3pBillSub,pats,tbl_vw3pBillSub,1 = 1,"Order by SiteCode, dsID",0,V6,VWBY-1-27,NULL
BHG_DR,3,pats,tbl_vw3pBillSub,EST,WIL,1,27,1,SQL,2,SAMMS,Data Source=BHGDALLSQL05\SQL2016SAMMS;Connection Timeout=60;Integrated Security=True;Encrypt=False;Initial Catalog=SAMMS-Wilson;,SAMMS-Wilson,Select,NULL,NULL,Wilson,1,1,dbo,vw3pBillSub,pats,tbl_vw3pBillSub,1 = 1,"Order by SiteCode, dsID",0,V6,WIL-1-27,NULL
BHG_DR,4,pats,tbl_Fmp,EST,AHK,1,33,1,SQL,2,SAMMS,Data Source=BHGDALLSQL05\SQL2016SAMMS;Connection Timeout=60;Integrated Security=True;Encrypt=False;Initial Catalog=SAMMS-Ahoskie ;,"SAMMS-Ahoskie ",Select,NULL,NULL,Ahoskie,1,1,dbo,tblFMP,pats,tbl_Fmp,1 = 1,"Order by 1, 2",0,V6,AHK-1-33,NULL
BHG_DR,4,pats,tbl_Fmp,MST,B12B,1,33,1,SQL,2,SAMMS,Data Source=BHGDALLSQL05\SQL2016SAMMS;Connection Timeout=60;Integrated Security=True;Encrypt=False;Initial Catalog=SAMMS-ColoradoSpringsV5;,SAMMS-ColoradoSpringsV5,Select,NULL,NULL,Colorado Springs,1,0,dbo,tblFMP,pats,tbl_Fmp,1 = 1,"Order by 1, 2",0,V6,B12B-1-33,NULL
BHG_DR,4,pats,tbl_Fmp,CST,B24,1,33,1,SQL,2,SAMMS,Data Source=BHGDALLSQL05\SQL2016SAMMS;Connection Timeout=60;Integrated Security=True;Encrypt=False;Initial Catalog=SAMMS-PaintsvilleV5;,SAMMS-PaintsvilleV5,Select,NULL,NULL,Paintsville,1,1,dbo,tblFMP,pats,tbl_Fmp,1 = 1,"Order by 1, 2",0,V6,B24-1-33,NULL
BHG_DR,4,pats,tbl_Fmp,CST,B25,1,33,1,SQL,2,SAMMS,Data Source=BHGDALLSQL05\SQL2016SAMMS;Connection Timeout=60;Integrated Security=True;Encrypt=False;Initial Catalog=SAMMS-PikevilleV5;,SAMMS-PikevilleV5,Select,NULL,NULL,Pikeville,1,1,dbo,tblFMP,pats,tbl_Fmp,1 = 1,"Order by 1, 2",0,V6,B25-1-33,NULL
BHG_DR,4,pats,tbl_Fmp,CST,B26,1,33,1,SQL,2,SAMMS,Data Source=BHGDALLSQL05\SQL2016SAMMS;Connection Timeout=60;Integrated Security=True;Encrypt=False;Initial Catalog=SAMMS-HazardV5;,SAMMS-HazardV5,Select,NULL,NULL,Hazard,1,0,dbo,tblFMP,pats,tbl_Fmp,1 = 1,"Order by 1, 2",0,V6,B26-1-33,NULL
BHG_DR,4,pats,tbl_Fmp,EST,B27,1,33,1,SQL,2,SAMMS,Data Source=BHGDALLSQL05\SQL2016SAMMS;Connection Timeout=60;Integrated Security=True;Encrypt=False;Initial Catalog=SAMMS-SavannahV6;,SAMMS-SavannahV6,Select,2022-09-14,NULL,Savannah,1,1,dbo,tblFMP,pats,tbl_Fmp,1 = 1,"Order by 1, 2",0,V6,B27-1-33,NULL
BHG_DR,4,pats,tbl_Fmp,CST,B28,1,33,1,SQL,2,SAMMS,Data Source=BHGDALLSQL05\SQL2016SAMMS;Connection Timeout=60;Integrated Security=True;Encrypt=False;Initial Catalog=SAMMS-WestPlainesV5;,SAMMS-WestPlainesV5,Select,NULL,NULL,West Plains,1,0,dbo,tblFMP,pats,tbl_Fmp,1 = 1,"Order by 1, 2",0,V6,B28-1-33,NULL
BHG_DR,4,pats,tbl_Fmp,CST,B29,1,33,1,SQL,2,SAMMS,Data Source=BHGDALLSQL05\SQL2016SAMMS;Connection Timeout=60;Integrated Security=True;Encrypt=False;Initial Catalog=SAMMS-PoplarBluffV5;,SAMMS-PoplarBluffV5,Select,NULL,NULL,Poplar Bluff,1,0,dbo,tblFMP,pats,tbl_Fmp,1 = 1,"Order by 1, 2",0,V6,B29-1-33,NULL
BHG_DR,4,pats,tbl_Fmp,CST,B30,1,33,1,SQL,2,SAMMS,Data Source=BHGDALLSQL05\SQL2016SAMMS;Connection Timeout=60;Integrated Security=True;Encrypt=False;Initial Catalog=SAMMS-KCNv5;,SAMMS-KCNv5,Select,2016-02-01,NULL,KC North,1,0,dbo,tblFMP,pats,tbl_Fmp,1 = 1,"Order by 1, 2",0,V6,B30-1-33,NULL
BHG_DR,4,pats,tbl_Fmp,EST,B31,1,33,1,SQL,2,SAMMS,Data Source=BHGDALLSQL05\SQL2016SAMMS;Connection Timeout=60;Integrated Security=True;Encrypt=False;Initial Catalog=SAMMS-DyersburgV5;,SAMMS-DyersburgV5,Select,NULL,NULL,Dyersburg,1,0,dbo,tblFMP,pats,tbl_Fmp,1 = 1,"Order by 1, 2",0,V6,B31-1-33,NULL
BHG_DR,4,pats,tbl_Fmp,CST,B33,1,33,1,SQL,2,SAMMS,Data Source=BHGDALLSQL05\SQL2016SAMMS;Connection Timeout=60;Integrated Security=True;Encrypt=False;Initial Catalog=SAMMS-Paducah;,SAMMS-Paducah,Select,NULL,NULL,Paducah,1,0,dbo,tblFMP,pats,tbl_Fmp,1 = 1,"Order by 1, 2",0,V6,B33-1-33,NULL
BHG_DR,4,pats,tbl_Fmp,CST,B34,1,33,1,SQL,2,SAMMS,Data Source=BHGDALLSQL05\SQL2016SAMMS;Connection Timeout=60;Integrated Security=True;Encrypt=False;Initial Catalog=SAMMS-CorbinV5;,SAMMS-CorbinV5,Select,NULL,NULL,Corbin,1,0,dbo,tblFMP,pats,tbl_Fmp,1 = 1,"Order by 1, 2",0,V6,B34-1-33,NULL
BHG_DR,4,pats,tbl_Fmp,CST,B35,1,33,1,SQL,2,SAMMS,Data Source=BHGDALLSQL05\SQL2016SAMMS;Connection Timeout=60;Integrated Security=True;Encrypt=False;Initial Catalog=SAMMS-LexingtonV5;,SAMMS-LexingtonV5,Select,NULL,NULL,Lexington,1,1,dbo,tblFMP,pats,tbl_Fmp,1 = 1,"Order by 1, 2",0,V6,B35-1-33,NULL
BHG_DR,4,pats,tbl_Fmp,CST,B35A,1,33,1,SQL,2,SAMMS,Data Source=BHGDALLSQL05\SQL2016SAMMS;Connection Timeout=60;Integrated Security=True;Encrypt=False;Initial Catalog=SAMMS-BereaV5;,SAMMS-BereaV5,Select,2018-06-01,NULL,Berea,1,0,dbo,tblFMP,pats,tbl_Fmp,1 = 1,"Order by 1, 2",0,V6,B35A-1-33,NULL
BHG_DR,4,pats,tbl_Fmp,EST,B36,1,33,1,SQL,2,SAMMS,Data Source=BHGDALLSQL05\SQL2016SAMMS;Connection Timeout=60;Integrated Security=True;Encrypt=False;Initial Catalog=SAMMS-AshevilleV5;,SAMMS-AshevilleV5,Select,2015-09-07,NULL,Asheville,1,0,dbo,tblFMP,pats,tbl_Fmp,1 = 1,"Order by 1, 2",0,V6,B36-1-33,NULL
BHG_DR,4,pats,tbl_Fmp,EST,B37,1,33,1,SQL,2,SAMMS,Data Source=BHGDALLSQL05\SQL2016SAMMS;Connection Timeout=60;Integrated Security=True;Encrypt=False;Initial Catalog=SAMMS-ClydeV5;,SAMMS-ClydeV5,Select,2015-09-07,NULL,Clyde,1,0,dbo,tblFMP,pats,tbl_Fmp,1 = 1,"Order by 1, 2",0,V6,B37-1-33,NULL
BHG_DR,4,pats,tbl_Fmp,EST,B38,1,33,1,SQL,2,SAMMS,Data Source=BHGDALLSQL05\SQL2016SAMMS;Connection Timeout=60;Integrated Security=True;Encrypt=False;Initial Catalog=SAMMS-SpartanburgV5;,SAMMS-SpartanburgV5,Select,2016-07-25,NULL,Spartanburg,1,0,dbo,tblFMP,pats,tbl_Fmp,1 = 1,"Order by 1, 2",0,V6,B38-1-33,NULL
BHG_DR,4,pats,tbl_Fmp,EST,B39,1,33,1,SQL,2,SAMMS,Data Source=BHGDALLSQL05\SQL2016SAMMS;Connection Timeout=60;Integrated Security=True;Encrypt=False;Initial Catalog=SAMMS-AikenV5;,SAMMS-AikenV5,Select,2016-07-25,NULL,Aiken,1,0,dbo,tblFMP,pats,tbl_Fmp,1 = 1,"Order by 1, 2",0,V6,B39-1-33,NULL
BHG_DR,4,pats,tbl_Fmp,EST,B41,1,33,1,SQL,2,SAMMS,Data Source=BHGDALLSQL05\SQL2016SAMMS;Connection Timeout=60;Integrated Security=True;Encrypt=False;Initial Catalog=SAMMS-ChesapeakeV5;,SAMMS-ChesapeakeV5,Select,2016-10-24,NULL,Chesapeake,1,0,dbo,tblFMP,pats,tbl_Fmp,1 = 1,"Order by 1, 2",0,V6,B41-1-33,NULL
BHG_DR,4,pats,tbl_Fmp,EST,B42,1,33,1,SQL,2,SAMMS,Data Source=BHGDALLSQL05\SQL2016SAMMS;Connection Timeout=60;Integrated Security=True;Encrypt=False;Initial Catalog=SAMMS-VirginiaBeachV5;,SAMMS-VirginiaBeachV5,Select,2016-10-24,NULL,Virginia Beach,1,0,dbo,tblFMP,pats,tbl_Fmp,1 = 1,"Order by 1, 2",0,V6,B42-1-33,NULL
BHG_DR,4,pats,tbl_Fmp,EST,B42A,1,33,1,SQL,2,SAMMS,Data Source=BHGDALLSQL05\SQL2016SAMMS;Connection Timeout=60;Integrated Security=True;Encrypt=False;Initial Catalog=SAMMS-NewportNewsV5;,SAMMS-NewportNewsV5,Select,2018-12-06,NULL,Newport News,1,0,dbo,tblFMP,pats,tbl_Fmp,1 = 1,"Order by 1, 2",0,V6,B42A-1-33,NULL
BHG_DR,4,pats,tbl_Fmp,EST,B42B,1,33,1,SQL,2,SAMMS,Data Source=BHGDALLSQL05\SQL2016SAMMS;Connection Timeout=60;Integrated Security=True;Encrypt=False;Initial Catalog=SAMMS-FranklinV5;,SAMMS-FranklinV5,Select,2018-12-19,NULL,Franklin,1,0,dbo,tblFMP,pats,tbl_Fmp,1 = 1,"Order by 1, 2",0,V6,B42B-1-33,NULL
BHG_DR,4,pats,tbl_Fmp,EST,B42C,1,33,1,SQL,2,SAMMS,Data Source=BHGDALLSQL05\SQL2016SAMMS;Connection Timeout=60;Integrated Security=True;Encrypt=False;Initial Catalog=SAMMS-GlenAllenV5;,SAMMS-GlenAllenV5,Select,2019-07-17,NULL,Glen Allen,1,0,dbo,tblFMP,pats,tbl_Fmp,1 = 1,"Order by 1, 2",0,V6,B42C-1-33,NULL
BHG_DR,4,pats,tbl_Fmp,EST,B42D,1,33,1,SQL,2,SAMMS,Data Source=BHGDALLSQL05\SQL2016SAMMS;Connection Timeout=60;Integrated Security=True;Encrypt=False;Initial Catalog=SAMMS-ChesapeakeSouthV5;,SAMMS-ChesapeakeSouthV5,Select,2019-06-11,NULL,Chesapeake South,1,0,dbo,tblFMP,pats,tbl_Fmp,1 = 1,"Order by 1, 2",0,V6,B42D-1-33,NULL
BHG_DR,4,pats,tbl_Fmp,EST,B44,1,33,1,SQL,2,SAMMS,Data Source=BHGDALLSQL05\SQL2016SAMMS;Connection Timeout=60;Integrated Security=True;Encrypt=False;Initial Catalog=SAMMS-AlbanyV5;,SAMMS-AlbanyV5,Select,2017-06-19,NULL,Albany,1,0,dbo,tblFMP,pats,tbl_Fmp,1 = 1,"Order by 1, 2",0,V6,B44-1-33,NULL
BHG_DR,4,pats,tbl_Fmp,EST,B45,1,33,1,SQL,2,SAMMS,Data Source=BHGDALLSQL05\SQL2016SAMMS;Connection Timeout=60;Integrated Security=True;Encrypt=False;Initial Catalog=SAMMS-TiftonV5;,SAMMS-TiftonV5,Select,2017-06-19,NULL,Tifton,1,0,dbo,tblFMP,pats,tbl_Fmp,1 = 1,"Order by 1, 2",0,V6,B45-1-33,NULL
BHG_DR,4,pats,tbl_Fmp,CST,B46,1,33,1,SQL,2,SAMMS,Data Source=BHGDALLSQL05\SQL2016SAMMS;Connection Timeout=60;Integrated Security=True;Encrypt=False;Initial Catalog=SAMMS-WashingtonDCv5;,SAMMS-WashingtonDCv5,Select,2019-03-20,NULL,Washington DC,1,0,dbo,tblFMP,pats,tbl_Fmp,1 = 1,"Order by 1, 2",0,V6,B46-1-33,NULL
BHG_DR,4,pats,tbl_Fmp,CST,B47,1,33,1,SQL,2,SAMMS,Data Source=BHGDALLSQL05\SQL2016SAMMS;Connection Timeout=60;Integrated Security=True;Encrypt=False;Initial Catalog=SAMMS-MobileV5;,SAMMS-MobileV5,Select,2019-09-10,NULL,Mobile,1,0,dbo,tblFMP,pats,tbl_Fmp,1 = 1,"Order by 1, 2",0,V6,B47-1-33,NULL
BHG_DR,4,pats,tbl_Fmp,CST,B48,1,33,1,SQL,2,SAMMS,Data Source=BHGDALLSQL05\SQL2016SAMMS;Connection Timeout=60;Integrated Security=True;Encrypt=False;Initial Catalog=SAMMS-TuscaloosaV5;,SAMMS-TuscaloosaV5,Select,2017-11-19,NULL,Tuscaloosa,1,0,dbo,tblFMP,pats,tbl_Fmp,1 = 1,"Order by 1, 2",0,V6,B48-1-33,NULL
BHG_DR,4,pats,tbl_Fmp,CST,B51,1,33,1,SQL,2,SAMMS,Data Source=BHGDALLSQL05\SQL2016SAMMS;Connection Timeout=60;Integrated Security=True;Encrypt=False;Initial Catalog=SAMMS-NorthLittleRockV6;,SAMMS-NorthLittleRockV6,Select,2019-11-15,NULL,N. Little Rock (OTP),1,0,dbo,tblFMP,pats,tbl_Fmp,1 = 1,"Order by 1, 2",0,V6,B51-1-33,NULL
BHG_DR,4,pats,tbl_Fmp,EST,B52,1,33,1,SQL,2,SAMMS,Data Source=BHGDALLSQL05\SQL2016SAMMS;Connection Timeout=60;Integrated Security=True;Encrypt=False;Initial Catalog=SAMMS-JacksonGAV5;,SAMMS-JacksonGAV5,Select,2018-06-01,NULL,Jackson GA,1,0,dbo,tblFMP,pats,tbl_Fmp,1 = 1,"Order by 1, 2",0,V6,B52-1-33,NULL
BHG_DR,4,pats,tbl_Fmp,CST,B54,1,33,1,SQL,2,SAMMS,Data Source=BHGDALLSQL05\SQL2016SAMMS;Connection Timeout=60;Integrated Security=True;Encrypt=False;Initial Catalog=SAMMS-GadsdenV5;,SAMMS-GadsdenV5,Select,2018-06-01,NULL,Gadsden,1,0,dbo,tblFMP,pats,tbl_Fmp,1 = 1,"Order by 1, 2",0,V6,B54-1-33,NULL
BHG_DR,4,pats,tbl_Fmp,CST,B55,1,33,1,SQL,2,SAMMS,Data Source=BHGDALLSQL05\SQL2016SAMMS;Connection Timeout=60;Integrated Security=True;Encrypt=False;Initial Catalog=SAMMS-ShoalsV5;,SAMMS-ShoalsV5,Select,2018-04-22,NULL,Shoals,1,0,dbo,tblFMP,pats,tbl_Fmp,1 = 1,"Order by 1, 2",0,V6,B55-1-33,NULL
BHG_DR,4,pats,tbl_Fmp,EST,B57,1,33,1,SQL,2,SAMMS,Data Source=BHGDALLSQL05\SQL2016SAMMS;Connection Timeout=60;Integrated Security=True;Encrypt=False;Initial Catalog=SAMMS-Pawtucket;,SAMMS-Pawtucket,Select,2020-09-04,NULL,Pawtucket,1,1,dbo,tblFMP,pats,tbl_Fmp,1 = 1,"Order by 1, 2",0,V6,B57-1-33,NULL
BHG_DR,4,pats,tbl_Fmp,EST,B57A,1,33,1,SQL,2,SAMMS,Data Source=BHGDALLSQL05\SQL2016SAMMS;Connection Timeout=60;Integrated Security=True;Encrypt=False;Initial Catalog=SAMMS-Johnston;,SAMMS-Johnston,Select,2021-10-04,NULL,Johnston,1,1,dbo,tblFMP,pats,tbl_Fmp,1 = 1,"Order by 1, 2",0,V6,B57A-1-33,NULL
BHG_DR,4,pats,tbl_Fmp,EST,B57B,1,33,1,SQL,2,SAMMS,Data Source=BHGDALLSQL05\SQL2016SAMMS;Connection Timeout=60;Integrated Security=True;Encrypt=False;Initial Catalog=SAMMS-Middletown;,SAMMS-Middletown,Select,2021-10-04,NULL,Middletown,1,1,dbo,tblFMP,pats,tbl_Fmp,1 = 1,"Order by 1, 2",0,V6,B57B-1-33,NULL
BHG_DR,4,pats,tbl_Fmp,EST,B57C,1,33,1,SQL,2,SAMMS,Data Source=BHGDALLSQL05\SQL2016SAMMS;Connection Timeout=60;Integrated Security=True;Encrypt=False;Initial Catalog=SAMMS-Providence;,SAMMS-Providence,Select,2021-10-04,NULL,Providence,1,1,dbo,tblFMP,pats,tbl_Fmp,1 = 1,"Order by 1, 2",0,V6,B57C-1-33,NULL
BHG_DR,4,pats,tbl_Fmp,EST,B57D,1,33,1,SQL,2,SAMMS,Data Source=BHGDALLSQL05\SQL2016SAMMS;Connection Timeout=60;Integrated Security=True;Encrypt=False;Initial Catalog=SAMMS-Westerly;,SAMMS-Westerly,Select,2021-10-04,NULL,Westerly,1,1,dbo,tblFMP,pats,tbl_Fmp,1 = 1,"Order by 1, 2",0,V6,B57D-1-33,NULL
BHG_DR,4,pats,tbl_Fmp,EST,B66A,1,33,1,SQL,2,SAMMS,Data Source=BHGDALLSQL05\SQL2016SAMMS;Connection Timeout=60;Integrated Security=True;Encrypt=False;Initial Catalog=SAMMS-Bremen;,SAMMS-Bremen,Select,NULL,NULL,Bremen,1,1,dbo,tblFMP,pats,tbl_Fmp,1 = 1,"Order by 1, 2",0,V6,B66A-1-33,NULL
BHG_DR,4,pats,tbl_Fmp,CST,B72,1,33,1,SQL,2,SAMMS,Data Source=BHGDALLSQL05\SQL2016SAMMS;Connection Timeout=60;Integrated Security=True;Encrypt=False;Initial Catalog=SAMMS-Mobile-OBOT;,SAMMS-Mobile-OBOT,Select,NULL,NULL,Mobile (OBOT),1,1,dbo,tblFMP,pats,tbl_Fmp,1 = 1,"Order by 1, 2",0,V6,B72-1-33,NULL
BHG_DR,4,pats,tbl_Fmp,CST,B73,1,33,1,SQL,2,SAMMS,Data Source=BHGDALLSQL05\SQL2016SAMMS;Connection Timeout=60;Integrated Security=True;Encrypt=False;Initial Catalog=SAMMS-Montgomery;,SAMMS-Montgomery,Select,NULL,NULL,Montgomery,1,1,dbo,tblFMP,pats,tbl_Fmp,1 = 1,"Order by 1, 2",0,V6,B73-1-33,NULL
BHG_DR,4,pats,tbl_Fmp,CST,B75,1,33,1,SQL,2,SAMMS,Data Source=BHGDALLSQL05\SQL2016SAMMS;Connection Timeout=60;Integrated Security=True;Encrypt=False;Initial Catalog=SAMMS-LawrenceV6;,SAMMS-LawrenceV6,Select,2021-11-09,NULL,Lawrence,1,0,dbo,tblFMP,pats,tbl_Fmp,1 = 1,"Order by 1, 2",0,V6,B75-1-33,NULL
BHG_DR,4,pats,tbl_Fmp,CST,B76,1,33,1,SQL,2,SAMMS,Data Source=BHGDALLSQL05\SQL2016SAMMS;Connection Timeout=60;Integrated Security=True;Encrypt=False;Initial Catalog=SAMMS-Huntsville-OBOT;,SAMMS-Huntsville-OBOT,Select,NULL,NULL,Huntsville OBOT,1,0,dbo,tblFMP,pats,tbl_Fmp,1 = 1,"Order by 1, 2",0,V6,B76-1-33,NULL
BHG_DR,4,pats,tbl_Fmp,CST,BAT,1,33,1,SQL,2,SAMMS,Data Source=BHGDALLSQL05\SQL2016SAMMS;Connection Timeout=60;Integrated Security=True;Encrypt=False;Initial Catalog=SAMMS-Batesville;,SAMMS-Batesville,Select,NULL,NULL,Batesville,1,1,dbo,tblFMP,pats,tbl_Fmp,1 = 1,"Order by 1, 2",0,V6,BAT-1-33,NULL
BHG_DR,4,pats,tbl_Fmp,CST,BG,1,33,1,SQL,2,SAMMS,Data Source=BHGDALLSQL05\SQL2016SAMMS;Connection Timeout=60;Integrated Security=True;Encrypt=False;Initial Catalog=SAMMS-BowlingGreen;,SAMMS-BowlingGreen,Select,NULL,NULL,Bowling Green,1,1,dbo,tblFMP,pats,tbl_Fmp,1 = 1,"Order by 1, 2",0,V6,BG-1-33,NULL
BHG_DR,4,pats,tbl_Fmp,MST,BOI,1,33,1,SQL,2,SAMMS,Data Source=BHGDALLSQL05\SQL2016SAMMS;Connection Timeout=60;Integrated Security=True;Encrypt=False;Initial Catalog=SAMMS-Boise;,SAMMS-Boise,Select,NULL,NULL,Boise,1,1,dbo,tblFMP,pats,tbl_Fmp,1 = 1,"Order by 1, 2",0,V6,BOI-1-33,NULL
BHG_DR,4,pats,tbl_Fmp,MST,CBCO,1,33,1,SQL,2,SAMMS,Data Source=BHGDALLSQL05\SQL2016SAMMS;Connection Timeout=60;Integrated Security=True;Encrypt=False;Initial Catalog=SAMMS-CoeurdAleneV6;,SAMMS-CoeurdAleneV6,Select,NULL,NULL,Coeur d'Alene,1,1,dbo,tblFMP,pats,tbl_Fmp,1 = 1,"Order by 1, 2",0,V6,CBCO-1-33,NULL
BHG_DR,4,pats,tbl_Fmp,CST,CON,1,33,1,SQL,2,SAMMS,Data Source=BHGDALLSQL05\SQL2016SAMMS;Connection Timeout=60;Integrated Security=True;Encrypt=False;Initial Catalog=SAMMS-Conway;,SAMMS-Conway,Select,NULL,NULL,Conway,1,1,dbo,tblFMP,pats,tbl_Fmp,1 = 1,"Order by 1, 2",0,V6,CON-1-33,NULL
BHG_DR,4,pats,tbl_Fmp,EST,D07,1,33,1,SQL,2,SAMMS,Data Source=BHGDALLSQL05\SQL2016SAMMS;Connection Timeout=60;Integrated Security=True;Encrypt=False;Initial Catalog=SAMMS-KnoxvilleV6;,SAMMS-KnoxvilleV6,Select,NULL,NULL,Medical Services Knox TN,1,1,dbo,tblFMP,pats,tbl_Fmp,1 = 1,"Order by 1, 2",0,V6,D07-1-33,NULL
BHG_DR,4,pats,tbl_Fmp,EST,D08,1,33,1,SQL,2,SAMMS,Data Source=BHGDALLSQL05\SQL2016SAMMS;Connection Timeout=60;Integrated Security=True;Encrypt=False;Initial Catalog=SAMMS-MadisonV6;,SAMMS-MadisonV6,Select,NULL,NULL,Madison,1,1,dbo,tblFMP,pats,tbl_Fmp,1 = 1,"Order by 1, 2",0,V6,D08-1-33,NULL
BHG_DR,4,pats,tbl_Fmp,EST,D09,1,33,1,SQL,2,SAMMS,Data Source=BHGDALLSQL05\SQL2016SAMMS;Connection Timeout=60;Integrated Security=True;Encrypt=False;Initial Catalog=SAMMS-MurfreesboroV6;,SAMMS-MurfreesboroV6,Select,NULL,NULL,Murfreesboro,1,1,dbo,tblFMP,pats,tbl_Fmp,1 = 1,"Order by 1, 2",0,V6,D09-1-33,NULL
BHG_DR,4,pats,tbl_Fmp,CST,DA,1,33,1,SQL,2,SAMMS,Data Source=BHGDALLSQL05\SQL2016SAMMS;Connection Timeout=60;Integrated Security=True;Encrypt=False;Initial Catalog=SAMMS-Davenport;,SAMMS-Davenport,Select,NULL,NULL,Davenport,1,1,dbo,tblFMP,pats,tbl_Fmp,1 = 1,"Order by 1, 2",0,V6,DA-1-33,NULL
BHG_DR,4,pats,tbl_Fmp,CST,DM,1,33,1,SQL,2,SAMMS,Data Source=BHGDALLSQL05\SQL2016SAMMS;Connection Timeout=60;Integrated Security=True;Encrypt=False;Initial Catalog=SAMMS-DesMoines;,SAMMS-DesMoines,Select,NULL,NULL,Des Moines,1,1,dbo,tblFMP,pats,tbl_Fmp,1 = 1,"Order by 1, 2",0,V6,DM-1-33,NULL
BHG_DR,4,pats,tbl_Fmp,CST,DRD-CO,1,33,1,SQL,2,SAMMS,Data Source=BHGDALLSQL05\SQL2016SAMMS;Connection Timeout=60;Integrated Security=True;Encrypt=False;Initial Catalog=SAMMS-ColumbiaV5;,SAMMS-ColumbiaV5,Select,NULL,NULL,Columbia MO,1,0,dbo,tblFMP,pats,tbl_Fmp,1 = 1,"Order by 1, 2",0,V6,DRD-CO-1-33,NULL
BHG_DR,4,pats,tbl_Fmp,CST,DRD-KC,1,33,1,SQL,2,SAMMS,Data Source=BHGDALLSQL05\SQL2016SAMMS;Connection Timeout=60;Integrated Security=True;Encrypt=False;Initial Catalog=SAMMS-KCv5;,SAMMS-KCv5,Select,NULL,NULL,KC,1,0,dbo,tblFMP,pats,tbl_Fmp,1 = 1,"Order by 1, 2",0,V6,DRD-KC-1-33,NULL
BHG_DR,4,pats,tbl_Fmp,EST,DRD-KVB,1,33,1,SQL,2,SAMMS,Data Source=BHGDALLSQL05\SQL2016SAMMS;Connection Timeout=60;Integrated Security=True;Encrypt=False;Initial Catalog=SAMMS-KVBv5;,SAMMS-KVBv5,Select,NULL,NULL,KVB,1,0,dbo,tblFMP,pats,tbl_Fmp,1 = 1,"Order by 1, 2",0,V6,DRD-KVB-1-33,NULL
BHG_DR,4,pats,tbl_Fmp,EST,DRD-KVC,1,33,1,SQL,2,SAMMS,Data Source=BHGDALLSQL05\SQL2016SAMMS;Connection Timeout=60;Integrated Security=True;Encrypt=False;Initial Catalog=SAMMS-KVCv5;,SAMMS-KVCv5,Select,NULL,NULL,KVC,1,0,dbo,tblFMP,pats,tbl_Fmp,1 = 1,"Order by 1, 2",0,V6,DRD-KVC-1-33,NULL
BHG_DR,4,pats,tbl_Fmp,CST,DRD-NOLA,1,33,1,SQL,2,SAMMS,Data Source=BHGDALLSQL05\SQL2016SAMMS;Connection Timeout=60;Integrated Security=True;Encrypt=False;Initial Catalog=SAMMS-NOLAv5;,SAMMS-NOLAv5,Select,1985-01-01,NULL,NOLA,1,1,dbo,tblFMP,pats,tbl_Fmp,1 = 1,"Order by 1, 2",0,V6,DRD-NOLA-1-33,NULL
BHG_DR,4,pats,tbl_Fmp,CST,DRD-SF,1,33,1,SQL,2,SAMMS,Data Source=BHGDALLSQL05\SQL2016SAMMS;Connection Timeout=60;Integrated Security=True;Encrypt=False;Initial Catalog=SAMMS-SFv5;,SAMMS-SFv5,Select,NULL,NULL,Springfield,1,0,dbo,tblFMP,pats,tbl_Fmp,1 = 1,"Order by 1, 2",0,V6,DRD-SF-1-33,NULL
BHG_DR,4,pats,tbl_Fmp,EST,ELC,1,33,1,SQL,2,SAMMS,Data Source=BHGDALLSQL05\SQL2016SAMMS;Connection Timeout=60;Integrated Security=True;Encrypt=False;Initial Catalog=SAMMS-ElizabethCity ;,"SAMMS-ElizabethCity ",Select,NULL,NULL,Elizabeth City,1,1,dbo,tblFMP,pats,tbl_Fmp,1 = 1,"Order by 1, 2",0,V6,ELC-1-33,NULL
BHG_DR,4,pats,tbl_Fmp,CST,ET,1,33,1,SQL,2,SAMMS,Data Source=BHGDALLSQL05\SQL2016SAMMS;Connection Timeout=60;Integrated Security=True;Encrypt=False;Initial Catalog=SAMMS-Elizabethtown;,SAMMS-Elizabethtown,Select,NULL,NULL,Elizabethtown,1,1,dbo,tblFMP,pats,tbl_Fmp,1 = 1,"Order by 1, 2",0,V6,ET-1-33,NULL
BHG_DR,4,pats,tbl_Fmp,CST,FAY,1,33,1,SQL,2,SAMMS,Data Source=BHGDALLSQL05\SQL2016SAMMS;Connection Timeout=60;Integrated Security=True;Encrypt=False;Initial Catalog=SAMMS-Fayetteville;,SAMMS-Fayetteville,Select,2019-08-15,NULL,Fayetteville,1,1,dbo,tblFMP,pats,tbl_Fmp,1 = 1,"Order by 1, 2",0,V6,FAY-1-33,NULL
BHG_DR,4,pats,tbl_Fmp,CST,FR,1,33,1,SQL,2,SAMMS,Data Source=BHGDALLSQL05\SQL2016SAMMS;Connection Timeout=60;Integrated Security=True;Encrypt=False;Initial Catalog=SAMMS-Frankfort;,SAMMS-Frankfort,Select,NULL,NULL,Frankfort,1,1,dbo,tblFMP,pats,tbl_Fmp,1 = 1,"Order by 1, 2",0,V6,FR-1-33,NULL
BHG_DR,4,pats,tbl_Fmp,CST,FS,1,33,1,SQL,2,SAMMS,Data Source=BHGDALLSQL05\SQL2016SAMMS;Connection Timeout=60;Integrated Security=True;Encrypt=False;Initial Catalog=SAMMS-FortSmith;,SAMMS-FortSmith,Select,2019-08-15,NULL,Fort Smith,1,1,dbo,tblFMP,pats,tbl_Fmp,1 = 1,"Order by 1, 2",0,V6,FS-1-33,NULL
BHG_DR,4,pats,tbl_Fmp,EST,FW,1,33,1,SQL,2,SAMMS,Data Source=BHGDALLSQL05\SQL2016SAMMS;Connection Timeout=60;Integrated Security=True;Encrypt=False;Initial Catalog=SAMMS-FortWayne;,SAMMS-FortWayne,Select,NULL,NULL,Fort Wayne,1,1,dbo,tblFMP,pats,tbl_Fmp,1 = 1,"Order by 1, 2",0,V6,FW-1-33,NULL
BHG_DR,4,pats,tbl_Fmp,EST,GAL,1,33,1,SQL,2,SAMMS,Data Source=BHGDALLSQL05\SQL2016SAMMS;Connection Timeout=60;Integrated Security=True;Encrypt=False;Initial Catalog=SAMMS-Gaylord ;,"SAMMS-Gaylord ",Select,NULL,NULL,Gaylord,1,1,dbo,tblFMP,pats,tbl_Fmp,1 = 1,"Order by 1, 2",0,V6,GAL-1-33,NULL
BHG_DR,4,pats,tbl_Fmp,EST,GRC,1,33,1,SQL,2,SAMMS,Data Source=BHGDALLSQL05\SQL2016SAMMS;Connection Timeout=60;Integrated Security=True;Encrypt=False;Initial Catalog=SAMMS-GreenfieldV5;,SAMMS-GreenfieldV5,Select,2018-12-05,NULL,Greenfield,0,0,dbo,tblFMP,pats,tbl_Fmp,1 = 1,"Order by 1, 2",0,V6,GRC-1-33,NULL
BHG_DR,4,pats,tbl_Fmp,EST,HGT,1,33,1,SQL,2,SAMMS,Data Source=BHGDALLSQL05\SQL2016SAMMS;Connection Timeout=60;Integrated Security=True;Encrypt=False;Initial Catalog=SAMMS-Hagerstown;,SAMMS-Hagerstown,Select,NULL,NULL,Hagerstown,1,0,dbo,tblFMP,pats,tbl_Fmp,1 = 1,"Order by 1, 2",0,V6,HGT-1-33,NULL
BHG_DR,4,pats,tbl_Fmp,CST,HNT,1,33,1,SQL,2,SAMMS,Data Source=BHGDALLSQL05\SQL2016SAMMS;Connection Timeout=60;Integrated Security=True;Encrypt=False;Initial Catalog=SAMMS-Huntsville;,SAMMS-Huntsville,Select,NULL,NULL,Huntsville,1,1,dbo,tblFMP,pats,tbl_Fmp,1 = 1,"Order by 1, 2",0,V6,HNT-1-33,NULL
BHG_DR,4,pats,tbl_Fmp,CST,HS,1,33,1,SQL,2,SAMMS,Data Source=BHGDALLSQL05\SQL2016SAMMS;Connection Timeout=60;Integrated Security=True;Encrypt=False;Initial Catalog=SAMMS-HotSprings;,SAMMS-HotSprings,Select,2019-08-15,NULL,Hot Springs,1,1,dbo,tblFMP,pats,tbl_Fmp,1 = 1,"Order by 1, 2",0,V6,HS-1-33,NULL
BHG_DR,4,pats,tbl_Fmp,CST,JON,1,33,1,SQL,2,SAMMS,Data Source=BHGDALLSQL05\SQL2016SAMMS;Connection Timeout=60;Integrated Security=True;Encrypt=False;Initial Catalog=SAMMS-Jonesboro;,SAMMS-Jonesboro,Select,NULL,NULL,Jonesboro,1,1,dbo,tblFMP,pats,tbl_Fmp,1 = 1,"Order by 1, 2",0,V6,JON-1-33,NULL
BHG_DR,4,pats,tbl_Fmp,EST,Lab,1,33,1,SQL,2,SAMMS,Data Source=BHGDALLSQL05\SQL2016SAMMS;Connection Timeout=60;Integrated Security=True;Encrypt=False;Initial Catalog=SAMMS-LabV5-V2;,SAMMS-LabV5-V2,Select,NULL,NULL,Reference Lab,1,0,dbo,tblFMP,pats,tbl_Fmp,1 = 1,"Order by 1, 2",0,V6,Lab-1-33,NULL
BHG_DR,4,pats,tbl_Fmp,EST,LAN,1,33,1,SQL,2,SAMMS,Data Source=BHGDALLSQL05\SQL2016SAMMS;Connection Timeout=60;Integrated Security=True;Encrypt=False;Initial Catalog=SAMMS-Lansing ;,"SAMMS-Lansing ",Select,NULL,NULL,Lansing,1,1,dbo,tblFMP,pats,tbl_Fmp,1 = 1,"Order by 1, 2",0,V6,LAN-1-33,NULL
BHG_DR,4,pats,tbl_Fmp,CST,LO,1,33,1,SQL,2,SAMMS,Data Source=BHGDALLSQL05\SQL2016SAMMS;Connection Timeout=60;Integrated Security=True;Encrypt=False;Initial Catalog=SAMMS-Louisville;,SAMMS-Louisville,Select,NULL,NULL,Louisville,1,1,dbo,tblFMP,pats,tbl_Fmp,1 = 1,"Order by 1, 2",0,V6,LO-1-33,NULL
BHG_DR,4,pats,tbl_Fmp,PST,LV1,1,33,1,SQL,2,SAMMS,Data Source=BHGDALLSQL05\SQL2016SAMMS;Connection Timeout=60;Integrated Security=True;Encrypt=False;Initial Catalog=SAMMS-Cheyenne;,SAMMS-Cheyenne,Select,NULL,NULL,Cheyenne,1,1,dbo,tblFMP,pats,tbl_Fmp,1 = 1,"Order by 1, 2",0,V6,LV1-1-33,NULL
BHG_DR,4,pats,tbl_Fmp,PST,LV2,1,33,1,SQL,2,SAMMS,Data Source=BHGDALLSQL05\SQL2016SAMMS;Connection Timeout=60;Integrated Security=True;Encrypt=False;Initial Catalog=SAMMS-DesertInn;,SAMMS-DesertInn,Select,NULL,NULL,Desert Inn,1,1,dbo,tblFMP,pats,tbl_Fmp,1 = 1,"Order by 1, 2",0,V6,LV2-1-33,NULL
BHG_DR,4,pats,tbl_Fmp,PST,LV3,1,33,1,SQL,2,SAMMS,Data Source=BHGDALLSQL05\SQL2016SAMMS;Connection Timeout=60;Integrated Security=True;Encrypt=False;Initial Catalog=SAMMS-McDaniel;,SAMMS-McDaniel,Select,NULL,NULL,McDaniel,1,1,dbo,tblFMP,pats,tbl_Fmp,1 = 1,"Order by 1, 2",0,V6,LV3-1-33,NULL
BHG_DR,4,pats,tbl_Fmp,CST,MNRE,1,33,1,SQL,2,SAMMS,Data Source=BHGDALLSQL05\SQL2016SAMMS;Connection Timeout=60;Integrated Security=True;Encrypt=False;Initial Catalog=SAMMS-Monroe;,SAMMS-Monroe,Select,NULL,NULL,Monroe,1,1,dbo,tblFMP,pats,tbl_Fmp,1 = 1,"Order by 1, 2",0,V6,MNRE-1-33,NULL
BHG_DR,4,pats,tbl_Fmp,EST,MP,1,33,1,SQL,2,SAMMS,Data Source=BHGDALLSQL05\SQL2016SAMMS;Connection Timeout=60;Integrated Security=True;Encrypt=False;Initial Catalog=SAMMS-MtPleasant ;,"SAMMS-MtPleasant ",Select,NULL,NULL,Mt. Pleasant,1,1,dbo,tblFMP,pats,tbl_Fmp,1 = 1,"Order by 1, 2",0,V6,MP-1-33,NULL
BHG_DR,4,pats,tbl_Fmp,MST,MRD,1,33,1,SQL,2,SAMMS,Data Source=BHGDALLSQL05\SQL2016SAMMS;Connection Timeout=60;Integrated Security=True;Encrypt=False;Initial Catalog=SAMMS-Meridian;,SAMMS-Meridian,Select,NULL,NULL,Meridian,1,1,dbo,tblFMP,pats,tbl_Fmp,1 = 1,"Order by 1, 2",0,V6,MRD-1-33,NULL
BHG_DR,4,pats,tbl_Fmp,EST,NC,1,33,1,SQL,2,SAMMS,Data Source=BHGDALLSQL05\SQL2016SAMMS;Connection Timeout=60;Integrated Security=True;Encrypt=False;Initial Catalog=SAMMS-NorthCharleston;,SAMMS-NorthCharleston,Select,NULL,NULL,North Charleston,1,1,dbo,tblFMP,pats,tbl_Fmp,1 = 1,"Order by 1, 2",0,V6,NC-1-33,NULL
BHG_DR,4,pats,tbl_Fmp,CST,NLR,1,33,1,SQL,2,SAMMS,Data Source=BHGDALLSQL05\SQL2016SAMMS;Connection Timeout=60;Integrated Security=True;Encrypt=False;Initial Catalog=SAMMS-NLROBOT;,SAMMS-NLROBOT,Select,2019-08-15,NULL,N. Little Rock,1,1,dbo,tblFMP,pats,tbl_Fmp,1 = 1,"Order by 1, 2",0,V6,NLR-1-33,NULL
BHG_DR,4,pats,tbl_Fmp,MST,PH,1,33,1,SQL,2,SAMMS,Data Source=BHGDALLSQL05\SQL2016SAMMS;Connection Timeout=60;Integrated Security=True;Encrypt=False;Initial Catalog=SAMMS-Phoenix;,SAMMS-Phoenix,Select,NULL,NULL,Phoenix,1,1,dbo,tblFMP,pats,tbl_Fmp,1 = 1,"Order by 1, 2",0,V6,PH-1-33,NULL
BHG_DR,4,pats,tbl_Fmp,PST,RE,1,33,1,SQL,2,SAMMS,Data Source=BHGDALLSQL05\SQL2016SAMMS;Connection Timeout=60;Integrated Security=True;Encrypt=False;Initial Catalog=SAMMS-Reno;,SAMMS-Reno,Select,NULL,NULL,Reno,1,1,dbo,tblFMP,pats,tbl_Fmp,1 = 1,"Order by 1, 2",0,V6,RE-1-33,NULL
BHG_DR,4,pats,tbl_Fmp,CST,RMD,1,33,1,SQL,2,SAMMS,Data Source=BHGDALLSQL05\SQL2016SAMMS;Connection Timeout=60;Integrated Security=True;Encrypt=False;Initial Catalog=SAMMS-Richmond;,SAMMS-Richmond,Select,NULL,NULL,Richmond,1,1,dbo,tblFMP,pats,tbl_Fmp,1 = 1,"Order by 1, 2",0,V6,RMD-1-33,NULL
BHG_DR,4,pats,tbl_Fmp,CST,SFN,1,33,1,SQL,2,SAMMS,Data Source=BHGDALLSQL05\SQL2016SAMMS;Connection Timeout=60;Integrated Security=True;Encrypt=False;Initial Catalog=SAMMS-SFNv5;,SAMMS-SFNv5,Select,NULL,NULL,Springfield North,1,0,dbo,tblFMP,pats,tbl_Fmp,1 = 1,"Order by 1, 2",0,V6,SFN-1-33,NULL
BHG_DR,4,pats,tbl_Fmp,CST,SHP,1,33,1,SQL,2,SAMMS,Data Source=BHGDALLSQL05\SQL2016SAMMS;Connection Timeout=60;Integrated Security=True;Encrypt=False;Initial Catalog=SAMMS-Shreveport;,SAMMS-Shreveport,Select,NULL,NULL,Shreveport,1,1,dbo,tblFMP,pats,tbl_Fmp,1 = 1,"Order by 1, 2",0,V6,SHP-1-33,NULL
BHG_DR,4,pats,tbl_Fmp,EST,STN,1,33,1,SQL,2,SAMMS,Data Source=BHGDALLSQL05\SQL2016SAMMS;Connection Timeout=60;Integrated Security=True;Encrypt=False;Initial Catalog=SAMMS-Staunton;,SAMMS-Staunton,Select,NULL,NULL,Staunton,1,1,dbo,tblFMP,pats,tbl_Fmp,1 = 1,"Order by 1, 2",0,V6,STN-1-33,NULL
BHG_DR,4,pats,tbl_Fmp,CST,STVN,1,33,1,SQL,2,SAMMS,Data Source=BHGDALLSQL05\SQL2016SAMMS;Connection Timeout=60;Integrated Security=True;Encrypt=False;Initial Catalog=SAMMS-Stevenson;,SAMMS-Stevenson,Select,NULL,NULL,Stevenson,1,1,dbo,tblFMP,pats,tbl_Fmp,1 = 1,"Order by 1, 2",0,V6,STVN-1-33,NULL
BHG_DR,4,pats,tbl_Fmp,MST,TE,1,33,1,SQL,2,SAMMS,Data Source=BHGDALLSQL05\SQL2016SAMMS;Connection Timeout=60;Integrated Security=True;Encrypt=False;Initial Catalog=SAMMS-Tempe;,SAMMS-Tempe,Select,NULL,NULL,Tempe,1,1,dbo,tblFMP,pats,tbl_Fmp,1 = 1,"Order by 1, 2",0,V6,TE-1-33,NULL
BHG_DR,4,pats,tbl_Fmp,CST,TEX,1,33,1,SQL,2,SAMMS,Data Source=BHGDALLSQL05\SQL2016SAMMS;Connection Timeout=60;Integrated Security=True;Encrypt=False;Initial Catalog=SAMMS-Texarkana;,SAMMS-Texarkana,Select,NULL,NULL,Texarkana,1,1,dbo,tblFMP,pats,tbl_Fmp,1 = 1,"Order by 1, 2",0,V6,TEX-1-33,NULL
BHG_DR,4,pats,tbl_Fmp,CST,TTCA,1,33,1,SQL,2,SAMMS,Data Source=BHGDALLSQL05\SQL2016SAMMS;Connection Timeout=60;Integrated Security=True;Encrypt=False;Initial Catalog=SAMMS-BessemerV5;,SAMMS-BessemerV5,Select,2018-09-24,NULL,Bessemer,1,0,dbo,tblFMP,pats,tbl_Fmp,1 = 1,"Order by 1, 2",0,V6,TTCA-1-33,NULL
BHG_DR,4,pats,tbl_Fmp,CST,TTCB,1,33,1,SQL,2,SAMMS,Data Source=BHGDALLSQL05\SQL2016SAMMS;Connection Timeout=60;Integrated Security=True;Encrypt=False;Initial Catalog=SAMMS-CullmanV5;,SAMMS-CullmanV5,Select,2019-02-26,NULL,Cullman,1,0,dbo,tblFMP,pats,tbl_Fmp,1 = 1,"Order by 1, 2",0,V6,TTCB-1-33,NULL
BHG_DR,4,pats,tbl_Fmp,CST,TTCC,1,33,1,SQL,2,SAMMS,Data Source=BHGDALLSQL05\SQL2016SAMMS;Connection Timeout=60;Integrated Security=True;Encrypt=False;Initial Catalog=SAMMS-GrandBay;,SAMMS-GrandBay,Select,2019-12-31,NULL,Grand Bay,1,1,dbo,tblFMP,pats,tbl_Fmp,1 = 1,"Order by 1, 2",0,V6,TTCC-1-33,NULL
BHG_DR,4,pats,tbl_Fmp,MST,TU,1,33,1,SQL,2,SAMMS,Data Source=BHGDALLSQL05\SQL2016SAMMS;Connection Timeout=60;Integrated Security=True;Encrypt=False;Initial Catalog=SAMMS-Tucson;,SAMMS-Tucson,Select,NULL,NULL,Tucson,1,1,dbo,tblFMP,pats,tbl_Fmp,1 = 1,"Order by 1, 2",0,V6,TU-1-33,NULL
BHG_DR,4,pats,tbl_Fmp,EST,V1,1,33,1,SQL,2,SAMMS,Data Source=BHGDALLSQL05\SQL2016SAMMS;Connection Timeout=60;Integrated Security=True;Encrypt=False;Initial Catalog=SAMMS-VCPHCS-I-MemphisV5;,SAMMS-VCPHCS-I-MemphisV5,Select,NULL,NULL,Memphis South,1,0,dbo,tblFMP,pats,tbl_Fmp,1 = 1,"Order by 1, 2",0,V6,V1-1-33,NULL
BHG_DR,4,pats,tbl_Fmp,MST,V10,1,33,1,SQL,2,SAMMS,Data Source=BHGDALLSQL05\SQL2016SAMMS;Connection Timeout=60;Integrated Security=True;Encrypt=False;Initial Catalog=SAMMS-BoulderV5;,SAMMS-BoulderV5,Select,NULL,NULL,Longmont,1,1,dbo,tblFMP,pats,tbl_Fmp,1 = 1,"Order by 1, 2",0,V6,V10-1-33,NULL
BHG_DR,4,pats,tbl_Fmp,MST,V10A,1,33,1,SQL,2,SAMMS,Data Source=BHGDALLSQL05\SQL2016SAMMS;Connection Timeout=60;Integrated Security=True;Encrypt=False;Initial Catalog=SAMMS-FortCollinsV5;,SAMMS-FortCollinsV5,Select,NULL,NULL,Fort Collins,1,1,dbo,tblFMP,pats,tbl_Fmp,1 = 1,"Order by 1, 2",0,V6,V10A-1-33,NULL
BHG_DR,4,pats,tbl_Fmp,MST,V11,1,33,1,SQL,2,SAMMS,Data Source=BHGDALLSQL05\SQL2016SAMMS;Connection Timeout=60;Integrated Security=True;Encrypt=False;Initial Catalog=SAMMS-VCPHCS-XI-NorthDenverV5;,SAMMS-VCPHCS-XI-NorthDenverV5,Select,NULL,NULL,Westminster,1,1,dbo,tblFMP,pats,tbl_Fmp,1 = 1,"Order by 1, 2",0,V6,V11-1-33,NULL
BHG_DR,4,pats,tbl_Fmp,MST,V12,1,33,1,SQL,2,SAMMS,Data Source=BHGDALLSQL05\SQL2016SAMMS;Connection Timeout=60;Integrated Security=True;Encrypt=False;Initial Catalog=SAMMS-VCPHCS-XII-DowntownDenverV5;,SAMMS-VCPHCS-XII-DowntownDenverV5,Select,NULL,NULL,Downtown Denver,1,1,dbo,tblFMP,pats,tbl_Fmp,1 = 1,"Order by 1, 2",0,V6,V12-1-33,NULL
BHG_DR,4,pats,tbl_Fmp,MST,V12A,1,33,1,SQL,2,SAMMS,Data Source=BHGDALLSQL05\SQL2016SAMMS;Connection Timeout=60;Integrated Security=True;Encrypt=False;Initial Catalog=SAMMS-CentennialV5;,SAMMS-CentennialV5,Select,NULL,NULL,Centennial,1,1,dbo,tblFMP,pats,tbl_Fmp,1 = 1,"Order by 1, 2",0,V6,V12A-1-33,NULL
BHG_DR,4,pats,tbl_Fmp,CST,V14,1,33,1,SQL,2,SAMMS,Data Source=BHGDALLSQL05\SQL2016SAMMS;Connection Timeout=60;Integrated Security=True;Encrypt=False;Initial Catalog=SAMMS-VCPHCS-XIV-BridgewayV5;,SAMMS-VCPHCS-XIV-BridgewayV5,Select,NULL,NULL,Overland Park,1,0,dbo,tblFMP,pats,tbl_Fmp,1 = 1,"Order by 1, 2",0,V6,V14-1-33,NULL
BHG_DR,4,pats,tbl_Fmp,CST,V15,1,33,1,SQL,2,SAMMS,Data Source=BHGDALLSQL05\SQL2016SAMMS;Connection Timeout=60;Integrated Security=True;Encrypt=False;Initial Catalog=SAMMS-JoplinV5;,SAMMS-JoplinV5,Select,NULL,NULL,Joplin,1,0,dbo,tblFMP,pats,tbl_Fmp,1 = 1,"Order by 1, 2",0,V6,V15-1-33,NULL
BHG_DR,4,pats,tbl_Fmp,EST,V17,1,33,1,SQL,2,SAMMS,Data Source=BHGDALLSQL05\SQL2016SAMMS;Connection Timeout=60;Integrated Security=True;Encrypt=False;Initial Catalog=SAMMS-ColumbiaTNv5;,SAMMS-ColumbiaTNv5,Select,NULL,NULL,Columbia TN,1,0,dbo,tblFMP,pats,tbl_Fmp,1 = 1,"Order by 1, 2",0,V6,V17-1-33,NULL
BHG_DR,4,pats,tbl_Fmp,EST,V19,1,33,1,SQL,2,SAMMS,Data Source=BHGDALLSQL05\SQL2016SAMMS;Connection Timeout=60;Integrated Security=True;Encrypt=False;Initial Catalog=SAMMS-JacksonV5;,SAMMS-JacksonV5,Select,NULL,NULL,Jackson,1,0,dbo,tblFMP,pats,tbl_Fmp,1 = 1,"Order by 1, 2",0,V6,V19-1-33,NULL
BHG_DR,4,pats,tbl_Fmp,EST,V20,1,33,1,SQL,2,SAMMS,Data Source=BHGDALLSQL05\SQL2016SAMMS;Connection Timeout=60;Integrated Security=True;Encrypt=False;Initial Catalog=SAMMS-ParisV5;,SAMMS-ParisV5,Select,NULL,NULL,Paris,1,0,dbo,tblFMP,pats,tbl_Fmp,1 = 1,"Order by 1, 2",0,V6,V20-1-33,NULL
BHG_DR,4,pats,tbl_Fmp,EST,V21,1,33,1,SQL,2,SAMMS,Data Source=BHGDALLSQL05\SQL2016SAMMS;Connection Timeout=60;Integrated Security=True;Encrypt=False;Initial Catalog=SAMMS-RaleighV5;,SAMMS-RaleighV5,Select,NULL,NULL,Memphis North,1,0,dbo,tblFMP,pats,tbl_Fmp,1 = 1,"Order by 1, 2",0,V6,V21-1-33,NULL
BHG_DR,4,pats,tbl_Fmp,CST,V5,1,33,1,SQL,2,SAMMS,Data Source=BHGDALLSQL05\SQL2016SAMMS;Connection Timeout=60;Integrated Security=True;Encrypt=False;Initial Catalog=SAMMS-NONTCv5;,SAMMS-NONTCv5,Select,NULL,NULL,West Bank,1,1,dbo,tblFMP,pats,tbl_Fmp,1 = 1,"Order by 1, 2",0,V6,V5-1-33,NULL
BHG_DR,4,pats,tbl_Fmp,CST,V5B,1,33,1,SQL,2,SAMMS,Data Source=BHGDALLSQL05\SQL2016SAMMS;Connection Timeout=60;Integrated Security=True;Encrypt=False;Initial Catalog=SAMMS-HoumaV6;,SAMMS-HoumaV6,Select,NULL,NULL,Houma,1,0,dbo,tblFMP,pats,tbl_Fmp,1 = 1,"Order by 1, 2",0,v6,V5B-1-33,NULL
BHG_DR,4,pats,tbl_Fmp,CST,V6,1,33,1,SQL,2,SAMMS,Data Source=BHGDALLSQL05\SQL2016SAMMS;Connection Timeout=60;Integrated Security=True;Encrypt=False;Initial Catalog=SAMMS-LCv5;,SAMMS-LCv5,Select,NULL,NULL,Lake Charles,1,1,dbo,tblFMP,pats,tbl_Fmp,1 = 1,"Order by 1, 2",0,V6,V6-1-33,NULL
BHG_DR,4,pats,tbl_Fmp,EST,V8,1,33,1,SQL,2,SAMMS,Data Source=BHGDALLSQL05\SQL2016SAMMS;Connection Timeout=60;Integrated Security=True;Encrypt=False;Initial Catalog=SAMMS-VCPHCS-VIII-MemphisV5;,SAMMS-VCPHCS-VIII-MemphisV5,Select,NULL,NULL,Memphis Midtown,1,0,dbo,tblFMP,pats,tbl_Fmp,1 = 1,"Order by 1, 2",0,V6,V8-1-33,NULL
BHG_DR,4,pats,tbl_Fmp,EST,V9,1,33,1,SQL,2,SAMMS,Data Source=BHGDALLSQL05\SQL2016SAMMS;Connection Timeout=60;Integrated Security=True;Encrypt=False;Initial Catalog=SAMMS-NashvilleV5;,SAMMS-NashvilleV5,Select,NULL,NULL,Nashville,1,0,dbo,tblFMP,pats,tbl_Fmp,1 = 1,"Order by 1, 2",0,V6,V9-1-33,NULL
BHG_DR,4,pats,tbl_Fmp,CST,VBRA,1,33,1,SQL,2,SAMMS,Data Source=BHGDALLSQL05\SQL2016SAMMS;Connection Timeout=60;Integrated Security=True;Encrypt=False;Initial Catalog=SAMMS-BrainerdV6;,SAMMS-BrainerdV6,Select,2021-11-01,NULL,Brainerd,1,1,dbo,tblFMP,pats,tbl_Fmp,1 = 1,"Order by 1, 2",0,V6,VBRA-1-33,NULL
BHG_DR,4,pats,tbl_Fmp,CST,VBRP,1,33,1,SQL,2,SAMMS,Data Source=BHGDALLSQL05\SQL2016SAMMS;Connection Timeout=60;Integrated Security=True;Encrypt=False;Initial Catalog=SAMMS-BrooklynParkV6;,SAMMS-BrooklynParkV6,Select,2021-11-01,NULL,Brooklyn Park,1,1,dbo,tblFMP,pats,tbl_Fmp,1 = 1,"Order by 1, 2",0,V6,VBRP-1-33,NULL
BHG_DR,4,pats,tbl_Fmp,CST,VMIN,1,33,1,SQL,2,SAMMS,Data Source=BHGDALLSQL05\SQL2016SAMMS;Connection Timeout=60;Integrated Security=True;Encrypt=False;Initial Catalog=SAMMS-MinneapolisV6;,SAMMS-MinneapolisV6,Select,2021-11-01,NULL,Minneapolis,1,1,dbo,tblFMP,pats,tbl_Fmp,1 = 1,"Order by 1, 2",0,V6,VMIN-1-33,NULL
BHG_DR,4,pats,tbl_Fmp,CST,VWBY,1,33,1,SQL,2,SAMMS,Data Source=BHGDALLSQL05\SQL2016SAMMS;Connection Timeout=60;Integrated Security=True;Encrypt=False;Initial Catalog=SAMMS-WoodburyV6;,SAMMS-WoodburyV6,Select,2021-11-01,NULL,Woodbury,1,1,dbo,tblFMP,pats,tbl_Fmp,1 = 1,"Order by 1, 2",0,V6,VWBY-1-33,NULL
BHG_DR,4,pats,tbl_Fmp,EST,WIL,1,33,1,SQL,2,SAMMS,Data Source=BHGDALLSQL05\SQL2016SAMMS;Connection Timeout=60;Integrated Security=True;Encrypt=False;Initial Catalog=SAMMS-Wilson;,SAMMS-Wilson,Select,NULL,NULL,Wilson,1,1,dbo,tblFMP,pats,tbl_Fmp,1 = 1,"Order by 1, 2",0,V6,WIL-1-33,NULL
BHG_DR,5,pats,tbl_PayerCltHistory,EST,AHK,1,29,1,SQL,2,SAMMS,Data Source=BHGDALLSQL05\SQL2016SAMMS;Connection Timeout=60;Integrated Security=True;Encrypt=False;Initial Catalog=SAMMS-Ahoskie ;,"SAMMS-Ahoskie ",Select,NULL,NULL,Ahoskie,1,1,dbo,tblPayerCltHistory,pats,tbl_PayerCltHistory,pyDtm is not null and pyDtm >= @WorkDate,"Order by 1, 2",0,V6,AHK-1-29,NULL
BHG_DR,5,pats,tbl_PayerCltHistory,MST,B12B,1,29,1,SQL,2,SAMMS,Data Source=BHGDALLSQL05\SQL2016SAMMS;Connection Timeout=60;Integrated Security=True;Encrypt=False;Initial Catalog=SAMMS-ColoradoSpringsV5;,SAMMS-ColoradoSpringsV5,Select,NULL,NULL,Colorado Springs,1,0,dbo,tblPayerCltHistory,pats,tbl_PayerCltHistory,pyDtm is not null and pyDtm >= @WorkDate,"Order by 1, 2",0,V6,B12B-1-29,NULL
BHG_DR,5,pats,tbl_PayerCltHistory,CST,B24,1,29,1,SQL,2,SAMMS,Data Source=BHGDALLSQL05\SQL2016SAMMS;Connection Timeout=60;Integrated Security=True;Encrypt=False;Initial Catalog=SAMMS-PaintsvilleV5;,SAMMS-PaintsvilleV5,Select,NULL,NULL,Paintsville,1,1,dbo,tblPayerCltHistory,pats,tbl_PayerCltHistory,pyDtm is not null and pyDtm >= @WorkDate,"Order by 1, 2",0,V6,B24-1-29,NULL
BHG_DR,5,pats,tbl_PayerCltHistory,CST,B25,1,29,1,SQL,2,SAMMS,Data Source=BHGDALLSQL05\SQL2016SAMMS;Connection Timeout=60;Integrated Security=True;Encrypt=False;Initial Catalog=SAMMS-PikevilleV5;,SAMMS-PikevilleV5,Select,NULL,NULL,Pikeville,1,1,dbo,tblPayerCltHistory,pats,tbl_PayerCltHistory,pyDtm is not null and pyDtm >= @WorkDate,"Order by 1, 2",0,V6,B25-1-29,NULL
BHG_DR,5,pats,tbl_PayerCltHistory,CST,B26,1,29,1,SQL,2,SAMMS,Data Source=BHGDALLSQL05\SQL2016SAMMS;Connection Timeout=60;Integrated Security=True;Encrypt=False;Initial Catalog=SAMMS-HazardV5;,SAMMS-HazardV5,Select,NULL,NULL,Hazard,1,0,dbo,tblPayerCltHistory,pats,tbl_PayerCltHistory,pyDtm is not null and pyDtm >= @WorkDate,"Order by 1, 2",0,V6,B26-1-29,NULL
BHG_DR,5,pats,tbl_PayerCltHistory,EST,B27,1,29,1,SQL,2,SAMMS,Data Source=BHGDALLSQL05\SQL2016SAMMS;Connection Timeout=60;Integrated Security=True;Encrypt=False;Initial Catalog=SAMMS-SavannahV6;,SAMMS-SavannahV6,Select,2022-09-14,NULL,Savannah,1,1,dbo,tblPayerCltHistory,pats,tbl_PayerCltHistory,pyDtm is not null and pyDtm >= @WorkDate,"Order by 1, 2",0,V6,B27-1-29,NULL
BHG_DR,5,pats,tbl_PayerCltHistory,CST,B28,1,29,1,SQL,2,SAMMS,Data Source=BHGDALLSQL05\SQL2016SAMMS;Connection Timeout=60;Integrated Security=True;Encrypt=False;Initial Catalog=SAMMS-WestPlainesV5;,SAMMS-WestPlainesV5,Select,NULL,NULL,West Plains,1,0,dbo,tblPayerCltHistory,pats,tbl_PayerCltHistory,pyDtm is not null and pyDtm >= @WorkDate,"Order by 1, 2",0,V6,B28-1-29,NULL
BHG_DR,5,pats,tbl_PayerCltHistory,CST,B29,1,29,1,SQL,2,SAMMS,Data Source=BHGDALLSQL05\SQL2016SAMMS;Connection Timeout=60;Integrated Security=True;Encrypt=False;Initial Catalog=SAMMS-PoplarBluffV5;,SAMMS-PoplarBluffV5,Select,NULL,NULL,Poplar Bluff,1,0,dbo,tblPayerCltHistory,pats,tbl_PayerCltHistory,pyDtm is not null and pyDtm >= @WorkDate,"Order by 1, 2",0,V6,B29-1-29,NULL
BHG_DR,5,pats,tbl_PayerCltHistory,CST,B30,1,29,1,SQL,2,SAMMS,Data Source=BHGDALLSQL05\SQL2016SAMMS;Connection Timeout=60;Integrated Security=True;Encrypt=False;Initial Catalog=SAMMS-KCNv5;,SAMMS-KCNv5,Select,2016-02-01,NULL,KC North,1,0,dbo,tblPayerCltHistory,pats,tbl_PayerCltHistory,pyDtm is not null and pyDtm >= @WorkDate,"Order by 1, 2",0,V6,B30-1-29,NULL
BHG_DR,5,pats,tbl_PayerCltHistory,EST,B31,1,29,1,SQL,2,SAMMS,Data Source=BHGDALLSQL05\SQL2016SAMMS;Connection Timeout=60;Integrated Security=True;Encrypt=False;Initial Catalog=SAMMS-DyersburgV5;,SAMMS-DyersburgV5,Select,NULL,NULL,Dyersburg,1,0,dbo,tblPayerCltHistory,pats,tbl_PayerCltHistory,pyDtm is not null and pyDtm >= @WorkDate,"Order by 1, 2",0,V6,B31-1-29,NULL
BHG_DR,5,pats,tbl_PayerCltHistory,CST,B33,1,29,1,SQL,2,SAMMS,Data Source=BHGDALLSQL05\SQL2016SAMMS;Connection Timeout=60;Integrated Security=True;Encrypt=False;Initial Catalog=SAMMS-Paducah;,SAMMS-Paducah,Select,NULL,NULL,Paducah,1,0,dbo,tblPayerCltHistory,pats,tbl_PayerCltHistory,pyDtm is not null and pyDtm >= @WorkDate,"Order by 1, 2",0,V6,B33-1-29,NULL
BHG_DR,5,pats,tbl_PayerCltHistory,CST,B34,1,29,1,SQL,2,SAMMS,Data Source=BHGDALLSQL05\SQL2016SAMMS;Connection Timeout=60;Integrated Security=True;Encrypt=False;Initial Catalog=SAMMS-CorbinV5;,SAMMS-CorbinV5,Select,NULL,NULL,Corbin,1,0,dbo,tblPayerCltHistory,pats,tbl_PayerCltHistory,pyDtm is not null and pyDtm >= @WorkDate,"Order by 1, 2",0,V6,B34-1-29,NULL
BHG_DR,5,pats,tbl_PayerCltHistory,CST,B35,1,29,1,SQL,2,SAMMS,Data Source=BHGDALLSQL05\SQL2016SAMMS;Connection Timeout=60;Integrated Security=True;Encrypt=False;Initial Catalog=SAMMS-LexingtonV5;,SAMMS-LexingtonV5,Select,NULL,NULL,Lexington,1,1,dbo,tblPayerCltHistory,pats,tbl_PayerCltHistory,pyDtm is not null and pyDtm >= @WorkDate,"Order by 1, 2",0,V6,B35-1-29,NULL
BHG_DR,5,pats,tbl_PayerCltHistory,CST,B35A,1,29,1,SQL,2,SAMMS,Data Source=BHGDALLSQL05\SQL2016SAMMS;Connection Timeout=60;Integrated Security=True;Encrypt=False;Initial Catalog=SAMMS-BereaV5;,SAMMS-BereaV5,Select,2018-06-01,NULL,Berea,1,0,dbo,tblPayerCltHistory,pats,tbl_PayerCltHistory,pyDtm is not null and pyDtm >= @WorkDate,"Order by 1, 2",0,V6,B35A-1-29,NULL
BHG_DR,5,pats,tbl_PayerCltHistory,EST,B36,1,29,1,SQL,2,SAMMS,Data Source=BHGDALLSQL05\SQL2016SAMMS;Connection Timeout=60;Integrated Security=True;Encrypt=False;Initial Catalog=SAMMS-AshevilleV5;,SAMMS-AshevilleV5,Select,2015-09-07,NULL,Asheville,1,0,dbo,tblPayerCltHistory,pats,tbl_PayerCltHistory,pyDtm is not null and pyDtm >= @WorkDate,"Order by 1, 2",0,V6,B36-1-29,NULL
BHG_DR,5,pats,tbl_PayerCltHistory,EST,B37,1,29,1,SQL,2,SAMMS,Data Source=BHGDALLSQL05\SQL2016SAMMS;Connection Timeout=60;Integrated Security=True;Encrypt=False;Initial Catalog=SAMMS-ClydeV5;,SAMMS-ClydeV5,Select,2015-09-07,NULL,Clyde,1,0,dbo,tblPayerCltHistory,pats,tbl_PayerCltHistory,pyDtm is not null and pyDtm >= @WorkDate,"Order by 1, 2",0,V6,B37-1-29,NULL
BHG_DR,5,pats,tbl_PayerCltHistory,EST,B38,1,29,1,SQL,2,SAMMS,Data Source=BHGDALLSQL05\SQL2016SAMMS;Connection Timeout=60;Integrated Security=True;Encrypt=False;Initial Catalog=SAMMS-SpartanburgV5;,SAMMS-SpartanburgV5,Select,2016-07-25,NULL,Spartanburg,1,0,dbo,tblPayerCltHistory,pats,tbl_PayerCltHistory,pyDtm is not null and pyDtm >= @WorkDate,"Order by 1, 2",0,V6,B38-1-29,NULL
BHG_DR,5,pats,tbl_PayerCltHistory,EST,B39,1,29,1,SQL,2,SAMMS,Data Source=BHGDALLSQL05\SQL2016SAMMS;Connection Timeout=60;Integrated Security=True;Encrypt=False;Initial Catalog=SAMMS-AikenV5;,SAMMS-AikenV5,Select,2016-07-25,NULL,Aiken,1,0,dbo,tblPayerCltHistory,pats,tbl_PayerCltHistory,pyDtm is not null and pyDtm >= @WorkDate,"Order by 1, 2",0,V6,B39-1-29,NULL
BHG_DR,5,pats,tbl_PayerCltHistory,EST,B41,1,29,1,SQL,2,SAMMS,Data Source=BHGDALLSQL05\SQL2016SAMMS;Connection Timeout=60;Integrated Security=True;Encrypt=False;Initial Catalog=SAMMS-ChesapeakeV5;,SAMMS-ChesapeakeV5,Select,2016-10-24,NULL,Chesapeake,1,0,dbo,tblPayerCltHistory,pats,tbl_PayerCltHistory,pyDtm is not null and pyDtm >= @WorkDate,"Order by 1, 2",0,V6,B41-1-29,NULL
BHG_DR,5,pats,tbl_PayerCltHistory,EST,B42,1,29,1,SQL,2,SAMMS,Data Source=BHGDALLSQL05\SQL2016SAMMS;Connection Timeout=60;Integrated Security=True;Encrypt=False;Initial Catalog=SAMMS-VirginiaBeachV5;,SAMMS-VirginiaBeachV5,Select,2016-10-24,NULL,Virginia Beach,1,0,dbo,tblPayerCltHistory,pats,tbl_PayerCltHistory,pyDtm is not null and pyDtm >= @WorkDate,"Order by 1, 2",0,V6,B42-1-29,NULL
BHG_DR,5,pats,tbl_PayerCltHistory,EST,B42A,1,29,1,SQL,2,SAMMS,Data Source=BHGDALLSQL05\SQL2016SAMMS;Connection Timeout=60;Integrated Security=True;Encrypt=False;Initial Catalog=SAMMS-NewportNewsV5;,SAMMS-NewportNewsV5,Select,2018-12-06,NULL,Newport News,1,0,dbo,tblPayerCltHistory,pats,tbl_PayerCltHistory,pyDtm is not null and pyDtm >= @WorkDate,"Order by 1, 2",0,V6,B42A-1-29,NULL
BHG_DR,5,pats,tbl_PayerCltHistory,EST,B42B,1,29,1,SQL,2,SAMMS,Data Source=BHGDALLSQL05\SQL2016SAMMS;Connection Timeout=60;Integrated Security=True;Encrypt=False;Initial Catalog=SAMMS-FranklinV5;,SAMMS-FranklinV5,Select,2018-12-19,NULL,Franklin,1,0,dbo,tblPayerCltHistory,pats,tbl_PayerCltHistory,pyDtm is not null and pyDtm >= @WorkDate,"Order by 1, 2",0,V6,B42B-1-29,NULL
BHG_DR,5,pats,tbl_PayerCltHistory,EST,B42C,1,29,1,SQL,2,SAMMS,Data Source=BHGDALLSQL05\SQL2016SAMMS;Connection Timeout=60;Integrated Security=True;Encrypt=False;Initial Catalog=SAMMS-GlenAllenV5;,SAMMS-GlenAllenV5,Select,2019-07-17,NULL,Glen Allen,1,0,dbo,tblPayerCltHistory,pats,tbl_PayerCltHistory,pyDtm is not null and pyDtm >= @WorkDate,"Order by 1, 2",0,V6,B42C-1-29,NULL
BHG_DR,5,pats,tbl_PayerCltHistory,EST,B42D,1,29,1,SQL,2,SAMMS,Data Source=BHGDALLSQL05\SQL2016SAMMS;Connection Timeout=60;Integrated Security=True;Encrypt=False;Initial Catalog=SAMMS-ChesapeakeSouthV5;,SAMMS-ChesapeakeSouthV5,Select,2019-06-11,NULL,Chesapeake South,1,0,dbo,tblPayerCltHistory,pats,tbl_PayerCltHistory,pyDtm is not null and pyDtm >= @WorkDate,"Order by 1, 2",0,V6,B42D-1-29,NULL
BHG_DR,5,pats,tbl_PayerCltHistory,EST,B44,1,29,1,SQL,2,SAMMS,Data Source=BHGDALLSQL05\SQL2016SAMMS;Connection Timeout=60;Integrated Security=True;Encrypt=False;Initial Catalog=SAMMS-AlbanyV5;,SAMMS-AlbanyV5,Select,2017-06-19,NULL,Albany,1,0,dbo,tblPayerCltHistory,pats,tbl_PayerCltHistory,pyDtm is not null and pyDtm >= @WorkDate,"Order by 1, 2",0,V6,B44-1-29,NULL
BHG_DR,5,pats,tbl_PayerCltHistory,EST,B45,1,29,1,SQL,2,SAMMS,Data Source=BHGDALLSQL05\SQL2016SAMMS;Connection Timeout=60;Integrated Security=True;Encrypt=False;Initial Catalog=SAMMS-TiftonV5;,SAMMS-TiftonV5,Select,2017-06-19,NULL,Tifton,1,0,dbo,tblPayerCltHistory,pats,tbl_PayerCltHistory,pyDtm is not null and pyDtm >= @WorkDate,"Order by 1, 2",0,V6,B45-1-29,NULL
BHG_DR,5,pats,tbl_PayerCltHistory,CST,B46,1,29,1,SQL,2,SAMMS,Data Source=BHGDALLSQL05\SQL2016SAMMS;Connection Timeout=60;Integrated Security=True;Encrypt=False;Initial Catalog=SAMMS-WashingtonDCv5;,SAMMS-WashingtonDCv5,Select,2019-03-20,NULL,Washington DC,1,0,dbo,tblPayerCltHistory,pats,tbl_PayerCltHistory,pyDtm is not null and pyDtm >= @WorkDate,"Order by 1, 2",0,V6,B46-1-29,NULL
BHG_DR,5,pats,tbl_PayerCltHistory,CST,B47,1,29,1,SQL,2,SAMMS,Data Source=BHGDALLSQL05\SQL2016SAMMS;Connection Timeout=60;Integrated Security=True;Encrypt=False;Initial Catalog=SAMMS-MobileV5;,SAMMS-MobileV5,Select,2019-09-10,NULL,Mobile,1,0,dbo,tblPayerCltHistory,pats,tbl_PayerCltHistory,pyDtm is not null and pyDtm >= @WorkDate,"Order by 1, 2",0,V6,B47-1-29,NULL
BHG_DR,5,pats,tbl_PayerCltHistory,CST,B48,1,29,1,SQL,2,SAMMS,Data Source=BHGDALLSQL05\SQL2016SAMMS;Connection Timeout=60;Integrated Security=True;Encrypt=False;Initial Catalog=SAMMS-TuscaloosaV5;,SAMMS-TuscaloosaV5,Select,2017-11-19,NULL,Tuscaloosa,1,0,dbo,tblPayerCltHistory,pats,tbl_PayerCltHistory,pyDtm is not null and pyDtm >= @WorkDate,"Order by 1, 2",0,V6,B48-1-29,NULL
BHG_DR,5,pats,tbl_PayerCltHistory,CST,B51,1,29,1,SQL,2,SAMMS,Data Source=BHGDALLSQL05\SQL2016SAMMS;Connection Timeout=60;Integrated Security=True;Encrypt=False;Initial Catalog=SAMMS-NorthLittleRockV6;,SAMMS-NorthLittleRockV6,Select,2019-11-15,NULL,N. Little Rock (OTP),1,0,dbo,tblPayerCltHistory,pats,tbl_PayerCltHistory,pyDtm is not null and pyDtm >= @WorkDate,"Order by 1, 2",0,V6,B51-1-29,NULL
BHG_DR,5,pats,tbl_PayerCltHistory,EST,B52,1,29,1,SQL,2,SAMMS,Data Source=BHGDALLSQL05\SQL2016SAMMS;Connection Timeout=60;Integrated Security=True;Encrypt=False;Initial Catalog=SAMMS-JacksonGAV5;,SAMMS-JacksonGAV5,Select,2018-06-01,NULL,Jackson GA,1,0,dbo,tblPayerCltHistory,pats,tbl_PayerCltHistory,pyDtm is not null and pyDtm >= @WorkDate,"Order by 1, 2",0,V6,B52-1-29,NULL
BHG_DR,5,pats,tbl_PayerCltHistory,CST,B54,1,29,1,SQL,2,SAMMS,Data Source=BHGDALLSQL05\SQL2016SAMMS;Connection Timeout=60;Integrated Security=True;Encrypt=False;Initial Catalog=SAMMS-GadsdenV5;,SAMMS-GadsdenV5,Select,2018-06-01,NULL,Gadsden,1,0,dbo,tblPayerCltHistory,pats,tbl_PayerCltHistory,pyDtm is not null and pyDtm >= @WorkDate,"Order by 1, 2",0,V6,B54-1-29,NULL
BHG_DR,5,pats,tbl_PayerCltHistory,CST,B55,1,29,1,SQL,2,SAMMS,Data Source=BHGDALLSQL05\SQL2016SAMMS;Connection Timeout=60;Integrated Security=True;Encrypt=False;Initial Catalog=SAMMS-ShoalsV5;,SAMMS-ShoalsV5,Select,2018-04-22,NULL,Shoals,1,0,dbo,tblPayerCltHistory,pats,tbl_PayerCltHistory,pyDtm is not null and pyDtm >= @WorkDate,"Order by 1, 2",0,V6,B55-1-29,NULL
BHG_DR,5,pats,tbl_PayerCltHistory,EST,B57,1,29,1,SQL,2,SAMMS,Data Source=BHGDALLSQL05\SQL2016SAMMS;Connection Timeout=60;Integrated Security=True;Encrypt=False;Initial Catalog=SAMMS-Pawtucket;,SAMMS-Pawtucket,Select,2020-09-04,NULL,Pawtucket,1,1,dbo,tblPayerCltHistory,pats,tbl_PayerCltHistory,pyDtm is not null and pyDtm >= @WorkDate,"Order by 1, 2",0,V6,B57-1-29,NULL
BHG_DR,5,pats,tbl_PayerCltHistory,EST,B57A,1,29,1,SQL,2,SAMMS,Data Source=BHGDALLSQL05\SQL2016SAMMS;Connection Timeout=60;Integrated Security=True;Encrypt=False;Initial Catalog=SAMMS-Johnston;,SAMMS-Johnston,Select,2021-10-04,NULL,Johnston,1,1,dbo,tblPayerCltHistory,pats,tbl_PayerCltHistory,pyDtm is not null and pyDtm >= @WorkDate,"Order by 1, 2",0,V6,B57A-1-29,NULL
BHG_DR,5,pats,tbl_PayerCltHistory,EST,B57B,1,29,1,SQL,2,SAMMS,Data Source=BHGDALLSQL05\SQL2016SAMMS;Connection Timeout=60;Integrated Security=True;Encrypt=False;Initial Catalog=SAMMS-Middletown;,SAMMS-Middletown,Select,2021-10-04,NULL,Middletown,1,1,dbo,tblPayerCltHistory,pats,tbl_PayerCltHistory,pyDtm is not null and pyDtm >= @WorkDate,"Order by 1, 2",0,V6,B57B-1-29,NULL
BHG_DR,5,pats,tbl_PayerCltHistory,EST,B57C,1,29,1,SQL,2,SAMMS,Data Source=BHGDALLSQL05\SQL2016SAMMS;Connection Timeout=60;Integrated Security=True;Encrypt=False;Initial Catalog=SAMMS-Providence;,SAMMS-Providence,Select,2021-10-04,NULL,Providence,1,1,dbo,tblPayerCltHistory,pats,tbl_PayerCltHistory,pyDtm is not null and pyDtm >= @WorkDate,"Order by 1, 2",0,V6,B57C-1-29,NULL
BHG_DR,5,pats,tbl_PayerCltHistory,EST,B57D,1,29,1,SQL,2,SAMMS,Data Source=BHGDALLSQL05\SQL2016SAMMS;Connection Timeout=60;Integrated Security=True;Encrypt=False;Initial Catalog=SAMMS-Westerly;,SAMMS-Westerly,Select,2021-10-04,NULL,Westerly,1,1,dbo,tblPayerCltHistory,pats,tbl_PayerCltHistory,pyDtm is not null and pyDtm >= @WorkDate,"Order by 1, 2",0,V6,B57D-1-29,NULL
BHG_DR,5,pats,tbl_PayerCltHistory,EST,B66A,1,29,1,SQL,2,SAMMS,Data Source=BHGDALLSQL05\SQL2016SAMMS;Connection Timeout=60;Integrated Security=True;Encrypt=False;Initial Catalog=SAMMS-Bremen;,SAMMS-Bremen,Select,NULL,NULL,Bremen,1,1,dbo,tblPayerCltHistory,pats,tbl_PayerCltHistory,pyDtm is not null and pyDtm >= @WorkDate,"Order by 1, 2",0,V6,B66A-1-29,NULL
BHG_DR,5,pats,tbl_PayerCltHistory,CST,B72,1,29,1,SQL,2,SAMMS,Data Source=BHGDALLSQL05\SQL2016SAMMS;Connection Timeout=60;Integrated Security=True;Encrypt=False;Initial Catalog=SAMMS-Mobile-OBOT;,SAMMS-Mobile-OBOT,Select,NULL,NULL,Mobile (OBOT),1,1,dbo,tblPayerCltHistory,pats,tbl_PayerCltHistory,pyDtm is not null and pyDtm >= @WorkDate,"Order by 1, 2",0,V6,B72-1-29,NULL
BHG_DR,5,pats,tbl_PayerCltHistory,CST,B73,1,29,1,SQL,2,SAMMS,Data Source=BHGDALLSQL05\SQL2016SAMMS;Connection Timeout=60;Integrated Security=True;Encrypt=False;Initial Catalog=SAMMS-Montgomery;,SAMMS-Montgomery,Select,NULL,NULL,Montgomery,1,1,dbo,tblPayerCltHistory,pats,tbl_PayerCltHistory,pyDtm is not null and pyDtm >= @WorkDate,"Order by 1, 2",0,V6,B73-1-29,NULL
BHG_DR,5,pats,tbl_PayerCltHistory,CST,B75,1,29,1,SQL,2,SAMMS,Data Source=BHGDALLSQL05\SQL2016SAMMS;Connection Timeout=60;Integrated Security=True;Encrypt=False;Initial Catalog=SAMMS-LawrenceV6;,SAMMS-LawrenceV6,Select,2021-11-09,NULL,Lawrence,1,0,dbo,tblPayerCltHistory,pats,tbl_PayerCltHistory,pyDtm is not null and pyDtm >= @WorkDate,"Order by 1, 2",0,V6,B75-1-29,NULL
BHG_DR,5,pats,tbl_PayerCltHistory,CST,B76,1,29,1,SQL,2,SAMMS,Data Source=BHGDALLSQL05\SQL2016SAMMS;Connection Timeout=60;Integrated Security=True;Encrypt=False;Initial Catalog=SAMMS-Huntsville-OBOT;,SAMMS-Huntsville-OBOT,Select,NULL,NULL,Huntsville OBOT,1,0,dbo,tblPayerCltHistory,pats,tbl_PayerCltHistory,pyDtm is not null and pyDtm >= @WorkDate,"Order by 1, 2",0,V6,B76-1-29,NULL
BHG_DR,5,pats,tbl_PayerCltHistory,CST,BAT,1,29,1,SQL,2,SAMMS,Data Source=BHGDALLSQL05\SQL2016SAMMS;Connection Timeout=60;Integrated Security=True;Encrypt=False;Initial Catalog=SAMMS-Batesville;,SAMMS-Batesville,Select,NULL,NULL,Batesville,1,1,dbo,tblPayerCltHistory,pats,tbl_PayerCltHistory,pyDtm is not null and pyDtm >= @WorkDate,"Order by 1, 2",0,V6,BAT-1-29,NULL
BHG_DR,5,pats,tbl_PayerCltHistory,CST,BG,1,29,1,SQL,2,SAMMS,Data Source=BHGDALLSQL05\SQL2016SAMMS;Connection Timeout=60;Integrated Security=True;Encrypt=False;Initial Catalog=SAMMS-BowlingGreen;,SAMMS-BowlingGreen,Select,NULL,NULL,Bowling Green,1,1,dbo,tblPayerCltHistory,pats,tbl_PayerCltHistory,pyDtm is not null and pyDtm >= @WorkDate,"Order by 1, 2",0,V6,BG-1-29,NULL
BHG_DR,5,pats,tbl_PayerCltHistory,MST,BOI,1,29,1,SQL,2,SAMMS,Data Source=BHGDALLSQL05\SQL2016SAMMS;Connection Timeout=60;Integrated Security=True;Encrypt=False;Initial Catalog=SAMMS-Boise;,SAMMS-Boise,Select,NULL,NULL,Boise,1,1,dbo,tblPayerCltHistory,pats,tbl_PayerCltHistory,pyDtm is not null and pyDtm >= @WorkDate,"Order by 1, 2",0,V6,BOI-1-29,NULL
BHG_DR,5,pats,tbl_PayerCltHistory,MST,CBCO,1,29,1,SQL,2,SAMMS,Data Source=BHGDALLSQL05\SQL2016SAMMS;Connection Timeout=60;Integrated Security=True;Encrypt=False;Initial Catalog=SAMMS-CoeurdAleneV6;,SAMMS-CoeurdAleneV6,Select,NULL,NULL,Coeur d'Alene,1,1,dbo,tblPayerCltHistory,pats,tbl_PayerCltHistory,pyDtm is not null and pyDtm >= @WorkDate,"Order by 1, 2",0,V6,CBCO-1-29,NULL
BHG_DR,5,pats,tbl_PayerCltHistory,CST,CON,1,29,1,SQL,2,SAMMS,Data Source=BHGDALLSQL05\SQL2016SAMMS;Connection Timeout=60;Integrated Security=True;Encrypt=False;Initial Catalog=SAMMS-Conway;,SAMMS-Conway,Select,NULL,NULL,Conway,1,1,dbo,tblPayerCltHistory,pats,tbl_PayerCltHistory,pyDtm is not null and pyDtm >= @WorkDate,"Order by 1, 2",0,V6,CON-1-29,NULL
BHG_DR,5,pats,tbl_PayerCltHistory,EST,D07,1,29,1,SQL,2,SAMMS,Data Source=BHGDALLSQL05\SQL2016SAMMS;Connection Timeout=60;Integrated Security=True;Encrypt=False;Initial Catalog=SAMMS-KnoxvilleV6;,SAMMS-KnoxvilleV6,Select,NULL,NULL,Medical Services Knox TN,1,1,dbo,tblPayerCltHistory,pats,tbl_PayerCltHistory,pyDtm is not null and pyDtm >= @WorkDate,"Order by 1, 2",0,V6,D07-1-29,NULL
BHG_DR,5,pats,tbl_PayerCltHistory,EST,D08,1,29,1,SQL,2,SAMMS,Data Source=BHGDALLSQL05\SQL2016SAMMS;Connection Timeout=60;Integrated Security=True;Encrypt=False;Initial Catalog=SAMMS-MadisonV6;,SAMMS-MadisonV6,Select,NULL,NULL,Madison,1,1,dbo,tblPayerCltHistory,pats,tbl_PayerCltHistory,pyDtm is not null and pyDtm >= @WorkDate,"Order by 1, 2",0,V6,D08-1-29,NULL
BHG_DR,5,pats,tbl_PayerCltHistory,EST,D09,1,29,1,SQL,2,SAMMS,Data Source=BHGDALLSQL05\SQL2016SAMMS;Connection Timeout=60;Integrated Security=True;Encrypt=False;Initial Catalog=SAMMS-MurfreesboroV6;,SAMMS-MurfreesboroV6,Select,NULL,NULL,Murfreesboro,1,1,dbo,tblPayerCltHistory,pats,tbl_PayerCltHistory,pyDtm is not null and pyDtm >= @WorkDate,"Order by 1, 2",0,V6,D09-1-29,NULL
BHG_DR,5,pats,tbl_PayerCltHistory,CST,DA,1,29,1,SQL,2,SAMMS,Data Source=BHGDALLSQL05\SQL2016SAMMS;Connection Timeout=60;Integrated Security=True;Encrypt=False;Initial Catalog=SAMMS-Davenport;,SAMMS-Davenport,Select,NULL,NULL,Davenport,1,1,dbo,tblPayerCltHistory,pats,tbl_PayerCltHistory,pyDtm is not null and pyDtm >= @WorkDate,"Order by 1, 2",0,V6,DA-1-29,NULL
BHG_DR,5,pats,tbl_PayerCltHistory,CST,DM,1,29,1,SQL,2,SAMMS,Data Source=BHGDALLSQL05\SQL2016SAMMS;Connection Timeout=60;Integrated Security=True;Encrypt=False;Initial Catalog=SAMMS-DesMoines;,SAMMS-DesMoines,Select,NULL,NULL,Des Moines,1,1,dbo,tblPayerCltHistory,pats,tbl_PayerCltHistory,pyDtm is not null and pyDtm >= @WorkDate,"Order by 1, 2",0,V6,DM-1-29,NULL
BHG_DR,5,pats,tbl_PayerCltHistory,CST,DRD-CO,1,29,1,SQL,2,SAMMS,Data Source=BHGDALLSQL05\SQL2016SAMMS;Connection Timeout=60;Integrated Security=True;Encrypt=False;Initial Catalog=SAMMS-ColumbiaV5;,SAMMS-ColumbiaV5,Select,NULL,NULL,Columbia MO,1,0,dbo,tblPayerCltHistory,pats,tbl_PayerCltHistory,pyDtm is not null and pyDtm >= @WorkDate,"Order by 1, 2",0,V6,DRD-CO-1-29,NULL
BHG_DR,5,pats,tbl_PayerCltHistory,CST,DRD-KC,1,29,1,SQL,2,SAMMS,Data Source=BHGDALLSQL05\SQL2016SAMMS;Connection Timeout=60;Integrated Security=True;Encrypt=False;Initial Catalog=SAMMS-KCv5;,SAMMS-KCv5,Select,NULL,NULL,KC,1,0,dbo,tblPayerCltHistory,pats,tbl_PayerCltHistory,pyDtm is not null and pyDtm >= @WorkDate,"Order by 1, 2",0,V6,DRD-KC-1-29,NULL
BHG_DR,5,pats,tbl_PayerCltHistory,EST,DRD-KVB,1,29,1,SQL,2,SAMMS,Data Source=BHGDALLSQL05\SQL2016SAMMS;Connection Timeout=60;Integrated Security=True;Encrypt=False;Initial Catalog=SAMMS-KVBv5;,SAMMS-KVBv5,Select,NULL,NULL,KVB,1,0,dbo,tblPayerCltHistory,pats,tbl_PayerCltHistory,pyDtm is not null and pyDtm >= @WorkDate,"Order by 1, 2",0,V6,DRD-KVB-1-29,NULL
BHG_DR,5,pats,tbl_PayerCltHistory,EST,DRD-KVC,1,29,1,SQL,2,SAMMS,Data Source=BHGDALLSQL05\SQL2016SAMMS;Connection Timeout=60;Integrated Security=True;Encrypt=False;Initial Catalog=SAMMS-KVCv5;,SAMMS-KVCv5,Select,NULL,NULL,KVC,1,0,dbo,tblPayerCltHistory,pats,tbl_PayerCltHistory,pyDtm is not null and pyDtm >= @WorkDate,"Order by 1, 2",0,V6,DRD-KVC-1-29,NULL
BHG_DR,5,pats,tbl_PayerCltHistory,CST,DRD-NOLA,1,29,1,SQL,2,SAMMS,Data Source=BHGDALLSQL05\SQL2016SAMMS;Connection Timeout=60;Integrated Security=True;Encrypt=False;Initial Catalog=SAMMS-NOLAv5;,SAMMS-NOLAv5,Select,1985-01-01,NULL,NOLA,1,1,dbo,tblPayerCltHistory,pats,tbl_PayerCltHistory,pyDtm is not null and pyDtm >= @WorkDate,"Order by 1, 2",0,V6,DRD-NOLA-1-29,NULL
BHG_DR,5,pats,tbl_PayerCltHistory,CST,DRD-SF,1,29,1,SQL,2,SAMMS,Data Source=BHGDALLSQL05\SQL2016SAMMS;Connection Timeout=60;Integrated Security=True;Encrypt=False;Initial Catalog=SAMMS-SFv5;,SAMMS-SFv5,Select,NULL,NULL,Springfield,1,0,dbo,tblPayerCltHistory,pats,tbl_PayerCltHistory,pyDtm is not null and pyDtm >= @WorkDate,"Order by 1, 2",0,V6,DRD-SF-1-29,NULL
BHG_DR,5,pats,tbl_PayerCltHistory,EST,ELC,1,29,1,SQL,2,SAMMS,Data Source=BHGDALLSQL05\SQL2016SAMMS;Connection Timeout=60;Integrated Security=True;Encrypt=False;Initial Catalog=SAMMS-ElizabethCity ;,"SAMMS-ElizabethCity ",Select,NULL,NULL,Elizabeth City,1,1,dbo,tblPayerCltHistory,pats,tbl_PayerCltHistory,pyDtm is not null and pyDtm >= @WorkDate,"Order by 1, 2",0,V6,ELC-1-29,NULL
BHG_DR,5,pats,tbl_PayerCltHistory,CST,ET,1,29,1,SQL,2,SAMMS,Data Source=BHGDALLSQL05\SQL2016SAMMS;Connection Timeout=60;Integrated Security=True;Encrypt=False;Initial Catalog=SAMMS-Elizabethtown;,SAMMS-Elizabethtown,Select,NULL,NULL,Elizabethtown,1,1,dbo,tblPayerCltHistory,pats,tbl_PayerCltHistory,pyDtm is not null and pyDtm >= @WorkDate,"Order by 1, 2",0,V6,ET-1-29,NULL
BHG_DR,5,pats,tbl_PayerCltHistory,CST,FAY,1,29,1,SQL,2,SAMMS,Data Source=BHGDALLSQL05\SQL2016SAMMS;Connection Timeout=60;Integrated Security=True;Encrypt=False;Initial Catalog=SAMMS-Fayetteville;,SAMMS-Fayetteville,Select,2019-08-15,NULL,Fayetteville,1,1,dbo,tblPayerCltHistory,pats,tbl_PayerCltHistory,pyDtm is not null and pyDtm >= @WorkDate,"Order by 1, 2",0,V6,FAY-1-29,NULL
BHG_DR,5,pats,tbl_PayerCltHistory,CST,FR,1,29,1,SQL,2,SAMMS,Data Source=BHGDALLSQL05\SQL2016SAMMS;Connection Timeout=60;Integrated Security=True;Encrypt=False;Initial Catalog=SAMMS-Frankfort;,SAMMS-Frankfort,Select,NULL,NULL,Frankfort,1,1,dbo,tblPayerCltHistory,pats,tbl_PayerCltHistory,pyDtm is not null and pyDtm >= @WorkDate,"Order by 1, 2",0,V6,FR-1-29,NULL
BHG_DR,5,pats,tbl_PayerCltHistory,CST,FS,1,29,1,SQL,2,SAMMS,Data Source=BHGDALLSQL05\SQL2016SAMMS;Connection Timeout=60;Integrated Security=True;Encrypt=False;Initial Catalog=SAMMS-FortSmith;,SAMMS-FortSmith,Select,2019-08-15,NULL,Fort Smith,1,1,dbo,tblPayerCltHistory,pats,tbl_PayerCltHistory,pyDtm is not null and pyDtm >= @WorkDate,"Order by 1, 2",0,V6,FS-1-29,NULL
BHG_DR,5,pats,tbl_PayerCltHistory,EST,FW,1,29,1,SQL,2,SAMMS,Data Source=BHGDALLSQL05\SQL2016SAMMS;Connection Timeout=60;Integrated Security=True;Encrypt=False;Initial Catalog=SAMMS-FortWayne;,SAMMS-FortWayne,Select,NULL,NULL,Fort Wayne,1,1,dbo,tblPayerCltHistory,pats,tbl_PayerCltHistory,pyDtm is not null and pyDtm >= @WorkDate,"Order by 1, 2",0,V6,FW-1-29,NULL
BHG_DR,5,pats,tbl_PayerCltHistory,EST,GAL,1,29,1,SQL,2,SAMMS,Data Source=BHGDALLSQL05\SQL2016SAMMS;Connection Timeout=60;Integrated Security=True;Encrypt=False;Initial Catalog=SAMMS-Gaylord ;,"SAMMS-Gaylord ",Select,NULL,NULL,Gaylord,1,1,dbo,tblPayerCltHistory,pats,tbl_PayerCltHistory,pyDtm is not null and pyDtm >= @WorkDate,"Order by 1, 2",0,V6,GAL-1-29,NULL
BHG_DR,5,pats,tbl_PayerCltHistory,EST,GRC,1,29,1,SQL,2,SAMMS,Data Source=BHGDALLSQL05\SQL2016SAMMS;Connection Timeout=60;Integrated Security=True;Encrypt=False;Initial Catalog=SAMMS-GreenfieldV5;,SAMMS-GreenfieldV5,Select,2018-12-05,NULL,Greenfield,0,0,dbo,tblPayerCltHistory,pats,tbl_PayerCltHistory,pyDtm is not null and pyDtm >= @WorkDate,"Order by 1, 2",0,V6,GRC-1-29,NULL
BHG_DR,5,pats,tbl_PayerCltHistory,EST,HGT,1,29,1,SQL,2,SAMMS,Data Source=BHGDALLSQL05\SQL2016SAMMS;Connection Timeout=60;Integrated Security=True;Encrypt=False;Initial Catalog=SAMMS-Hagerstown;,SAMMS-Hagerstown,Select,NULL,NULL,Hagerstown,1,0,dbo,tblPayerCltHistory,pats,tbl_PayerCltHistory,pyDtm is not null and pyDtm >= @WorkDate,"Order by 1, 2",0,V6,HGT-1-29,NULL
BHG_DR,5,pats,tbl_PayerCltHistory,CST,HNT,1,29,1,SQL,2,SAMMS,Data Source=BHGDALLSQL05\SQL2016SAMMS;Connection Timeout=60;Integrated Security=True;Encrypt=False;Initial Catalog=SAMMS-Huntsville;,SAMMS-Huntsville,Select,NULL,NULL,Huntsville,1,1,dbo,tblPayerCltHistory,pats,tbl_PayerCltHistory,pyDtm is not null and pyDtm >= @WorkDate,"Order by 1, 2",0,V6,HNT-1-29,NULL
BHG_DR,5,pats,tbl_PayerCltHistory,CST,HS,1,29,1,SQL,2,SAMMS,Data Source=BHGDALLSQL05\SQL2016SAMMS;Connection Timeout=60;Integrated Security=True;Encrypt=False;Initial Catalog=SAMMS-HotSprings;,SAMMS-HotSprings,Select,2019-08-15,NULL,Hot Springs,1,1,dbo,tblPayerCltHistory,pats,tbl_PayerCltHistory,pyDtm is not null and pyDtm >= @WorkDate,"Order by 1, 2",0,V6,HS-1-29,NULL
BHG_DR,5,pats,tbl_PayerCltHistory,CST,JON,1,29,1,SQL,2,SAMMS,Data Source=BHGDALLSQL05\SQL2016SAMMS;Connection Timeout=60;Integrated Security=True;Encrypt=False;Initial Catalog=SAMMS-Jonesboro;,SAMMS-Jonesboro,Select,NULL,NULL,Jonesboro,1,1,dbo,tblPayerCltHistory,pats,tbl_PayerCltHistory,pyDtm is not null and pyDtm >= @WorkDate,"Order by 1, 2",0,V6,JON-1-29,NULL
BHG_DR,5,pats,tbl_PayerCltHistory,EST,Lab,1,29,1,SQL,2,SAMMS,Data Source=BHGDALLSQL05\SQL2016SAMMS;Connection Timeout=60;Integrated Security=True;Encrypt=False;Initial Catalog=SAMMS-LabV5-V2;,SAMMS-LabV5-V2,Select,NULL,NULL,Reference Lab,1,0,dbo,tblPayerCltHistory,pats,tbl_PayerCltHistory,pyDtm is not null and pyDtm >= @WorkDate,"Order by 1, 2",0,V6,Lab-1-29,NULL
BHG_DR,5,pats,tbl_PayerCltHistory,EST,LAN,1,29,1,SQL,2,SAMMS,Data Source=BHGDALLSQL05\SQL2016SAMMS;Connection Timeout=60;Integrated Security=True;Encrypt=False;Initial Catalog=SAMMS-Lansing ;,"SAMMS-Lansing ",Select,NULL,NULL,Lansing,1,1,dbo,tblPayerCltHistory,pats,tbl_PayerCltHistory,pyDtm is not null and pyDtm >= @WorkDate,"Order by 1, 2",0,V6,LAN-1-29,NULL
BHG_DR,5,pats,tbl_PayerCltHistory,CST,LO,1,29,1,SQL,2,SAMMS,Data Source=BHGDALLSQL05\SQL2016SAMMS;Connection Timeout=60;Integrated Security=True;Encrypt=False;Initial Catalog=SAMMS-Louisville;,SAMMS-Louisville,Select,NULL,NULL,Louisville,1,1,dbo,tblPayerCltHistory,pats,tbl_PayerCltHistory,pyDtm is not null and pyDtm >= @WorkDate,"Order by 1, 2",0,V6,LO-1-29,NULL
BHG_DR,5,pats,tbl_PayerCltHistory,PST,LV1,1,29,1,SQL,2,SAMMS,Data Source=BHGDALLSQL05\SQL2016SAMMS;Connection Timeout=60;Integrated Security=True;Encrypt=False;Initial Catalog=SAMMS-Cheyenne;,SAMMS-Cheyenne,Select,NULL,NULL,Cheyenne,1,1,dbo,tblPayerCltHistory,pats,tbl_PayerCltHistory,pyDtm is not null and pyDtm >= @WorkDate,"Order by 1, 2",0,V6,LV1-1-29,NULL
BHG_DR,5,pats,tbl_PayerCltHistory,PST,LV2,1,29,1,SQL,2,SAMMS,Data Source=BHGDALLSQL05\SQL2016SAMMS;Connection Timeout=60;Integrated Security=True;Encrypt=False;Initial Catalog=SAMMS-DesertInn;,SAMMS-DesertInn,Select,NULL,NULL,Desert Inn,1,1,dbo,tblPayerCltHistory,pats,tbl_PayerCltHistory,pyDtm is not null and pyDtm >= @WorkDate,"Order by 1, 2",0,V6,LV2-1-29,NULL
BHG_DR,5,pats,tbl_PayerCltHistory,PST,LV3,1,29,1,SQL,2,SAMMS,Data Source=BHGDALLSQL05\SQL2016SAMMS;Connection Timeout=60;Integrated Security=True;Encrypt=False;Initial Catalog=SAMMS-McDaniel;,SAMMS-McDaniel,Select,NULL,NULL,McDaniel,1,1,dbo,tblPayerCltHistory,pats,tbl_PayerCltHistory,pyDtm is not null and pyDtm >= @WorkDate,"Order by 1, 2",0,V6,LV3-1-29,NULL
BHG_DR,5,pats,tbl_PayerCltHistory,CST,MNRE,1,29,1,SQL,2,SAMMS,Data Source=BHGDALLSQL05\SQL2016SAMMS;Connection Timeout=60;Integrated Security=True;Encrypt=False;Initial Catalog=SAMMS-Monroe;,SAMMS-Monroe,Select,NULL,NULL,Monroe,1,1,dbo,tblPayerCltHistory,pats,tbl_PayerCltHistory,pyDtm is not null and pyDtm >= @WorkDate,"Order by 1, 2",0,V6,MNRE-1-29,NULL
BHG_DR,5,pats,tbl_PayerCltHistory,EST,MP,1,29,1,SQL,2,SAMMS,Data Source=BHGDALLSQL05\SQL2016SAMMS;Connection Timeout=60;Integrated Security=True;Encrypt=False;Initial Catalog=SAMMS-MtPleasant ;,"SAMMS-MtPleasant ",Select,NULL,NULL,Mt. Pleasant,1,1,dbo,tblPayerCltHistory,pats,tbl_PayerCltHistory,pyDtm is not null and pyDtm >= @WorkDate,"Order by 1, 2",0,V6,MP-1-29,NULL
BHG_DR,5,pats,tbl_PayerCltHistory,MST,MRD,1,29,1,SQL,2,SAMMS,Data Source=BHGDALLSQL05\SQL2016SAMMS;Connection Timeout=60;Integrated Security=True;Encrypt=False;Initial Catalog=SAMMS-Meridian;,SAMMS-Meridian,Select,NULL,NULL,Meridian,1,1,dbo,tblPayerCltHistory,pats,tbl_PayerCltHistory,pyDtm is not null and pyDtm >= @WorkDate,"Order by 1, 2",0,V6,MRD-1-29,NULL
BHG_DR,5,pats,tbl_PayerCltHistory,EST,NC,1,29,1,SQL,2,SAMMS,Data Source=BHGDALLSQL05\SQL2016SAMMS;Connection Timeout=60;Integrated Security=True;Encrypt=False;Initial Catalog=SAMMS-NorthCharleston;,SAMMS-NorthCharleston,Select,NULL,NULL,North Charleston,1,1,dbo,tblPayerCltHistory,pats,tbl_PayerCltHistory,pyDtm is not null and pyDtm >= @WorkDate,"Order by 1, 2",0,V6,NC-1-29,NULL
BHG_DR,5,pats,tbl_PayerCltHistory,CST,NLR,1,29,1,SQL,2,SAMMS,Data Source=BHGDALLSQL05\SQL2016SAMMS;Connection Timeout=60;Integrated Security=True;Encrypt=False;Initial Catalog=SAMMS-NLROBOT;,SAMMS-NLROBOT,Select,2019-08-15,NULL,N. Little Rock,1,1,dbo,tblPayerCltHistory,pats,tbl_PayerCltHistory,pyDtm is not null and pyDtm >= @WorkDate,"Order by 1, 2",0,V6,NLR-1-29,NULL
BHG_DR,5,pats,tbl_PayerCltHistory,MST,PH,1,29,1,SQL,2,SAMMS,Data Source=BHGDALLSQL05\SQL2016SAMMS;Connection Timeout=60;Integrated Security=True;Encrypt=False;Initial Catalog=SAMMS-Phoenix;,SAMMS-Phoenix,Select,NULL,NULL,Phoenix,1,1,dbo,tblPayerCltHistory,pats,tbl_PayerCltHistory,pyDtm is not null and pyDtm >= @WorkDate,"Order by 1, 2",0,V6,PH-1-29,NULL
BHG_DR,5,pats,tbl_PayerCltHistory,PST,RE,1,29,1,SQL,2,SAMMS,Data Source=BHGDALLSQL05\SQL2016SAMMS;Connection Timeout=60;Integrated Security=True;Encrypt=False;Initial Catalog=SAMMS-Reno;,SAMMS-Reno,Select,NULL,NULL,Reno,1,1,dbo,tblPayerCltHistory,pats,tbl_PayerCltHistory,pyDtm is not null and pyDtm >= @WorkDate,"Order by 1, 2",0,V6,RE-1-29,NULL
BHG_DR,5,pats,tbl_PayerCltHistory,CST,RMD,1,29,1,SQL,2,SAMMS,Data Source=BHGDALLSQL05\SQL2016SAMMS;Connection Timeout=60;Integrated Security=True;Encrypt=False;Initial Catalog=SAMMS-Richmond;,SAMMS-Richmond,Select,NULL,NULL,Richmond,1,1,dbo,tblPayerCltHistory,pats,tbl_PayerCltHistory,pyDtm is not null and pyDtm >= @WorkDate,"Order by 1, 2",0,V6,RMD-1-29,NULL
BHG_DR,5,pats,tbl_PayerCltHistory,CST,SFN,1,29,1,SQL,2,SAMMS,Data Source=BHGDALLSQL05\SQL2016SAMMS;Connection Timeout=60;Integrated Security=True;Encrypt=False;Initial Catalog=SAMMS-SFNv5;,SAMMS-SFNv5,Select,NULL,NULL,Springfield North,1,0,dbo,tblPayerCltHistory,pats,tbl_PayerCltHistory,pyDtm is not null and pyDtm >= @WorkDate,"Order by 1, 2",0,V6,SFN-1-29,NULL
BHG_DR,5,pats,tbl_PayerCltHistory,CST,SHP,1,29,1,SQL,2,SAMMS,Data Source=BHGDALLSQL05\SQL2016SAMMS;Connection Timeout=60;Integrated Security=True;Encrypt=False;Initial Catalog=SAMMS-Shreveport;,SAMMS-Shreveport,Select,NULL,NULL,Shreveport,1,1,dbo,tblPayerCltHistory,pats,tbl_PayerCltHistory,pyDtm is not null and pyDtm >= @WorkDate,"Order by 1, 2",0,V6,SHP-1-29,NULL
BHG_DR,5,pats,tbl_PayerCltHistory,EST,STN,1,29,1,SQL,2,SAMMS,Data Source=BHGDALLSQL05\SQL2016SAMMS;Connection Timeout=60;Integrated Security=True;Encrypt=False;Initial Catalog=SAMMS-Staunton;,SAMMS-Staunton,Select,NULL,NULL,Staunton,1,1,dbo,tblPayerCltHistory,pats,tbl_PayerCltHistory,pyDtm is not null and pyDtm >= @WorkDate,"Order by 1, 2",0,V6,STN-1-29,NULL
BHG_DR,5,pats,tbl_PayerCltHistory,CST,STVN,1,29,1,SQL,2,SAMMS,Data Source=BHGDALLSQL05\SQL2016SAMMS;Connection Timeout=60;Integrated Security=True;Encrypt=False;Initial Catalog=SAMMS-Stevenson;,SAMMS-Stevenson,Select,NULL,NULL,Stevenson,1,1,dbo,tblPayerCltHistory,pats,tbl_PayerCltHistory,pyDtm is not null and pyDtm >= @WorkDate,"Order by 1, 2",0,V6,STVN-1-29,NULL
BHG_DR,5,pats,tbl_PayerCltHistory,MST,TE,1,29,1,SQL,2,SAMMS,Data Source=BHGDALLSQL05\SQL2016SAMMS;Connection Timeout=60;Integrated Security=True;Encrypt=False;Initial Catalog=SAMMS-Tempe;,SAMMS-Tempe,Select,NULL,NULL,Tempe,1,1,dbo,tblPayerCltHistory,pats,tbl_PayerCltHistory,pyDtm is not null and pyDtm >= @WorkDate,"Order by 1, 2",0,V6,TE-1-29,NULL
BHG_DR,5,pats,tbl_PayerCltHistory,CST,TEX,1,29,1,SQL,2,SAMMS,Data Source=BHGDALLSQL05\SQL2016SAMMS;Connection Timeout=60;Integrated Security=True;Encrypt=False;Initial Catalog=SAMMS-Texarkana;,SAMMS-Texarkana,Select,NULL,NULL,Texarkana,1,1,dbo,tblPayerCltHistory,pats,tbl_PayerCltHistory,pyDtm is not null and pyDtm >= @WorkDate,"Order by 1, 2",0,V6,TEX-1-29,NULL
BHG_DR,5,pats,tbl_PayerCltHistory,CST,TTCA,1,29,1,SQL,2,SAMMS,Data Source=BHGDALLSQL05\SQL2016SAMMS;Connection Timeout=60;Integrated Security=True;Encrypt=False;Initial Catalog=SAMMS-BessemerV5;,SAMMS-BessemerV5,Select,2018-09-24,NULL,Bessemer,1,0,dbo,tblPayerCltHistory,pats,tbl_PayerCltHistory,pyDtm is not null and pyDtm >= @WorkDate,"Order by 1, 2",0,V6,TTCA-1-29,NULL
BHG_DR,5,pats,tbl_PayerCltHistory,CST,TTCB,1,29,1,SQL,2,SAMMS,Data Source=BHGDALLSQL05\SQL2016SAMMS;Connection Timeout=60;Integrated Security=True;Encrypt=False;Initial Catalog=SAMMS-CullmanV5;,SAMMS-CullmanV5,Select,2019-02-26,NULL,Cullman,1,0,dbo,tblPayerCltHistory,pats,tbl_PayerCltHistory,pyDtm is not null and pyDtm >= @WorkDate,"Order by 1, 2",0,V6,TTCB-1-29,NULL
BHG_DR,5,pats,tbl_PayerCltHistory,CST,TTCC,1,29,1,SQL,2,SAMMS,Data Source=BHGDALLSQL05\SQL2016SAMMS;Connection Timeout=60;Integrated Security=True;Encrypt=False;Initial Catalog=SAMMS-GrandBay;,SAMMS-GrandBay,Select,2019-12-31,NULL,Grand Bay,1,1,dbo,tblPayerCltHistory,pats,tbl_PayerCltHistory,pyDtm is not null and pyDtm >= @WorkDate,"Order by 1, 2",0,V6,TTCC-1-29,NULL
BHG_DR,5,pats,tbl_PayerCltHistory,MST,TU,1,29,1,SQL,2,SAMMS,Data Source=BHGDALLSQL05\SQL2016SAMMS;Connection Timeout=60;Integrated Security=True;Encrypt=False;Initial Catalog=SAMMS-Tucson;,SAMMS-Tucson,Select,NULL,NULL,Tucson,1,1,dbo,tblPayerCltHistory,pats,tbl_PayerCltHistory,pyDtm is not null and pyDtm >= @WorkDate,"Order by 1, 2",0,V6,TU-1-29,NULL
BHG_DR,5,pats,tbl_PayerCltHistory,EST,V1,1,29,1,SQL,2,SAMMS,Data Source=BHGDALLSQL05\SQL2016SAMMS;Connection Timeout=60;Integrated Security=True;Encrypt=False;Initial Catalog=SAMMS-VCPHCS-I-MemphisV5;,SAMMS-VCPHCS-I-MemphisV5,Select,NULL,NULL,Memphis South,1,0,dbo,tblPayerCltHistory,pats,tbl_PayerCltHistory,pyDtm is not null and pyDtm >= @WorkDate,"Order by 1, 2",0,V6,V1-1-29,NULL
BHG_DR,5,pats,tbl_PayerCltHistory,MST,V10,1,29,1,SQL,2,SAMMS,Data Source=BHGDALLSQL05\SQL2016SAMMS;Connection Timeout=60;Integrated Security=True;Encrypt=False;Initial Catalog=SAMMS-BoulderV5;,SAMMS-BoulderV5,Select,NULL,NULL,Longmont,1,1,dbo,tblPayerCltHistory,pats,tbl_PayerCltHistory,pyDtm is not null and pyDtm >= @WorkDate,"Order by 1, 2",0,V6,V10-1-29,NULL
BHG_DR,5,pats,tbl_PayerCltHistory,MST,V10A,1,29,1,SQL,2,SAMMS,Data Source=BHGDALLSQL05\SQL2016SAMMS;Connection Timeout=60;Integrated Security=True;Encrypt=False;Initial Catalog=SAMMS-FortCollinsV5;,SAMMS-FortCollinsV5,Select,NULL,NULL,Fort Collins,1,1,dbo,tblPayerCltHistory,pats,tbl_PayerCltHistory,pyDtm is not null and pyDtm >= @WorkDate,"Order by 1, 2",0,V6,V10A-1-29,NULL
BHG_DR,5,pats,tbl_PayerCltHistory,MST,V11,1,29,1,SQL,2,SAMMS,Data Source=BHGDALLSQL05\SQL2016SAMMS;Connection Timeout=60;Integrated Security=True;Encrypt=False;Initial Catalog=SAMMS-VCPHCS-XI-NorthDenverV5;,SAMMS-VCPHCS-XI-NorthDenverV5,Select,NULL,NULL,Westminster,1,1,dbo,tblPayerCltHistory,pats,tbl_PayerCltHistory,pyDtm is not null and pyDtm >= @WorkDate,"Order by 1, 2",0,V6,V11-1-29,NULL
BHG_DR,5,pats,tbl_PayerCltHistory,MST,V12,1,29,1,SQL,2,SAMMS,Data Source=BHGDALLSQL05\SQL2016SAMMS;Connection Timeout=60;Integrated Security=True;Encrypt=False;Initial Catalog=SAMMS-VCPHCS-XII-DowntownDenverV5;,SAMMS-VCPHCS-XII-DowntownDenverV5,Select,NULL,NULL,Downtown Denver,1,1,dbo,tblPayerCltHistory,pats,tbl_PayerCltHistory,pyDtm is not null and pyDtm >= @WorkDate,"Order by 1, 2",0,V6,V12-1-29,NULL
BHG_DR,5,pats,tbl_PayerCltHistory,MST,V12A,1,29,1,SQL,2,SAMMS,Data Source=BHGDALLSQL05\SQL2016SAMMS;Connection Timeout=60;Integrated Security=True;Encrypt=False;Initial Catalog=SAMMS-CentennialV5;,SAMMS-CentennialV5,Select,NULL,NULL,Centennial,1,1,dbo,tblPayerCltHistory,pats,tbl_PayerCltHistory,pyDtm is not null and pyDtm >= @WorkDate,"Order by 1, 2",0,V6,V12A-1-29,NULL
BHG_DR,5,pats,tbl_PayerCltHistory,CST,V14,1,29,1,SQL,2,SAMMS,Data Source=BHGDALLSQL05\SQL2016SAMMS;Connection Timeout=60;Integrated Security=True;Encrypt=False;Initial Catalog=SAMMS-VCPHCS-XIV-BridgewayV5;,SAMMS-VCPHCS-XIV-BridgewayV5,Select,NULL,NULL,Overland Park,1,0,dbo,tblPayerCltHistory,pats,tbl_PayerCltHistory,pyDtm is not null and pyDtm >= @WorkDate,"Order by 1, 2",0,V6,V14-1-29,NULL
BHG_DR,5,pats,tbl_PayerCltHistory,CST,V15,1,29,1,SQL,2,SAMMS,Data Source=BHGDALLSQL05\SQL2016SAMMS;Connection Timeout=60;Integrated Security=True;Encrypt=False;Initial Catalog=SAMMS-JoplinV5;,SAMMS-JoplinV5,Select,NULL,NULL,Joplin,1,0,dbo,tblPayerCltHistory,pats,tbl_PayerCltHistory,pyDtm is not null and pyDtm >= @WorkDate,"Order by 1, 2",0,V6,V15-1-29,NULL
BHG_DR,5,pats,tbl_PayerCltHistory,EST,V17,1,29,1,SQL,2,SAMMS,Data Source=BHGDALLSQL05\SQL2016SAMMS;Connection Timeout=60;Integrated Security=True;Encrypt=False;Initial Catalog=SAMMS-ColumbiaTNv5;,SAMMS-ColumbiaTNv5,Select,NULL,NULL,Columbia TN,1,0,dbo,tblPayerCltHistory,pats,tbl_PayerCltHistory,pyDtm is not null and pyDtm >= @WorkDate,"Order by 1, 2",0,V6,V17-1-29,NULL
BHG_DR,5,pats,tbl_PayerCltHistory,EST,V19,1,29,1,SQL,2,SAMMS,Data Source=BHGDALLSQL05\SQL2016SAMMS;Connection Timeout=60;Integrated Security=True;Encrypt=False;Initial Catalog=SAMMS-JacksonV5;,SAMMS-JacksonV5,Select,NULL,NULL,Jackson,1,0,dbo,tblPayerCltHistory,pats,tbl_PayerCltHistory,pyDtm is not null and pyDtm >= @WorkDate,"Order by 1, 2",0,V6,V19-1-29,NULL
BHG_DR,5,pats,tbl_PayerCltHistory,EST,V20,1,29,1,SQL,2,SAMMS,Data Source=BHGDALLSQL05\SQL2016SAMMS;Connection Timeout=60;Integrated Security=True;Encrypt=False;Initial Catalog=SAMMS-ParisV5;,SAMMS-ParisV5,Select,NULL,NULL,Paris,1,0,dbo,tblPayerCltHistory,pats,tbl_PayerCltHistory,pyDtm is not null and pyDtm >= @WorkDate,"Order by 1, 2",0,V6,V20-1-29,NULL
BHG_DR,5,pats,tbl_PayerCltHistory,EST,V21,1,29,1,SQL,2,SAMMS,Data Source=BHGDALLSQL05\SQL2016SAMMS;Connection Timeout=60;Integrated Security=True;Encrypt=False;Initial Catalog=SAMMS-RaleighV5;,SAMMS-RaleighV5,Select,NULL,NULL,Memphis North,1,0,dbo,tblPayerCltHistory,pats,tbl_PayerCltHistory,pyDtm is not null and pyDtm >= @WorkDate,"Order by 1, 2",0,V6,V21-1-29,NULL
BHG_DR,5,pats,tbl_PayerCltHistory,CST,V5,1,29,1,SQL,2,SAMMS,Data Source=BHGDALLSQL05\SQL2016SAMMS;Connection Timeout=60;Integrated Security=True;Encrypt=False;Initial Catalog=SAMMS-NONTCv5;,SAMMS-NONTCv5,Select,NULL,NULL,West Bank,1,1,dbo,tblPayerCltHistory,pats,tbl_PayerCltHistory,pyDtm is not null and pyDtm >= @WorkDate,"Order by 1, 2",0,V6,V5-1-29,NULL
BHG_DR,5,pats,tbl_PayerCltHistory,CST,V5B,1,29,1,SQL,2,SAMMS,Data Source=BHGDALLSQL05\SQL2016SAMMS;Connection Timeout=60;Integrated Security=True;Encrypt=False;Initial Catalog=SAMMS-HoumaV6;,SAMMS-HoumaV6,Select,NULL,NULL,Houma,1,0,dbo,tblPayerCltHistory,pats,tbl_PayerCltHistory,pyDtm is not null and pyDtm >= @WorkDate,"Order by 1, 2",0,v6,V5B-1-29,NULL
BHG_DR,5,pats,tbl_PayerCltHistory,CST,V6,1,29,1,SQL,2,SAMMS,Data Source=BHGDALLSQL05\SQL2016SAMMS;Connection Timeout=60;Integrated Security=True;Encrypt=False;Initial Catalog=SAMMS-LCv5;,SAMMS-LCv5,Select,NULL,NULL,Lake Charles,1,1,dbo,tblPayerCltHistory,pats,tbl_PayerCltHistory,pyDtm is not null and pyDtm >= @WorkDate,"Order by 1, 2",0,V6,V6-1-29,NULL
BHG_DR,5,pats,tbl_PayerCltHistory,EST,V8,1,29,1,SQL,2,SAMMS,Data Source=BHGDALLSQL05\SQL2016SAMMS;Connection Timeout=60;Integrated Security=True;Encrypt=False;Initial Catalog=SAMMS-VCPHCS-VIII-MemphisV5;,SAMMS-VCPHCS-VIII-MemphisV5,Select,NULL,NULL,Memphis Midtown,1,0,dbo,tblPayerCltHistory,pats,tbl_PayerCltHistory,pyDtm is not null and pyDtm >= @WorkDate,"Order by 1, 2",0,V6,V8-1-29,NULL
BHG_DR,5,pats,tbl_PayerCltHistory,EST,V9,1,29,1,SQL,2,SAMMS,Data Source=BHGDALLSQL05\SQL2016SAMMS;Connection Timeout=60;Integrated Security=True;Encrypt=False;Initial Catalog=SAMMS-NashvilleV5;,SAMMS-NashvilleV5,Select,NULL,NULL,Nashville,1,0,dbo,tblPayerCltHistory,pats,tbl_PayerCltHistory,pyDtm is not null and pyDtm >= @WorkDate,"Order by 1, 2",0,V6,V9-1-29,NULL
BHG_DR,5,pats,tbl_PayerCltHistory,CST,VBRA,1,29,1,SQL,2,SAMMS,Data Source=BHGDALLSQL05\SQL2016SAMMS;Connection Timeout=60;Integrated Security=True;Encrypt=False;Initial Catalog=SAMMS-BrainerdV6;,SAMMS-BrainerdV6,Select,2021-11-01,NULL,Brainerd,1,1,dbo,tblPayerCltHistory,pats,tbl_PayerCltHistory,pyDtm is not null and pyDtm >= @WorkDate,"Order by 1, 2",0,V6,VBRA-1-29,NULL
BHG_DR,5,pats,tbl_PayerCltHistory,CST,VBRP,1,29,1,SQL,2,SAMMS,Data Source=BHGDALLSQL05\SQL2016SAMMS;Connection Timeout=60;Integrated Security=True;Encrypt=False;Initial Catalog=SAMMS-BrooklynParkV6;,SAMMS-BrooklynParkV6,Select,2021-11-01,NULL,Brooklyn Park,1,1,dbo,tblPayerCltHistory,pats,tbl_PayerCltHistory,pyDtm is not null and pyDtm >= @WorkDate,"Order by 1, 2",0,V6,VBRP-1-29,NULL
BHG_DR,5,pats,tbl_PayerCltHistory,CST,VMIN,1,29,1,SQL,2,SAMMS,Data Source=BHGDALLSQL05\SQL2016SAMMS;Connection Timeout=60;Integrated Security=True;Encrypt=False;Initial Catalog=SAMMS-MinneapolisV6;,SAMMS-MinneapolisV6,Select,2021-11-01,NULL,Minneapolis,1,1,dbo,tblPayerCltHistory,pats,tbl_PayerCltHistory,pyDtm is not null and pyDtm >= @WorkDate,"Order by 1, 2",0,V6,VMIN-1-29,NULL
BHG_DR,5,pats,tbl_PayerCltHistory,CST,VWBY,1,29,1,SQL,2,SAMMS,Data Source=BHGDALLSQL05\SQL2016SAMMS;Connection Timeout=60;Integrated Security=True;Encrypt=False;Initial Catalog=SAMMS-WoodburyV6;,SAMMS-WoodburyV6,Select,2021-11-01,NULL,Woodbury,1,1,dbo,tblPayerCltHistory,pats,tbl_PayerCltHistory,pyDtm is not null and pyDtm >= @WorkDate,"Order by 1, 2",0,V6,VWBY-1-29,NULL
BHG_DR,5,pats,tbl_PayerCltHistory,EST,WIL,1,29,1,SQL,2,SAMMS,Data Source=BHGDALLSQL05\SQL2016SAMMS;Connection Timeout=60;Integrated Security=True;Encrypt=False;Initial Catalog=SAMMS-Wilson;,SAMMS-Wilson,Select,NULL,NULL,Wilson,1,1,dbo,tblPayerCltHistory,pats,tbl_PayerCltHistory,pyDtm is not null and pyDtm >= @WorkDate,"Order by 1, 2",0,V6,WIL-1-29,NULL
BHG_DR,6,pats,tbl_FinancialHardshipApplication,EST,AHK,1,64,1,SQL,2,SAMMS,Data Source=BHGDALLSQL05\SQL2016SAMMS;Connection Timeout=60;Integrated Security=True;Encrypt=False;Initial Catalog=SAMMS-Ahoskie ;,"SAMMS-Ahoskie ",Select,NULL,NULL,Ahoskie,1,1,dbo,FinancialHardshipApplication,pats,tbl_FinancialHardshipApplication,1 = 1,"Order by SiteCode, id",0,V6,AHK-1-64,NULL
BHG_DR,6,pats,tbl_FinancialHardshipApplication,MST,B12B,1,64,1,SQL,2,SAMMS,Data Source=BHGDALLSQL05\SQL2016SAMMS;Connection Timeout=60;Integrated Security=True;Encrypt=False;Initial Catalog=SAMMS-ColoradoSpringsV5;,SAMMS-ColoradoSpringsV5,Select,NULL,NULL,Colorado Springs,1,0,dbo,FinancialHardshipApplication,pats,tbl_FinancialHardshipApplication,1 = 1,"Order by SiteCode, id",0,V6,B12B-1-64,NULL
BHG_DR,6,pats,tbl_FinancialHardshipApplication,CST,B24,1,64,1,SQL,2,SAMMS,Data Source=BHGDALLSQL05\SQL2016SAMMS;Connection Timeout=60;Integrated Security=True;Encrypt=False;Initial Catalog=SAMMS-PaintsvilleV5;,SAMMS-PaintsvilleV5,Select,NULL,NULL,Paintsville,1,1,dbo,FinancialHardshipApplication,pats,tbl_FinancialHardshipApplication,1 = 1,"Order by SiteCode, id",0,V6,B24-1-64,NULL
BHG_DR,6,pats,tbl_FinancialHardshipApplication,CST,B25,1,64,1,SQL,2,SAMMS,Data Source=BHGDALLSQL05\SQL2016SAMMS;Connection Timeout=60;Integrated Security=True;Encrypt=False;Initial Catalog=SAMMS-PikevilleV5;,SAMMS-PikevilleV5,Select,NULL,NULL,Pikeville,1,1,dbo,FinancialHardshipApplication,pats,tbl_FinancialHardshipApplication,1 = 1,"Order by SiteCode, id",0,V6,B25-1-64,NULL
BHG_DR,6,pats,tbl_FinancialHardshipApplication,CST,B26,1,64,1,SQL,2,SAMMS,Data Source=BHGDALLSQL05\SQL2016SAMMS;Connection Timeout=60;Integrated Security=True;Encrypt=False;Initial Catalog=SAMMS-HazardV5;,SAMMS-HazardV5,Select,NULL,NULL,Hazard,1,0,dbo,FinancialHardshipApplication,pats,tbl_FinancialHardshipApplication,1 = 1,"Order by SiteCode, id",0,V6,B26-1-64,NULL
BHG_DR,6,pats,tbl_FinancialHardshipApplication,EST,B27,1,64,1,SQL,2,SAMMS,Data Source=BHGDALLSQL05\SQL2016SAMMS;Connection Timeout=60;Integrated Security=True;Encrypt=False;Initial Catalog=SAMMS-SavannahV6;,SAMMS-SavannahV6,Select,2022-09-14,NULL,Savannah,1,1,dbo,FinancialHardshipApplication,pats,tbl_FinancialHardshipApplication,1 = 1,"Order by SiteCode, id",0,V6,B27-1-64,NULL
BHG_DR,6,pats,tbl_FinancialHardshipApplication,CST,B28,1,64,1,SQL,2,SAMMS,Data Source=BHGDALLSQL05\SQL2016SAMMS;Connection Timeout=60;Integrated Security=True;Encrypt=False;Initial Catalog=SAMMS-WestPlainesV5;,SAMMS-WestPlainesV5,Select,NULL,NULL,West Plains,1,0,dbo,FinancialHardshipApplication,pats,tbl_FinancialHardshipApplication,1 = 1,"Order by SiteCode, id",0,V6,B28-1-64,NULL
BHG_DR,6,pats,tbl_FinancialHardshipApplication,CST,B29,1,64,1,SQL,2,SAMMS,Data Source=BHGDALLSQL05\SQL2016SAMMS;Connection Timeout=60;Integrated Security=True;Encrypt=False;Initial Catalog=SAMMS-PoplarBluffV5;,SAMMS-PoplarBluffV5,Select,NULL,NULL,Poplar Bluff,1,0,dbo,FinancialHardshipApplication,pats,tbl_FinancialHardshipApplication,1 = 1,"Order by SiteCode, id",0,V6,B29-1-64,NULL
BHG_DR,6,pats,tbl_FinancialHardshipApplication,CST,B30,1,64,1,SQL,2,SAMMS,Data Source=BHGDALLSQL05\SQL2016SAMMS;Connection Timeout=60;Integrated Security=True;Encrypt=False;Initial Catalog=SAMMS-KCNv5;,SAMMS-KCNv5,Select,2016-02-01,NULL,KC North,1,0,dbo,FinancialHardshipApplication,pats,tbl_FinancialHardshipApplication,1 = 1,"Order by SiteCode, id",0,V6,B30-1-64,NULL
BHG_DR,6,pats,tbl_FinancialHardshipApplication,EST,B31,1,64,1,SQL,2,SAMMS,Data Source=BHGDALLSQL05\SQL2016SAMMS;Connection Timeout=60;Integrated Security=True;Encrypt=False;Initial Catalog=SAMMS-DyersburgV5;,SAMMS-DyersburgV5,Select,NULL,NULL,Dyersburg,1,0,dbo,FinancialHardshipApplication,pats,tbl_FinancialHardshipApplication,1 = 1,"Order by SiteCode, id",0,V6,B31-1-64,NULL
BHG_DR,6,pats,tbl_FinancialHardshipApplication,CST,B33,1,64,1,SQL,2,SAMMS,Data Source=BHGDALLSQL05\SQL2016SAMMS;Connection Timeout=60;Integrated Security=True;Encrypt=False;Initial Catalog=SAMMS-Paducah;,SAMMS-Paducah,Select,NULL,NULL,Paducah,1,0,dbo,FinancialHardshipApplication,pats,tbl_FinancialHardshipApplication,1 = 1,"Order by SiteCode, id",0,V6,B33-1-64,NULL
BHG_DR,6,pats,tbl_FinancialHardshipApplication,CST,B34,1,64,1,SQL,2,SAMMS,Data Source=BHGDALLSQL05\SQL2016SAMMS;Connection Timeout=60;Integrated Security=True;Encrypt=False;Initial Catalog=SAMMS-CorbinV5;,SAMMS-CorbinV5,Select,NULL,NULL,Corbin,1,0,dbo,FinancialHardshipApplication,pats,tbl_FinancialHardshipApplication,1 = 1,"Order by SiteCode, id",0,V6,B34-1-64,NULL
BHG_DR,6,pats,tbl_FinancialHardshipApplication,CST,B35,1,64,1,SQL,2,SAMMS,Data Source=BHGDALLSQL05\SQL2016SAMMS;Connection Timeout=60;Integrated Security=True;Encrypt=False;Initial Catalog=SAMMS-LexingtonV5;,SAMMS-LexingtonV5,Select,NULL,NULL,Lexington,1,1,dbo,FinancialHardshipApplication,pats,tbl_FinancialHardshipApplication,1 = 1,"Order by SiteCode, id",0,V6,B35-1-64,NULL
BHG_DR,6,pats,tbl_FinancialHardshipApplication,CST,B35A,1,64,1,SQL,2,SAMMS,Data Source=BHGDALLSQL05\SQL2016SAMMS;Connection Timeout=60;Integrated Security=True;Encrypt=False;Initial Catalog=SAMMS-BereaV5;,SAMMS-BereaV5,Select,2018-06-01,NULL,Berea,1,0,dbo,FinancialHardshipApplication,pats,tbl_FinancialHardshipApplication,1 = 1,"Order by SiteCode, id",0,V6,B35A-1-64,NULL
BHG_DR,6,pats,tbl_FinancialHardshipApplication,EST,B36,1,64,1,SQL,2,SAMMS,Data Source=BHGDALLSQL05\SQL2016SAMMS;Connection Timeout=60;Integrated Security=True;Encrypt=False;Initial Catalog=SAMMS-AshevilleV5;,SAMMS-AshevilleV5,Select,2015-09-07,NULL,Asheville,1,0,dbo,FinancialHardshipApplication,pats,tbl_FinancialHardshipApplication,1 = 1,"Order by SiteCode, id",0,V6,B36-1-64,NULL
BHG_DR,6,pats,tbl_FinancialHardshipApplication,EST,B37,1,64,1,SQL,2,SAMMS,Data Source=BHGDALLSQL05\SQL2016SAMMS;Connection Timeout=60;Integrated Security=True;Encrypt=False;Initial Catalog=SAMMS-ClydeV5;,SAMMS-ClydeV5,Select,2015-09-07,NULL,Clyde,1,0,dbo,FinancialHardshipApplication,pats,tbl_FinancialHardshipApplication,1 = 1,"Order by SiteCode, id",0,V6,B37-1-64,NULL
BHG_DR,6,pats,tbl_FinancialHardshipApplication,EST,B38,1,64,1,SQL,2,SAMMS,Data Source=BHGDALLSQL05\SQL2016SAMMS;Connection Timeout=60;Integrated Security=True;Encrypt=False;Initial Catalog=SAMMS-SpartanburgV5;,SAMMS-SpartanburgV5,Select,2016-07-25,NULL,Spartanburg,1,0,dbo,FinancialHardshipApplication,pats,tbl_FinancialHardshipApplication,1 = 1,"Order by SiteCode, id",0,V6,B38-1-64,NULL
BHG_DR,6,pats,tbl_FinancialHardshipApplication,EST,B39,1,64,1,SQL,2,SAMMS,Data Source=BHGDALLSQL05\SQL2016SAMMS;Connection Timeout=60;Integrated Security=True;Encrypt=False;Initial Catalog=SAMMS-AikenV5;,SAMMS-AikenV5,Select,2016-07-25,NULL,Aiken,1,0,dbo,FinancialHardshipApplication,pats,tbl_FinancialHardshipApplication,1 = 1,"Order by SiteCode, id",0,V6,B39-1-64,NULL
BHG_DR,6,pats,tbl_FinancialHardshipApplication,EST,B41,1,64,1,SQL,2,SAMMS,Data Source=BHGDALLSQL05\SQL2016SAMMS;Connection Timeout=60;Integrated Security=True;Encrypt=False;Initial Catalog=SAMMS-ChesapeakeV5;,SAMMS-ChesapeakeV5,Select,2016-10-24,NULL,Chesapeake,1,0,dbo,FinancialHardshipApplication,pats,tbl_FinancialHardshipApplication,1 = 1,"Order by SiteCode, id",0,V6,B41-1-64,NULL
BHG_DR,6,pats,tbl_FinancialHardshipApplication,EST,B42,1,64,1,SQL,2,SAMMS,Data Source=BHGDALLSQL05\SQL2016SAMMS;Connection Timeout=60;Integrated Security=True;Encrypt=False;Initial Catalog=SAMMS-VirginiaBeachV5;,SAMMS-VirginiaBeachV5,Select,2016-10-24,NULL,Virginia Beach,1,0,dbo,FinancialHardshipApplication,pats,tbl_FinancialHardshipApplication,1 = 1,"Order by SiteCode, id",0,V6,B42-1-64,NULL
BHG_DR,6,pats,tbl_FinancialHardshipApplication,EST,B42A,1,64,1,SQL,2,SAMMS,Data Source=BHGDALLSQL05\SQL2016SAMMS;Connection Timeout=60;Integrated Security=True;Encrypt=False;Initial Catalog=SAMMS-NewportNewsV5;,SAMMS-NewportNewsV5,Select,2018-12-06,NULL,Newport News,1,0,dbo,FinancialHardshipApplication,pats,tbl_FinancialHardshipApplication,1 = 1,"Order by SiteCode, id",0,V6,B42A-1-64,NULL
BHG_DR,6,pats,tbl_FinancialHardshipApplication,EST,B42B,1,64,1,SQL,2,SAMMS,Data Source=BHGDALLSQL05\SQL2016SAMMS;Connection Timeout=60;Integrated Security=True;Encrypt=False;Initial Catalog=SAMMS-FranklinV5;,SAMMS-FranklinV5,Select,2018-12-19,NULL,Franklin,1,0,dbo,FinancialHardshipApplication,pats,tbl_FinancialHardshipApplication,1 = 1,"Order by SiteCode, id",0,V6,B42B-1-64,NULL
BHG_DR,6,pats,tbl_FinancialHardshipApplication,EST,B42C,1,64,1,SQL,2,SAMMS,Data Source=BHGDALLSQL05\SQL2016SAMMS;Connection Timeout=60;Integrated Security=True;Encrypt=False;Initial Catalog=SAMMS-GlenAllenV5;,SAMMS-GlenAllenV5,Select,2019-07-17,NULL,Glen Allen,1,0,dbo,FinancialHardshipApplication,pats,tbl_FinancialHardshipApplication,1 = 1,"Order by SiteCode, id",0,V6,B42C-1-64,NULL
BHG_DR,6,pats,tbl_FinancialHardshipApplication,EST,B42D,1,64,1,SQL,2,SAMMS,Data Source=BHGDALLSQL05\SQL2016SAMMS;Connection Timeout=60;Integrated Security=True;Encrypt=False;Initial Catalog=SAMMS-ChesapeakeSouthV5;,SAMMS-ChesapeakeSouthV5,Select,2019-06-11,NULL,Chesapeake South,1,0,dbo,FinancialHardshipApplication,pats,tbl_FinancialHardshipApplication,1 = 1,"Order by SiteCode, id",0,V6,B42D-1-64,NULL
BHG_DR,6,pats,tbl_FinancialHardshipApplication,EST,B44,1,64,1,SQL,2,SAMMS,Data Source=BHGDALLSQL05\SQL2016SAMMS;Connection Timeout=60;Integrated Security=True;Encrypt=False;Initial Catalog=SAMMS-AlbanyV5;,SAMMS-AlbanyV5,Select,2017-06-19,NULL,Albany,1,0,dbo,FinancialHardshipApplication,pats,tbl_FinancialHardshipApplication,1 = 1,"Order by SiteCode, id",0,V6,B44-1-64,NULL
BHG_DR,6,pats,tbl_FinancialHardshipApplication,EST,B45,1,64,1,SQL,2,SAMMS,Data Source=BHGDALLSQL05\SQL2016SAMMS;Connection Timeout=60;Integrated Security=True;Encrypt=False;Initial Catalog=SAMMS-TiftonV5;,SAMMS-TiftonV5,Select,2017-06-19,NULL,Tifton,1,0,dbo,FinancialHardshipApplication,pats,tbl_FinancialHardshipApplication,1 = 1,"Order by SiteCode, id",0,V6,B45-1-64,NULL
BHG_DR,6,pats,tbl_FinancialHardshipApplication,CST,B46,1,64,1,SQL,2,SAMMS,Data Source=BHGDALLSQL05\SQL2016SAMMS;Connection Timeout=60;Integrated Security=True;Encrypt=False;Initial Catalog=SAMMS-WashingtonDCv5;,SAMMS-WashingtonDCv5,Select,2019-03-20,NULL,Washington DC,1,0,dbo,FinancialHardshipApplication,pats,tbl_FinancialHardshipApplication,1 = 1,"Order by SiteCode, id",0,V6,B46-1-64,NULL
BHG_DR,6,pats,tbl_FinancialHardshipApplication,CST,B47,1,64,1,SQL,2,SAMMS,Data Source=BHGDALLSQL05\SQL2016SAMMS;Connection Timeout=60;Integrated Security=True;Encrypt=False;Initial Catalog=SAMMS-MobileV5;,SAMMS-MobileV5,Select,2019-09-10,NULL,Mobile,1,0,dbo,FinancialHardshipApplication,pats,tbl_FinancialHardshipApplication,1 = 1,"Order by SiteCode, id",0,V6,B47-1-64,NULL
BHG_DR,6,pats,tbl_FinancialHardshipApplication,CST,B48,1,64,1,SQL,2,SAMMS,Data Source=BHGDALLSQL05\SQL2016SAMMS;Connection Timeout=60;Integrated Security=True;Encrypt=False;Initial Catalog=SAMMS-TuscaloosaV5;,SAMMS-TuscaloosaV5,Select,2017-11-19,NULL,Tuscaloosa,1,0,dbo,FinancialHardshipApplication,pats,tbl_FinancialHardshipApplication,1 = 1,"Order by SiteCode, id",0,V6,B48-1-64,NULL
BHG_DR,6,pats,tbl_FinancialHardshipApplication,CST,B51,1,64,1,SQL,2,SAMMS,Data Source=BHGDALLSQL05\SQL2016SAMMS;Connection Timeout=60;Integrated Security=True;Encrypt=False;Initial Catalog=SAMMS-NorthLittleRockV6;,SAMMS-NorthLittleRockV6,Select,2019-11-15,NULL,N. Little Rock (OTP),1,0,dbo,FinancialHardshipApplication,pats,tbl_FinancialHardshipApplication,1 = 1,"Order by SiteCode, id",0,V6,B51-1-64,NULL
BHG_DR,6,pats,tbl_FinancialHardshipApplication,EST,B52,1,64,1,SQL,2,SAMMS,Data Source=BHGDALLSQL05\SQL2016SAMMS;Connection Timeout=60;Integrated Security=True;Encrypt=False;Initial Catalog=SAMMS-JacksonGAV5;,SAMMS-JacksonGAV5,Select,2018-06-01,NULL,Jackson GA,1,0,dbo,FinancialHardshipApplication,pats,tbl_FinancialHardshipApplication,1 = 1,"Order by SiteCode, id",0,V6,B52-1-64,NULL
BHG_DR,6,pats,tbl_FinancialHardshipApplication,CST,B54,1,64,1,SQL,2,SAMMS,Data Source=BHGDALLSQL05\SQL2016SAMMS;Connection Timeout=60;Integrated Security=True;Encrypt=False;Initial Catalog=SAMMS-GadsdenV5;,SAMMS-GadsdenV5,Select,2018-06-01,NULL,Gadsden,1,0,dbo,FinancialHardshipApplication,pats,tbl_FinancialHardshipApplication,1 = 1,"Order by SiteCode, id",0,V6,B54-1-64,NULL
BHG_DR,6,pats,tbl_FinancialHardshipApplication,CST,B55,1,64,1,SQL,2,SAMMS,Data Source=BHGDALLSQL05\SQL2016SAMMS;Connection Timeout=60;Integrated Security=True;Encrypt=False;Initial Catalog=SAMMS-ShoalsV5;,SAMMS-ShoalsV5,Select,2018-04-22,NULL,Shoals,1,0,dbo,FinancialHardshipApplication,pats,tbl_FinancialHardshipApplication,1 = 1,"Order by SiteCode, id",0,V6,B55-1-64,NULL
BHG_DR,6,pats,tbl_FinancialHardshipApplication,EST,B57,1,64,1,SQL,2,SAMMS,Data Source=BHGDALLSQL05\SQL2016SAMMS;Connection Timeout=60;Integrated Security=True;Encrypt=False;Initial Catalog=SAMMS-Pawtucket;,SAMMS-Pawtucket,Select,2020-09-04,NULL,Pawtucket,1,1,dbo,FinancialHardshipApplication,pats,tbl_FinancialHardshipApplication,1 = 1,"Order by SiteCode, id",0,V6,B57-1-64,NULL
BHG_DR,6,pats,tbl_FinancialHardshipApplication,EST,B57A,1,64,1,SQL,2,SAMMS,Data Source=BHGDALLSQL05\SQL2016SAMMS;Connection Timeout=60;Integrated Security=True;Encrypt=False;Initial Catalog=SAMMS-Johnston;,SAMMS-Johnston,Select,2021-10-04,NULL,Johnston,1,1,dbo,FinancialHardshipApplication,pats,tbl_FinancialHardshipApplication,1 = 1,"Order by SiteCode, id",0,V6,B57A-1-64,NULL
BHG_DR,6,pats,tbl_FinancialHardshipApplication,EST,B57B,1,64,1,SQL,2,SAMMS,Data Source=BHGDALLSQL05\SQL2016SAMMS;Connection Timeout=60;Integrated Security=True;Encrypt=False;Initial Catalog=SAMMS-Middletown;,SAMMS-Middletown,Select,2021-10-04,NULL,Middletown,1,1,dbo,FinancialHardshipApplication,pats,tbl_FinancialHardshipApplication,1 = 1,"Order by SiteCode, id",0,V6,B57B-1-64,NULL
BHG_DR,6,pats,tbl_FinancialHardshipApplication,EST,B57C,1,64,1,SQL,2,SAMMS,Data Source=BHGDALLSQL05\SQL2016SAMMS;Connection Timeout=60;Integrated Security=True;Encrypt=False;Initial Catalog=SAMMS-Providence;,SAMMS-Providence,Select,2021-10-04,NULL,Providence,1,1,dbo,FinancialHardshipApplication,pats,tbl_FinancialHardshipApplication,1 = 1,"Order by SiteCode, id",0,V6,B57C-1-64,NULL
BHG_DR,6,pats,tbl_FinancialHardshipApplication,EST,B57D,1,64,1,SQL,2,SAMMS,Data Source=BHGDALLSQL05\SQL2016SAMMS;Connection Timeout=60;Integrated Security=True;Encrypt=False;Initial Catalog=SAMMS-Westerly;,SAMMS-Westerly,Select,2021-10-04,NULL,Westerly,1,1,dbo,FinancialHardshipApplication,pats,tbl_FinancialHardshipApplication,1 = 1,"Order by SiteCode, id",0,V6,B57D-1-64,NULL
BHG_DR,6,pats,tbl_FinancialHardshipApplication,EST,B66A,1,64,1,SQL,2,SAMMS,Data Source=BHGDALLSQL05\SQL2016SAMMS;Connection Timeout=60;Integrated Security=True;Encrypt=False;Initial Catalog=SAMMS-Bremen;,SAMMS-Bremen,Select,NULL,NULL,Bremen,1,1,dbo,FinancialHardshipApplication,pats,tbl_FinancialHardshipApplication,1 = 1,"Order by SiteCode, id",0,V6,B66A-1-64,NULL
BHG_DR,6,pats,tbl_FinancialHardshipApplication,CST,B72,1,64,1,SQL,2,SAMMS,Data Source=BHGDALLSQL05\SQL2016SAMMS;Connection Timeout=60;Integrated Security=True;Encrypt=False;Initial Catalog=SAMMS-Mobile-OBOT;,SAMMS-Mobile-OBOT,Select,NULL,NULL,Mobile (OBOT),1,1,dbo,FinancialHardshipApplication,pats,tbl_FinancialHardshipApplication,1 = 1,"Order by SiteCode, id",0,V6,B72-1-64,NULL
BHG_DR,6,pats,tbl_FinancialHardshipApplication,CST,B73,1,64,1,SQL,2,SAMMS,Data Source=BHGDALLSQL05\SQL2016SAMMS;Connection Timeout=60;Integrated Security=True;Encrypt=False;Initial Catalog=SAMMS-Montgomery;,SAMMS-Montgomery,Select,NULL,NULL,Montgomery,1,1,dbo,FinancialHardshipApplication,pats,tbl_FinancialHardshipApplication,1 = 1,"Order by SiteCode, id",0,V6,B73-1-64,NULL
BHG_DR,6,pats,tbl_FinancialHardshipApplication,CST,B75,1,64,1,SQL,2,SAMMS,Data Source=BHGDALLSQL05\SQL2016SAMMS;Connection Timeout=60;Integrated Security=True;Encrypt=False;Initial Catalog=SAMMS-LawrenceV6;,SAMMS-LawrenceV6,Select,2021-11-09,NULL,Lawrence,1,0,dbo,FinancialHardshipApplication,pats,tbl_FinancialHardshipApplication,1 = 1,"Order by SiteCode, id",0,V6,B75-1-64,NULL
BHG_DR,6,pats,tbl_FinancialHardshipApplication,CST,B76,1,64,1,SQL,2,SAMMS,Data Source=BHGDALLSQL05\SQL2016SAMMS;Connection Timeout=60;Integrated Security=True;Encrypt=False;Initial Catalog=SAMMS-Huntsville-OBOT;,SAMMS-Huntsville-OBOT,Select,NULL,NULL,Huntsville OBOT,1,0,dbo,FinancialHardshipApplication,pats,tbl_FinancialHardshipApplication,1 = 1,"Order by SiteCode, id",0,V6,B76-1-64,NULL
BHG_DR,6,pats,tbl_FinancialHardshipApplication,CST,BAT,1,64,1,SQL,2,SAMMS,Data Source=BHGDALLSQL05\SQL2016SAMMS;Connection Timeout=60;Integrated Security=True;Encrypt=False;Initial Catalog=SAMMS-Batesville;,SAMMS-Batesville,Select,NULL,NULL,Batesville,1,1,dbo,FinancialHardshipApplication,pats,tbl_FinancialHardshipApplication,1 = 1,"Order by SiteCode, id",0,V6,BAT-1-64,NULL
BHG_DR,6,pats,tbl_FinancialHardshipApplication,CST,BG,1,64,1,SQL,2,SAMMS,Data Source=BHGDALLSQL05\SQL2016SAMMS;Connection Timeout=60;Integrated Security=True;Encrypt=False;Initial Catalog=SAMMS-BowlingGreen;,SAMMS-BowlingGreen,Select,NULL,NULL,Bowling Green,1,1,dbo,FinancialHardshipApplication,pats,tbl_FinancialHardshipApplication,1 = 1,"Order by SiteCode, id",0,V6,BG-1-64,NULL
BHG_DR,6,pats,tbl_FinancialHardshipApplication,MST,BOI,1,64,1,SQL,2,SAMMS,Data Source=BHGDALLSQL05\SQL2016SAMMS;Connection Timeout=60;Integrated Security=True;Encrypt=False;Initial Catalog=SAMMS-Boise;,SAMMS-Boise,Select,NULL,NULL,Boise,1,1,dbo,FinancialHardshipApplication,pats,tbl_FinancialHardshipApplication,1 = 1,"Order by SiteCode, id",0,V6,BOI-1-64,NULL
BHG_DR,6,pats,tbl_FinancialHardshipApplication,MST,CBCO,1,64,1,SQL,2,SAMMS,Data Source=BHGDALLSQL05\SQL2016SAMMS;Connection Timeout=60;Integrated Security=True;Encrypt=False;Initial Catalog=SAMMS-CoeurdAleneV6;,SAMMS-CoeurdAleneV6,Select,NULL,NULL,Coeur d'Alene,1,1,dbo,FinancialHardshipApplication,pats,tbl_FinancialHardshipApplication,1 = 1,"Order by SiteCode, id",0,V6,CBCO-1-64,NULL
BHG_DR,6,pats,tbl_FinancialHardshipApplication,CST,CON,1,64,1,SQL,2,SAMMS,Data Source=BHGDALLSQL05\SQL2016SAMMS;Connection Timeout=60;Integrated Security=True;Encrypt=False;Initial Catalog=SAMMS-Conway;,SAMMS-Conway,Select,NULL,NULL,Conway,1,1,dbo,FinancialHardshipApplication,pats,tbl_FinancialHardshipApplication,1 = 1,"Order by SiteCode, id",0,V6,CON-1-64,NULL
BHG_DR,6,pats,tbl_FinancialHardshipApplication,EST,D07,1,64,1,SQL,2,SAMMS,Data Source=BHGDALLSQL05\SQL2016SAMMS;Connection Timeout=60;Integrated Security=True;Encrypt=False;Initial Catalog=SAMMS-KnoxvilleV6;,SAMMS-KnoxvilleV6,Select,NULL,NULL,Medical Services Knox TN,1,1,dbo,FinancialHardshipApplication,pats,tbl_FinancialHardshipApplication,1 = 1,"Order by SiteCode, id",0,V6,D07-1-64,NULL
BHG_DR,6,pats,tbl_FinancialHardshipApplication,EST,D08,1,64,1,SQL,2,SAMMS,Data Source=BHGDALLSQL05\SQL2016SAMMS;Connection Timeout=60;Integrated Security=True;Encrypt=False;Initial Catalog=SAMMS-MadisonV6;,SAMMS-MadisonV6,Select,NULL,NULL,Madison,1,1,dbo,FinancialHardshipApplication,pats,tbl_FinancialHardshipApplication,1 = 1,"Order by SiteCode, id",0,V6,D08-1-64,NULL
BHG_DR,6,pats,tbl_FinancialHardshipApplication,EST,D09,1,64,1,SQL,2,SAMMS,Data Source=BHGDALLSQL05\SQL2016SAMMS;Connection Timeout=60;Integrated Security=True;Encrypt=False;Initial Catalog=SAMMS-MurfreesboroV6;,SAMMS-MurfreesboroV6,Select,NULL,NULL,Murfreesboro,1,1,dbo,FinancialHardshipApplication,pats,tbl_FinancialHardshipApplication,1 = 1,"Order by SiteCode, id",0,V6,D09-1-64,NULL
BHG_DR,6,pats,tbl_FinancialHardshipApplication,CST,DA,1,64,1,SQL,2,SAMMS,Data Source=BHGDALLSQL05\SQL2016SAMMS;Connection Timeout=60;Integrated Security=True;Encrypt=False;Initial Catalog=SAMMS-Davenport;,SAMMS-Davenport,Select,NULL,NULL,Davenport,1,1,dbo,FinancialHardshipApplication,pats,tbl_FinancialHardshipApplication,1 = 1,"Order by SiteCode, id",0,V6,DA-1-64,NULL
BHG_DR,6,pats,tbl_FinancialHardshipApplication,CST,DM,1,64,1,SQL,2,SAMMS,Data Source=BHGDALLSQL05\SQL2016SAMMS;Connection Timeout=60;Integrated Security=True;Encrypt=False;Initial Catalog=SAMMS-DesMoines;,SAMMS-DesMoines,Select,NULL,NULL,Des Moines,1,1,dbo,FinancialHardshipApplication,pats,tbl_FinancialHardshipApplication,1 = 1,"Order by SiteCode, id",0,V6,DM-1-64,NULL
BHG_DR,6,pats,tbl_FinancialHardshipApplication,CST,DRD-CO,1,64,1,SQL,2,SAMMS,Data Source=BHGDALLSQL05\SQL2016SAMMS;Connection Timeout=60;Integrated Security=True;Encrypt=False;Initial Catalog=SAMMS-ColumbiaV5;,SAMMS-ColumbiaV5,Select,NULL,NULL,Columbia MO,1,0,dbo,FinancialHardshipApplication,pats,tbl_FinancialHardshipApplication,1 = 1,"Order by SiteCode, id",0,V6,DRD-CO-1-64,NULL
BHG_DR,6,pats,tbl_FinancialHardshipApplication,CST,DRD-KC,1,64,1,SQL,2,SAMMS,Data Source=BHGDALLSQL05\SQL2016SAMMS;Connection Timeout=60;Integrated Security=True;Encrypt=False;Initial Catalog=SAMMS-KCv5;,SAMMS-KCv5,Select,NULL,NULL,KC,1,0,dbo,FinancialHardshipApplication,pats,tbl_FinancialHardshipApplication,1 = 1,"Order by SiteCode, id",0,V6,DRD-KC-1-64,NULL
BHG_DR,6,pats,tbl_FinancialHardshipApplication,EST,DRD-KVB,1,64,1,SQL,2,SAMMS,Data Source=BHGDALLSQL05\SQL2016SAMMS;Connection Timeout=60;Integrated Security=True;Encrypt=False;Initial Catalog=SAMMS-KVBv5;,SAMMS-KVBv5,Select,NULL,NULL,KVB,1,0,dbo,FinancialHardshipApplication,pats,tbl_FinancialHardshipApplication,1 = 1,"Order by SiteCode, id",0,V6,DRD-KVB-1-64,NULL
BHG_DR,6,pats,tbl_FinancialHardshipApplication,EST,DRD-KVC,1,64,1,SQL,2,SAMMS,Data Source=BHGDALLSQL05\SQL2016SAMMS;Connection Timeout=60;Integrated Security=True;Encrypt=False;Initial Catalog=SAMMS-KVCv5;,SAMMS-KVCv5,Select,NULL,NULL,KVC,1,0,dbo,FinancialHardshipApplication,pats,tbl_FinancialHardshipApplication,1 = 1,"Order by SiteCode, id",0,V6,DRD-KVC-1-64,NULL
BHG_DR,6,pats,tbl_FinancialHardshipApplication,CST,DRD-NOLA,1,64,1,SQL,2,SAMMS,Data Source=BHGDALLSQL05\SQL2016SAMMS;Connection Timeout=60;Integrated Security=True;Encrypt=False;Initial Catalog=SAMMS-NOLAv5;,SAMMS-NOLAv5,Select,1985-01-01,NULL,NOLA,1,1,dbo,FinancialHardshipApplication,pats,tbl_FinancialHardshipApplication,1 = 1,"Order by SiteCode, id",0,V6,DRD-NOLA-1-64,NULL
BHG_DR,6,pats,tbl_FinancialHardshipApplication,CST,DRD-SF,1,64,1,SQL,2,SAMMS,Data Source=BHGDALLSQL05\SQL2016SAMMS;Connection Timeout=60;Integrated Security=True;Encrypt=False;Initial Catalog=SAMMS-SFv5;,SAMMS-SFv5,Select,NULL,NULL,Springfield,1,0,dbo,FinancialHardshipApplication,pats,tbl_FinancialHardshipApplication,1 = 1,"Order by SiteCode, id",0,V6,DRD-SF-1-64,NULL
BHG_DR,6,pats,tbl_FinancialHardshipApplication,EST,ELC,1,64,1,SQL,2,SAMMS,Data Source=BHGDALLSQL05\SQL2016SAMMS;Connection Timeout=60;Integrated Security=True;Encrypt=False;Initial Catalog=SAMMS-ElizabethCity ;,"SAMMS-ElizabethCity ",Select,NULL,NULL,Elizabeth City,1,1,dbo,FinancialHardshipApplication,pats,tbl_FinancialHardshipApplication,1 = 1,"Order by SiteCode, id",0,V6,ELC-1-64,NULL
BHG_DR,6,pats,tbl_FinancialHardshipApplication,CST,ET,1,64,1,SQL,2,SAMMS,Data Source=BHGDALLSQL05\SQL2016SAMMS;Connection Timeout=60;Integrated Security=True;Encrypt=False;Initial Catalog=SAMMS-Elizabethtown;,SAMMS-Elizabethtown,Select,NULL,NULL,Elizabethtown,1,1,dbo,FinancialHardshipApplication,pats,tbl_FinancialHardshipApplication,1 = 1,"Order by SiteCode, id",0,V6,ET-1-64,NULL
BHG_DR,6,pats,tbl_FinancialHardshipApplication,CST,FAY,1,64,1,SQL,2,SAMMS,Data Source=BHGDALLSQL05\SQL2016SAMMS;Connection Timeout=60;Integrated Security=True;Encrypt=False;Initial Catalog=SAMMS-Fayetteville;,SAMMS-Fayetteville,Select,2019-08-15,NULL,Fayetteville,1,1,dbo,FinancialHardshipApplication,pats,tbl_FinancialHardshipApplication,1 = 1,"Order by SiteCode, id",0,V6,FAY-1-64,NULL
BHG_DR,6,pats,tbl_FinancialHardshipApplication,CST,FR,1,64,1,SQL,2,SAMMS,Data Source=BHGDALLSQL05\SQL2016SAMMS;Connection Timeout=60;Integrated Security=True;Encrypt=False;Initial Catalog=SAMMS-Frankfort;,SAMMS-Frankfort,Select,NULL,NULL,Frankfort,1,1,dbo,FinancialHardshipApplication,pats,tbl_FinancialHardshipApplication,1 = 1,"Order by SiteCode, id",0,V6,FR-1-64,NULL
BHG_DR,6,pats,tbl_FinancialHardshipApplication,CST,FS,1,64,1,SQL,2,SAMMS,Data Source=BHGDALLSQL05\SQL2016SAMMS;Connection Timeout=60;Integrated Security=True;Encrypt=False;Initial Catalog=SAMMS-FortSmith;,SAMMS-FortSmith,Select,2019-08-15,NULL,Fort Smith,1,1,dbo,FinancialHardshipApplication,pats,tbl_FinancialHardshipApplication,1 = 1,"Order by SiteCode, id",0,V6,FS-1-64,NULL
BHG_DR,6,pats,tbl_FinancialHardshipApplication,EST,FW,1,64,1,SQL,2,SAMMS,Data Source=BHGDALLSQL05\SQL2016SAMMS;Connection Timeout=60;Integrated Security=True;Encrypt=False;Initial Catalog=SAMMS-FortWayne;,SAMMS-FortWayne,Select,NULL,NULL,Fort Wayne,1,1,dbo,FinancialHardshipApplication,pats,tbl_FinancialHardshipApplication,1 = 1,"Order by SiteCode, id",0,V6,FW-1-64,NULL
BHG_DR,6,pats,tbl_FinancialHardshipApplication,EST,GAL,1,64,1,SQL,2,SAMMS,Data Source=BHGDALLSQL05\SQL2016SAMMS;Connection Timeout=60;Integrated Security=True;Encrypt=False;Initial Catalog=SAMMS-Gaylord ;,"SAMMS-Gaylord ",Select,NULL,NULL,Gaylord,1,1,dbo,FinancialHardshipApplication,pats,tbl_FinancialHardshipApplication,1 = 1,"Order by SiteCode, id",0,V6,GAL-1-64,NULL
BHG_DR,6,pats,tbl_FinancialHardshipApplication,EST,GRC,1,64,1,SQL,2,SAMMS,Data Source=BHGDALLSQL05\SQL2016SAMMS;Connection Timeout=60;Integrated Security=True;Encrypt=False;Initial Catalog=SAMMS-GreenfieldV5;,SAMMS-GreenfieldV5,Select,2018-12-05,NULL,Greenfield,0,0,dbo,FinancialHardshipApplication,pats,tbl_FinancialHardshipApplication,1 = 1,"Order by SiteCode, id",0,V6,GRC-1-64,NULL
BHG_DR,6,pats,tbl_FinancialHardshipApplication,EST,HGT,1,64,1,SQL,2,SAMMS,Data Source=BHGDALLSQL05\SQL2016SAMMS;Connection Timeout=60;Integrated Security=True;Encrypt=False;Initial Catalog=SAMMS-Hagerstown;,SAMMS-Hagerstown,Select,NULL,NULL,Hagerstown,1,0,dbo,FinancialHardshipApplication,pats,tbl_FinancialHardshipApplication,1 = 1,"Order by SiteCode, id",0,V6,HGT-1-64,NULL
BHG_DR,6,pats,tbl_FinancialHardshipApplication,CST,HNT,1,64,1,SQL,2,SAMMS,Data Source=BHGDALLSQL05\SQL2016SAMMS;Connection Timeout=60;Integrated Security=True;Encrypt=False;Initial Catalog=SAMMS-Huntsville;,SAMMS-Huntsville,Select,NULL,NULL,Huntsville,1,1,dbo,FinancialHardshipApplication,pats,tbl_FinancialHardshipApplication,1 = 1,"Order by SiteCode, id",0,V6,HNT-1-64,NULL
BHG_DR,6,pats,tbl_FinancialHardshipApplication,CST,HS,1,64,1,SQL,2,SAMMS,Data Source=BHGDALLSQL05\SQL2016SAMMS;Connection Timeout=60;Integrated Security=True;Encrypt=False;Initial Catalog=SAMMS-HotSprings;,SAMMS-HotSprings,Select,2019-08-15,NULL,Hot Springs,1,1,dbo,FinancialHardshipApplication,pats,tbl_FinancialHardshipApplication,1 = 1,"Order by SiteCode, id",0,V6,HS-1-64,NULL
BHG_DR,6,pats,tbl_FinancialHardshipApplication,CST,JON,1,64,1,SQL,2,SAMMS,Data Source=BHGDALLSQL05\SQL2016SAMMS;Connection Timeout=60;Integrated Security=True;Encrypt=False;Initial Catalog=SAMMS-Jonesboro;,SAMMS-Jonesboro,Select,NULL,NULL,Jonesboro,1,1,dbo,FinancialHardshipApplication,pats,tbl_FinancialHardshipApplication,1 = 1,"Order by SiteCode, id",0,V6,JON-1-64,NULL
BHG_DR,6,pats,tbl_FinancialHardshipApplication,EST,Lab,1,64,1,SQL,2,SAMMS,Data Source=BHGDALLSQL05\SQL2016SAMMS;Connection Timeout=60;Integrated Security=True;Encrypt=False;Initial Catalog=SAMMS-LabV5-V2;,SAMMS-LabV5-V2,Select,NULL,NULL,Reference Lab,1,0,dbo,FinancialHardshipApplication,pats,tbl_FinancialHardshipApplication,1 = 1,"Order by SiteCode, id",0,V6,Lab-1-64,NULL
BHG_DR,6,pats,tbl_FinancialHardshipApplication,EST,LAN,1,64,1,SQL,2,SAMMS,Data Source=BHGDALLSQL05\SQL2016SAMMS;Connection Timeout=60;Integrated Security=True;Encrypt=False;Initial Catalog=SAMMS-Lansing ;,"SAMMS-Lansing ",Select,NULL,NULL,Lansing,1,1,dbo,FinancialHardshipApplication,pats,tbl_FinancialHardshipApplication,1 = 1,"Order by SiteCode, id",0,V6,LAN-1-64,NULL
BHG_DR,6,pats,tbl_FinancialHardshipApplication,CST,LO,1,64,1,SQL,2,SAMMS,Data Source=BHGDALLSQL05\SQL2016SAMMS;Connection Timeout=60;Integrated Security=True;Encrypt=False;Initial Catalog=SAMMS-Louisville;,SAMMS-Louisville,Select,NULL,NULL,Louisville,1,1,dbo,FinancialHardshipApplication,pats,tbl_FinancialHardshipApplication,1 = 1,"Order by SiteCode, id",0,V6,LO-1-64,NULL
BHG_DR,6,pats,tbl_FinancialHardshipApplication,PST,LV1,1,64,1,SQL,2,SAMMS,Data Source=BHGDALLSQL05\SQL2016SAMMS;Connection Timeout=60;Integrated Security=True;Encrypt=False;Initial Catalog=SAMMS-Cheyenne;,SAMMS-Cheyenne,Select,NULL,NULL,Cheyenne,1,1,dbo,FinancialHardshipApplication,pats,tbl_FinancialHardshipApplication,1 = 1,"Order by SiteCode, id",0,V6,LV1-1-64,NULL
BHG_DR,6,pats,tbl_FinancialHardshipApplication,PST,LV2,1,64,1,SQL,2,SAMMS,Data Source=BHGDALLSQL05\SQL2016SAMMS;Connection Timeout=60;Integrated Security=True;Encrypt=False;Initial Catalog=SAMMS-DesertInn;,SAMMS-DesertInn,Select,NULL,NULL,Desert Inn,1,1,dbo,FinancialHardshipApplication,pats,tbl_FinancialHardshipApplication,1 = 1,"Order by SiteCode, id",0,V6,LV2-1-64,NULL
BHG_DR,6,pats,tbl_FinancialHardshipApplication,PST,LV3,1,64,1,SQL,2,SAMMS,Data Source=BHGDALLSQL05\SQL2016SAMMS;Connection Timeout=60;Integrated Security=True;Encrypt=False;Initial Catalog=SAMMS-McDaniel;,SAMMS-McDaniel,Select,NULL,NULL,McDaniel,1,1,dbo,FinancialHardshipApplication,pats,tbl_FinancialHardshipApplication,1 = 1,"Order by SiteCode, id",0,V6,LV3-1-64,NULL
BHG_DR,6,pats,tbl_FinancialHardshipApplication,CST,MNRE,1,64,1,SQL,2,SAMMS,Data Source=BHGDALLSQL05\SQL2016SAMMS;Connection Timeout=60;Integrated Security=True;Encrypt=False;Initial Catalog=SAMMS-Monroe;,SAMMS-Monroe,Select,NULL,NULL,Monroe,1,1,dbo,FinancialHardshipApplication,pats,tbl_FinancialHardshipApplication,1 = 1,"Order by SiteCode, id",0,V6,MNRE-1-64,NULL
BHG_DR,6,pats,tbl_FinancialHardshipApplication,EST,MP,1,64,1,SQL,2,SAMMS,Data Source=BHGDALLSQL05\SQL2016SAMMS;Connection Timeout=60;Integrated Security=True;Encrypt=False;Initial Catalog=SAMMS-MtPleasant ;,"SAMMS-MtPleasant ",Select,NULL,NULL,Mt. Pleasant,1,1,dbo,FinancialHardshipApplication,pats,tbl_FinancialHardshipApplication,1 = 1,"Order by SiteCode, id",0,V6,MP-1-64,NULL
BHG_DR,6,pats,tbl_FinancialHardshipApplication,MST,MRD,1,64,1,SQL,2,SAMMS,Data Source=BHGDALLSQL05\SQL2016SAMMS;Connection Timeout=60;Integrated Security=True;Encrypt=False;Initial Catalog=SAMMS-Meridian;,SAMMS-Meridian,Select,NULL,NULL,Meridian,1,1,dbo,FinancialHardshipApplication,pats,tbl_FinancialHardshipApplication,1 = 1,"Order by SiteCode, id",0,V6,MRD-1-64,NULL
BHG_DR,6,pats,tbl_FinancialHardshipApplication,EST,NC,1,64,1,SQL,2,SAMMS,Data Source=BHGDALLSQL05\SQL2016SAMMS;Connection Timeout=60;Integrated Security=True;Encrypt=False;Initial Catalog=SAMMS-NorthCharleston;,SAMMS-NorthCharleston,Select,NULL,NULL,North Charleston,1,1,dbo,FinancialHardshipApplication,pats,tbl_FinancialHardshipApplication,1 = 1,"Order by SiteCode, id",0,V6,NC-1-64,NULL
BHG_DR,6,pats,tbl_FinancialHardshipApplication,CST,NLR,1,64,1,SQL,2,SAMMS,Data Source=BHGDALLSQL05\SQL2016SAMMS;Connection Timeout=60;Integrated Security=True;Encrypt=False;Initial Catalog=SAMMS-NLROBOT;,SAMMS-NLROBOT,Select,2019-08-15,NULL,N. Little Rock,1,1,dbo,FinancialHardshipApplication,pats,tbl_FinancialHardshipApplication,1 = 1,"Order by SiteCode, id",0,V6,NLR-1-64,NULL
BHG_DR,6,pats,tbl_FinancialHardshipApplication,MST,PH,1,64,1,SQL,2,SAMMS,Data Source=BHGDALLSQL05\SQL2016SAMMS;Connection Timeout=60;Integrated Security=True;Encrypt=False;Initial Catalog=SAMMS-Phoenix;,SAMMS-Phoenix,Select,NULL,NULL,Phoenix,1,1,dbo,FinancialHardshipApplication,pats,tbl_FinancialHardshipApplication,1 = 1,"Order by SiteCode, id",0,V6,PH-1-64,NULL
BHG_DR,6,pats,tbl_FinancialHardshipApplication,PST,RE,1,64,1,SQL,2,SAMMS,Data Source=BHGDALLSQL05\SQL2016SAMMS;Connection Timeout=60;Integrated Security=True;Encrypt=False;Initial Catalog=SAMMS-Reno;,SAMMS-Reno,Select,NULL,NULL,Reno,1,1,dbo,FinancialHardshipApplication,pats,tbl_FinancialHardshipApplication,1 = 1,"Order by SiteCode, id",0,V6,RE-1-64,NULL
BHG_DR,6,pats,tbl_FinancialHardshipApplication,CST,RMD,1,64,1,SQL,2,SAMMS,Data Source=BHGDALLSQL05\SQL2016SAMMS;Connection Timeout=60;Integrated Security=True;Encrypt=False;Initial Catalog=SAMMS-Richmond;,SAMMS-Richmond,Select,NULL,NULL,Richmond,1,1,dbo,FinancialHardshipApplication,pats,tbl_FinancialHardshipApplication,1 = 1,"Order by SiteCode, id",0,V6,RMD-1-64,NULL
BHG_DR,6,pats,tbl_FinancialHardshipApplication,CST,SFN,1,64,1,SQL,2,SAMMS,Data Source=BHGDALLSQL05\SQL2016SAMMS;Connection Timeout=60;Integrated Security=True;Encrypt=False;Initial Catalog=SAMMS-SFNv5;,SAMMS-SFNv5,Select,NULL,NULL,Springfield North,1,0,dbo,FinancialHardshipApplication,pats,tbl_FinancialHardshipApplication,1 = 1,"Order by SiteCode, id",0,V6,SFN-1-64,NULL
BHG_DR,6,pats,tbl_FinancialHardshipApplication,CST,SHP,1,64,1,SQL,2,SAMMS,Data Source=BHGDALLSQL05\SQL2016SAMMS;Connection Timeout=60;Integrated Security=True;Encrypt=False;Initial Catalog=SAMMS-Shreveport;,SAMMS-Shreveport,Select,NULL,NULL,Shreveport,1,1,dbo,FinancialHardshipApplication,pats,tbl_FinancialHardshipApplication,1 = 1,"Order by SiteCode, id",0,V6,SHP-1-64,NULL
BHG_DR,6,pats,tbl_FinancialHardshipApplication,EST,STN,1,64,1,SQL,2,SAMMS,Data Source=BHGDALLSQL05\SQL2016SAMMS;Connection Timeout=60;Integrated Security=True;Encrypt=False;Initial Catalog=SAMMS-Staunton;,SAMMS-Staunton,Select,NULL,NULL,Staunton,1,1,dbo,FinancialHardshipApplication,pats,tbl_FinancialHardshipApplication,1 = 1,"Order by SiteCode, id",0,V6,STN-1-64,NULL
BHG_DR,6,pats,tbl_FinancialHardshipApplication,CST,STVN,1,64,1,SQL,2,SAMMS,Data Source=BHGDALLSQL05\SQL2016SAMMS;Connection Timeout=60;Integrated Security=True;Encrypt=False;Initial Catalog=SAMMS-Stevenson;,SAMMS-Stevenson,Select,NULL,NULL,Stevenson,1,1,dbo,FinancialHardshipApplication,pats,tbl_FinancialHardshipApplication,1 = 1,"Order by SiteCode, id",0,V6,STVN-1-64,NULL
BHG_DR,6,pats,tbl_FinancialHardshipApplication,MST,TE,1,64,1,SQL,2,SAMMS,Data Source=BHGDALLSQL05\SQL2016SAMMS;Connection Timeout=60;Integrated Security=True;Encrypt=False;Initial Catalog=SAMMS-Tempe;,SAMMS-Tempe,Select,NULL,NULL,Tempe,1,1,dbo,FinancialHardshipApplication,pats,tbl_FinancialHardshipApplication,1 = 1,"Order by SiteCode, id",0,V6,TE-1-64,NULL
BHG_DR,6,pats,tbl_FinancialHardshipApplication,CST,TEX,1,64,1,SQL,2,SAMMS,Data Source=BHGDALLSQL05\SQL2016SAMMS;Connection Timeout=60;Integrated Security=True;Encrypt=False;Initial Catalog=SAMMS-Texarkana;,SAMMS-Texarkana,Select,NULL,NULL,Texarkana,1,1,dbo,FinancialHardshipApplication,pats,tbl_FinancialHardshipApplication,1 = 1,"Order by SiteCode, id",0,V6,TEX-1-64,NULL
BHG_DR,6,pats,tbl_FinancialHardshipApplication,CST,TTCA,1,64,1,SQL,2,SAMMS,Data Source=BHGDALLSQL05\SQL2016SAMMS;Connection Timeout=60;Integrated Security=True;Encrypt=False;Initial Catalog=SAMMS-BessemerV5;,SAMMS-BessemerV5,Select,2018-09-24,NULL,Bessemer,1,0,dbo,FinancialHardshipApplication,pats,tbl_FinancialHardshipApplication,1 = 1,"Order by SiteCode, id",0,V6,TTCA-1-64,NULL
BHG_DR,6,pats,tbl_FinancialHardshipApplication,CST,TTCB,1,64,1,SQL,2,SAMMS,Data Source=BHGDALLSQL05\SQL2016SAMMS;Connection Timeout=60;Integrated Security=True;Encrypt=False;Initial Catalog=SAMMS-CullmanV5;,SAMMS-CullmanV5,Select,2019-02-26,NULL,Cullman,1,0,dbo,FinancialHardshipApplication,pats,tbl_FinancialHardshipApplication,1 = 1,"Order by SiteCode, id",0,V6,TTCB-1-64,NULL
BHG_DR,6,pats,tbl_FinancialHardshipApplication,CST,TTCC,1,64,1,SQL,2,SAMMS,Data Source=BHGDALLSQL05\SQL2016SAMMS;Connection Timeout=60;Integrated Security=True;Encrypt=False;Initial Catalog=SAMMS-GrandBay;,SAMMS-GrandBay,Select,2019-12-31,NULL,Grand Bay,1,1,dbo,FinancialHardshipApplication,pats,tbl_FinancialHardshipApplication,1 = 1,"Order by SiteCode, id",0,V6,TTCC-1-64,NULL
BHG_DR,6,pats,tbl_FinancialHardshipApplication,MST,TU,1,64,1,SQL,2,SAMMS,Data Source=BHGDALLSQL05\SQL2016SAMMS;Connection Timeout=60;Integrated Security=True;Encrypt=False;Initial Catalog=SAMMS-Tucson;,SAMMS-Tucson,Select,NULL,NULL,Tucson,1,1,dbo,FinancialHardshipApplication,pats,tbl_FinancialHardshipApplication,1 = 1,"Order by SiteCode, id",0,V6,TU-1-64,NULL
BHG_DR,6,pats,tbl_FinancialHardshipApplication,EST,V1,1,64,1,SQL,2,SAMMS,Data Source=BHGDALLSQL05\SQL2016SAMMS;Connection Timeout=60;Integrated Security=True;Encrypt=False;Initial Catalog=SAMMS-VCPHCS-I-MemphisV5;,SAMMS-VCPHCS-I-MemphisV5,Select,NULL,NULL,Memphis South,1,0,dbo,FinancialHardshipApplication,pats,tbl_FinancialHardshipApplication,1 = 1,"Order by SiteCode, id",0,V6,V1-1-64,NULL
BHG_DR,6,pats,tbl_FinancialHardshipApplication,MST,V10,1,64,1,SQL,2,SAMMS,Data Source=BHGDALLSQL05\SQL2016SAMMS;Connection Timeout=60;Integrated Security=True;Encrypt=False;Initial Catalog=SAMMS-BoulderV5;,SAMMS-BoulderV5,Select,NULL,NULL,Longmont,1,1,dbo,FinancialHardshipApplication,pats,tbl_FinancialHardshipApplication,1 = 1,"Order by SiteCode, id",0,V6,V10-1-64,NULL
BHG_DR,6,pats,tbl_FinancialHardshipApplication,MST,V10A,1,64,1,SQL,2,SAMMS,Data Source=BHGDALLSQL05\SQL2016SAMMS;Connection Timeout=60;Integrated Security=True;Encrypt=False;Initial Catalog=SAMMS-FortCollinsV5;,SAMMS-FortCollinsV5,Select,NULL,NULL,Fort Collins,1,1,dbo,FinancialHardshipApplication,pats,tbl_FinancialHardshipApplication,1 = 1,"Order by SiteCode, id",0,V6,V10A-1-64,NULL
BHG_DR,6,pats,tbl_FinancialHardshipApplication,MST,V11,1,64,1,SQL,2,SAMMS,Data Source=BHGDALLSQL05\SQL2016SAMMS;Connection Timeout=60;Integrated Security=True;Encrypt=False;Initial Catalog=SAMMS-VCPHCS-XI-NorthDenverV5;,SAMMS-VCPHCS-XI-NorthDenverV5,Select,NULL,NULL,Westminster,1,1,dbo,FinancialHardshipApplication,pats,tbl_FinancialHardshipApplication,1 = 1,"Order by SiteCode, id",0,V6,V11-1-64,NULL
BHG_DR,6,pats,tbl_FinancialHardshipApplication,MST,V12,1,64,1,SQL,2,SAMMS,Data Source=BHGDALLSQL05\SQL2016SAMMS;Connection Timeout=60;Integrated Security=True;Encrypt=False;Initial Catalog=SAMMS-VCPHCS-XII-DowntownDenverV5;,SAMMS-VCPHCS-XII-DowntownDenverV5,Select,NULL,NULL,Downtown Denver,1,1,dbo,FinancialHardshipApplication,pats,tbl_FinancialHardshipApplication,1 = 1,"Order by SiteCode, id",0,V6,V12-1-64,NULL
BHG_DR,6,pats,tbl_FinancialHardshipApplication,MST,V12A,1,64,1,SQL,2,SAMMS,Data Source=BHGDALLSQL05\SQL2016SAMMS;Connection Timeout=60;Integrated Security=True;Encrypt=False;Initial Catalog=SAMMS-CentennialV5;,SAMMS-CentennialV5,Select,NULL,NULL,Centennial,1,1,dbo,FinancialHardshipApplication,pats,tbl_FinancialHardshipApplication,1 = 1,"Order by SiteCode, id",0,V6,V12A-1-64,NULL
BHG_DR,6,pats,tbl_FinancialHardshipApplication,CST,V14,1,64,1,SQL,2,SAMMS,Data Source=BHGDALLSQL05\SQL2016SAMMS;Connection Timeout=60;Integrated Security=True;Encrypt=False;Initial Catalog=SAMMS-VCPHCS-XIV-BridgewayV5;,SAMMS-VCPHCS-XIV-BridgewayV5,Select,NULL,NULL,Overland Park,1,0,dbo,FinancialHardshipApplication,pats,tbl_FinancialHardshipApplication,1 = 1,"Order by SiteCode, id",0,V6,V14-1-64,NULL
BHG_DR,6,pats,tbl_FinancialHardshipApplication,CST,V15,1,64,1,SQL,2,SAMMS,Data Source=BHGDALLSQL05\SQL2016SAMMS;Connection Timeout=60;Integrated Security=True;Encrypt=False;Initial Catalog=SAMMS-JoplinV5;,SAMMS-JoplinV5,Select,NULL,NULL,Joplin,1,0,dbo,FinancialHardshipApplication,pats,tbl_FinancialHardshipApplication,1 = 1,"Order by SiteCode, id",0,V6,V15-1-64,NULL
BHG_DR,6,pats,tbl_FinancialHardshipApplication,EST,V17,1,64,1,SQL,2,SAMMS,Data Source=BHGDALLSQL05\SQL2016SAMMS;Connection Timeout=60;Integrated Security=True;Encrypt=False;Initial Catalog=SAMMS-ColumbiaTNv5;,SAMMS-ColumbiaTNv5,Select,NULL,NULL,Columbia TN,1,0,dbo,FinancialHardshipApplication,pats,tbl_FinancialHardshipApplication,1 = 1,"Order by SiteCode, id",0,V6,V17-1-64,NULL
BHG_DR,6,pats,tbl_FinancialHardshipApplication,EST,V19,1,64,1,SQL,2,SAMMS,Data Source=BHGDALLSQL05\SQL2016SAMMS;Connection Timeout=60;Integrated Security=True;Encrypt=False;Initial Catalog=SAMMS-JacksonV5;,SAMMS-JacksonV5,Select,NULL,NULL,Jackson,1,0,dbo,FinancialHardshipApplication,pats,tbl_FinancialHardshipApplication,1 = 1,"Order by SiteCode, id",0,V6,V19-1-64,NULL
BHG_DR,6,pats,tbl_FinancialHardshipApplication,EST,V20,1,64,1,SQL,2,SAMMS,Data Source=BHGDALLSQL05\SQL2016SAMMS;Connection Timeout=60;Integrated Security=True;Encrypt=False;Initial Catalog=SAMMS-ParisV5;,SAMMS-ParisV5,Select,NULL,NULL,Paris,1,0,dbo,FinancialHardshipApplication,pats,tbl_FinancialHardshipApplication,1 = 1,"Order by SiteCode, id",0,V6,V20-1-64,NULL
BHG_DR,6,pats,tbl_FinancialHardshipApplication,EST,V21,1,64,1,SQL,2,SAMMS,Data Source=BHGDALLSQL05\SQL2016SAMMS;Connection Timeout=60;Integrated Security=True;Encrypt=False;Initial Catalog=SAMMS-RaleighV5;,SAMMS-RaleighV5,Select,NULL,NULL,Memphis North,1,0,dbo,FinancialHardshipApplication,pats,tbl_FinancialHardshipApplication,1 = 1,"Order by SiteCode, id",0,V6,V21-1-64,NULL
BHG_DR,6,pats,tbl_FinancialHardshipApplication,CST,V5,1,64,1,SQL,2,SAMMS,Data Source=BHGDALLSQL05\SQL2016SAMMS;Connection Timeout=60;Integrated Security=True;Encrypt=False;Initial Catalog=SAMMS-NONTCv5;,SAMMS-NONTCv5,Select,NULL,NULL,West Bank,1,1,dbo,FinancialHardshipApplication,pats,tbl_FinancialHardshipApplication,1 = 1,"Order by SiteCode, id",0,V6,V5-1-64,NULL
BHG_DR,6,pats,tbl_FinancialHardshipApplication,CST,V5B,1,64,1,SQL,2,SAMMS,Data Source=BHGDALLSQL05\SQL2016SAMMS;Connection Timeout=60;Integrated Security=True;Encrypt=False;Initial Catalog=SAMMS-HoumaV6;,SAMMS-HoumaV6,Select,NULL,NULL,Houma,1,0,dbo,FinancialHardshipApplication,pats,tbl_FinancialHardshipApplication,1 = 1,"Order by SiteCode, id",0,v6,V5B-1-64,NULL
BHG_DR,6,pats,tbl_FinancialHardshipApplication,CST,V6,1,64,1,SQL,2,SAMMS,Data Source=BHGDALLSQL05\SQL2016SAMMS;Connection Timeout=60;Integrated Security=True;Encrypt=False;Initial Catalog=SAMMS-LCv5;,SAMMS-LCv5,Select,NULL,NULL,Lake Charles,1,1,dbo,FinancialHardshipApplication,pats,tbl_FinancialHardshipApplication,1 = 1,"Order by SiteCode, id",0,V6,V6-1-64,NULL
BHG_DR,6,pats,tbl_FinancialHardshipApplication,EST,V8,1,64,1,SQL,2,SAMMS,Data Source=BHGDALLSQL05\SQL2016SAMMS;Connection Timeout=60;Integrated Security=True;Encrypt=False;Initial Catalog=SAMMS-VCPHCS-VIII-MemphisV5;,SAMMS-VCPHCS-VIII-MemphisV5,Select,NULL,NULL,Memphis Midtown,1,0,dbo,FinancialHardshipApplication,pats,tbl_FinancialHardshipApplication,1 = 1,"Order by SiteCode, id",0,V6,V8-1-64,NULL
BHG_DR,6,pats,tbl_FinancialHardshipApplication,EST,V9,1,64,1,SQL,2,SAMMS,Data Source=BHGDALLSQL05\SQL2016SAMMS;Connection Timeout=60;Integrated Security=True;Encrypt=False;Initial Catalog=SAMMS-NashvilleV5;,SAMMS-NashvilleV5,Select,NULL,NULL,Nashville,1,0,dbo,FinancialHardshipApplication,pats,tbl_FinancialHardshipApplication,1 = 1,"Order by SiteCode, id",0,V6,V9-1-64,NULL
BHG_DR,6,pats,tbl_FinancialHardshipApplication,CST,VBRA,1,64,1,SQL,2,SAMMS,Data Source=BHGDALLSQL05\SQL2016SAMMS;Connection Timeout=60;Integrated Security=True;Encrypt=False;Initial Catalog=SAMMS-BrainerdV6;,SAMMS-BrainerdV6,Select,2021-11-01,NULL,Brainerd,1,1,dbo,FinancialHardshipApplication,pats,tbl_FinancialHardshipApplication,1 = 1,"Order by SiteCode, id",0,V6,VBRA-1-64,NULL
BHG_DR,6,pats,tbl_FinancialHardshipApplication,CST,VBRP,1,64,1,SQL,2,SAMMS,Data Source=BHGDALLSQL05\SQL2016SAMMS;Connection Timeout=60;Integrated Security=True;Encrypt=False;Initial Catalog=SAMMS-BrooklynParkV6;,SAMMS-BrooklynParkV6,Select,2021-11-01,NULL,Brooklyn Park,1,1,dbo,FinancialHardshipApplication,pats,tbl_FinancialHardshipApplication,1 = 1,"Order by SiteCode, id",0,V6,VBRP-1-64,NULL
BHG_DR,6,pats,tbl_FinancialHardshipApplication,CST,VMIN,1,64,1,SQL,2,SAMMS,Data Source=BHGDALLSQL05\SQL2016SAMMS;Connection Timeout=60;Integrated Security=True;Encrypt=False;Initial Catalog=SAMMS-MinneapolisV6;,SAMMS-MinneapolisV6,Select,2021-11-01,NULL,Minneapolis,1,1,dbo,FinancialHardshipApplication,pats,tbl_FinancialHardshipApplication,1 = 1,"Order by SiteCode, id",0,V6,VMIN-1-64,NULL
BHG_DR,6,pats,tbl_FinancialHardshipApplication,CST,VWBY,1,64,1,SQL,2,SAMMS,Data Source=BHGDALLSQL05\SQL2016SAMMS;Connection Timeout=60;Integrated Security=True;Encrypt=False;Initial Catalog=SAMMS-WoodburyV6;,SAMMS-WoodburyV6,Select,2021-11-01,NULL,Woodbury,1,1,dbo,FinancialHardshipApplication,pats,tbl_FinancialHardshipApplication,1 = 1,"Order by SiteCode, id",0,V6,VWBY-1-64,NULL
BHG_DR,6,pats,tbl_FinancialHardshipApplication,EST,WIL,1,64,1,SQL,2,SAMMS,Data Source=BHGDALLSQL05\SQL2016SAMMS;Connection Timeout=60;Integrated Security=True;Encrypt=False;Initial Catalog=SAMMS-Wilson;,SAMMS-Wilson,Select,NULL,NULL,Wilson,1,1,dbo,FinancialHardshipApplication,pats,tbl_FinancialHardshipApplication,1 = 1,"Order by SiteCode, id",0,V6,WIL-1-64,NULL
BHG_DR,7,pats,tbl_3pElig,EST,AHK,1,16,1,SQL,2,SAMMS,Data Source=BHGDALLSQL05\SQL2016SAMMS;Connection Timeout=60;Integrated Security=True;Encrypt=False;Initial Catalog=SAMMS-Ahoskie ;,"SAMMS-Ahoskie ",Select,NULL,NULL,Ahoskie,1,1,dbo,Tbl3pElig,pats,tbl_3pElig,Year(edate) >= Year(@WorkDate),"Order by 1, 2",0,V6,AHK-1-16,NULL
BHG_DR,7,pats,tbl_3pElig,MST,B12B,1,16,1,SQL,2,SAMMS,Data Source=BHGDALLSQL05\SQL2016SAMMS;Connection Timeout=60;Integrated Security=True;Encrypt=False;Initial Catalog=SAMMS-ColoradoSpringsV5;,SAMMS-ColoradoSpringsV5,Select,NULL,NULL,Colorado Springs,1,0,dbo,Tbl3pElig,pats,tbl_3pElig,Year(edate) >= Year(@WorkDate),"Order by 1, 2",0,V6,B12B-1-16,NULL
BHG_DR,7,pats,tbl_3pElig,CST,B24,1,16,1,SQL,2,SAMMS,Data Source=BHGDALLSQL05\SQL2016SAMMS;Connection Timeout=60;Integrated Security=True;Encrypt=False;Initial Catalog=SAMMS-PaintsvilleV5;,SAMMS-PaintsvilleV5,Select,NULL,NULL,Paintsville,1,1,dbo,Tbl3pElig,pats,tbl_3pElig,Year(edate) >= Year(@WorkDate),"Order by 1, 2",0,V6,B24-1-16,NULL
BHG_DR,7,pats,tbl_3pElig,CST,B25,1,16,1,SQL,2,SAMMS,Data Source=BHGDALLSQL05\SQL2016SAMMS;Connection Timeout=60;Integrated Security=True;Encrypt=False;Initial Catalog=SAMMS-PikevilleV5;,SAMMS-PikevilleV5,Select,NULL,NULL,Pikeville,1,1,dbo,Tbl3pElig,pats,tbl_3pElig,Year(edate) >= Year(@WorkDate),"Order by 1, 2",0,V6,B25-1-16,NULL
BHG_DR,7,pats,tbl_3pElig,CST,B26,1,16,1,SQL,2,SAMMS,Data Source=BHGDALLSQL05\SQL2016SAMMS;Connection Timeout=60;Integrated Security=True;Encrypt=False;Initial Catalog=SAMMS-HazardV5;,SAMMS-HazardV5,Select,NULL,NULL,Hazard,1,0,dbo,Tbl3pElig,pats,tbl_3pElig,Year(edate) >= Year(@WorkDate),"Order by 1, 2",0,V6,B26-1-16,NULL
BHG_DR,7,pats,tbl_3pElig,EST,B27,1,16,1,SQL,2,SAMMS,Data Source=BHGDALLSQL05\SQL2016SAMMS;Connection Timeout=60;Integrated Security=True;Encrypt=False;Initial Catalog=SAMMS-SavannahV6;,SAMMS-SavannahV6,Select,2022-09-14,NULL,Savannah,1,1,dbo,Tbl3pElig,pats,tbl_3pElig,Year(edate) >= Year(@WorkDate),"Order by 1, 2",0,V6,B27-1-16,NULL
BHG_DR,7,pats,tbl_3pElig,CST,B28,1,16,1,SQL,2,SAMMS,Data Source=BHGDALLSQL05\SQL2016SAMMS;Connection Timeout=60;Integrated Security=True;Encrypt=False;Initial Catalog=SAMMS-WestPlainesV5;,SAMMS-WestPlainesV5,Select,NULL,NULL,West Plains,1,0,dbo,Tbl3pElig,pats,tbl_3pElig,Year(edate) >= Year(@WorkDate),"Order by 1, 2",0,V6,B28-1-16,NULL
BHG_DR,7,pats,tbl_3pElig,CST,B29,1,16,1,SQL,2,SAMMS,Data Source=BHGDALLSQL05\SQL2016SAMMS;Connection Timeout=60;Integrated Security=True;Encrypt=False;Initial Catalog=SAMMS-PoplarBluffV5;,SAMMS-PoplarBluffV5,Select,NULL,NULL,Poplar Bluff,1,0,dbo,Tbl3pElig,pats,tbl_3pElig,Year(edate) >= Year(@WorkDate),"Order by 1, 2",0,V6,B29-1-16,NULL
BHG_DR,7,pats,tbl_3pElig,CST,B30,1,16,1,SQL,2,SAMMS,Data Source=BHGDALLSQL05\SQL2016SAMMS;Connection Timeout=60;Integrated Security=True;Encrypt=False;Initial Catalog=SAMMS-KCNv5;,SAMMS-KCNv5,Select,2016-02-01,NULL,KC North,1,0,dbo,Tbl3pElig,pats,tbl_3pElig,Year(edate) >= Year(@WorkDate),"Order by 1, 2",0,V6,B30-1-16,NULL
BHG_DR,7,pats,tbl_3pElig,EST,B31,1,16,1,SQL,2,SAMMS,Data Source=BHGDALLSQL05\SQL2016SAMMS;Connection Timeout=60;Integrated Security=True;Encrypt=False;Initial Catalog=SAMMS-DyersburgV5;,SAMMS-DyersburgV5,Select,NULL,NULL,Dyersburg,1,0,dbo,Tbl3pElig,pats,tbl_3pElig,Year(edate) >= Year(@WorkDate),"Order by 1, 2",0,V6,B31-1-16,NULL
BHG_DR,7,pats,tbl_3pElig,CST,B33,1,16,1,SQL,2,SAMMS,Data Source=BHGDALLSQL05\SQL2016SAMMS;Connection Timeout=60;Integrated Security=True;Encrypt=False;Initial Catalog=SAMMS-Paducah;,SAMMS-Paducah,Select,NULL,NULL,Paducah,1,0,dbo,Tbl3pElig,pats,tbl_3pElig,Year(edate) >= Year(@WorkDate),"Order by 1, 2",0,V6,B33-1-16,NULL
BHG_DR,7,pats,tbl_3pElig,CST,B34,1,16,1,SQL,2,SAMMS,Data Source=BHGDALLSQL05\SQL2016SAMMS;Connection Timeout=60;Integrated Security=True;Encrypt=False;Initial Catalog=SAMMS-CorbinV5;,SAMMS-CorbinV5,Select,NULL,NULL,Corbin,1,0,dbo,Tbl3pElig,pats,tbl_3pElig,Year(edate) >= Year(@WorkDate),"Order by 1, 2",0,V6,B34-1-16,NULL
BHG_DR,7,pats,tbl_3pElig,CST,B35,1,16,1,SQL,2,SAMMS,Data Source=BHGDALLSQL05\SQL2016SAMMS;Connection Timeout=60;Integrated Security=True;Encrypt=False;Initial Catalog=SAMMS-LexingtonV5;,SAMMS-LexingtonV5,Select,NULL,NULL,Lexington,1,1,dbo,Tbl3pElig,pats,tbl_3pElig,Year(edate) >= Year(@WorkDate),"Order by 1, 2",0,V6,B35-1-16,NULL
BHG_DR,7,pats,tbl_3pElig,CST,B35A,1,16,1,SQL,2,SAMMS,Data Source=BHGDALLSQL05\SQL2016SAMMS;Connection Timeout=60;Integrated Security=True;Encrypt=False;Initial Catalog=SAMMS-BereaV5;,SAMMS-BereaV5,Select,2018-06-01,NULL,Berea,1,0,dbo,Tbl3pElig,pats,tbl_3pElig,Year(edate) >= Year(@WorkDate),"Order by 1, 2",0,V6,B35A-1-16,NULL
BHG_DR,7,pats,tbl_3pElig,EST,B36,1,16,1,SQL,2,SAMMS,Data Source=BHGDALLSQL05\SQL2016SAMMS;Connection Timeout=60;Integrated Security=True;Encrypt=False;Initial Catalog=SAMMS-AshevilleV5;,SAMMS-AshevilleV5,Select,2015-09-07,NULL,Asheville,1,0,dbo,Tbl3pElig,pats,tbl_3pElig,Year(edate) >= Year(@WorkDate),"Order by 1, 2",0,V6,B36-1-16,NULL
BHG_DR,7,pats,tbl_3pElig,EST,B37,1,16,1,SQL,2,SAMMS,Data Source=BHGDALLSQL05\SQL2016SAMMS;Connection Timeout=60;Integrated Security=True;Encrypt=False;Initial Catalog=SAMMS-ClydeV5;,SAMMS-ClydeV5,Select,2015-09-07,NULL,Clyde,1,0,dbo,Tbl3pElig,pats,tbl_3pElig,Year(edate) >= Year(@WorkDate),"Order by 1, 2",0,V6,B37-1-16,NULL
BHG_DR,7,pats,tbl_3pElig,EST,B38,1,16,1,SQL,2,SAMMS,Data Source=BHGDALLSQL05\SQL2016SAMMS;Connection Timeout=60;Integrated Security=True;Encrypt=False;Initial Catalog=SAMMS-SpartanburgV5;,SAMMS-SpartanburgV5,Select,2016-07-25,NULL,Spartanburg,1,0,dbo,Tbl3pElig,pats,tbl_3pElig,Year(edate) >= Year(@WorkDate),"Order by 1, 2",0,V6,B38-1-16,NULL
BHG_DR,7,pats,tbl_3pElig,EST,B39,1,16,1,SQL,2,SAMMS,Data Source=BHGDALLSQL05\SQL2016SAMMS;Connection Timeout=60;Integrated Security=True;Encrypt=False;Initial Catalog=SAMMS-AikenV5;,SAMMS-AikenV5,Select,2016-07-25,NULL,Aiken,1,0,dbo,Tbl3pElig,pats,tbl_3pElig,Year(edate) >= Year(@WorkDate),"Order by 1, 2",0,V6,B39-1-16,NULL
BHG_DR,7,pats,tbl_3pElig,EST,B41,1,16,1,SQL,2,SAMMS,Data Source=BHGDALLSQL05\SQL2016SAMMS;Connection Timeout=60;Integrated Security=True;Encrypt=False;Initial Catalog=SAMMS-ChesapeakeV5;,SAMMS-ChesapeakeV5,Select,2016-10-24,NULL,Chesapeake,1,0,dbo,Tbl3pElig,pats,tbl_3pElig,Year(edate) >= Year(@WorkDate),"Order by 1, 2",0,V6,B41-1-16,NULL
BHG_DR,7,pats,tbl_3pElig,EST,B42,1,16,1,SQL,2,SAMMS,Data Source=BHGDALLSQL05\SQL2016SAMMS;Connection Timeout=60;Integrated Security=True;Encrypt=False;Initial Catalog=SAMMS-VirginiaBeachV5;,SAMMS-VirginiaBeachV5,Select,2016-10-24,NULL,Virginia Beach,1,0,dbo,Tbl3pElig,pats,tbl_3pElig,Year(edate) >= Year(@WorkDate),"Order by 1, 2",0,V6,B42-1-16,NULL
BHG_DR,7,pats,tbl_3pElig,EST,B42A,1,16,1,SQL,2,SAMMS,Data Source=BHGDALLSQL05\SQL2016SAMMS;Connection Timeout=60;Integrated Security=True;Encrypt=False;Initial Catalog=SAMMS-NewportNewsV5;,SAMMS-NewportNewsV5,Select,2018-12-06,NULL,Newport News,1,0,dbo,Tbl3pElig,pats,tbl_3pElig,Year(edate) >= Year(@WorkDate),"Order by 1, 2",0,V6,B42A-1-16,NULL
BHG_DR,7,pats,tbl_3pElig,EST,B42B,1,16,1,SQL,2,SAMMS,Data Source=BHGDALLSQL05\SQL2016SAMMS;Connection Timeout=60;Integrated Security=True;Encrypt=False;Initial Catalog=SAMMS-FranklinV5;,SAMMS-FranklinV5,Select,2018-12-19,NULL,Franklin,1,0,dbo,Tbl3pElig,pats,tbl_3pElig,Year(edate) >= Year(@WorkDate),"Order by 1, 2",0,V6,B42B-1-16,NULL
BHG_DR,7,pats,tbl_3pElig,EST,B42C,1,16,1,SQL,2,SAMMS,Data Source=BHGDALLSQL05\SQL2016SAMMS;Connection Timeout=60;Integrated Security=True;Encrypt=False;Initial Catalog=SAMMS-GlenAllenV5;,SAMMS-GlenAllenV5,Select,2019-07-17,NULL,Glen Allen,1,0,dbo,Tbl3pElig,pats,tbl_3pElig,Year(edate) >= Year(@WorkDate),"Order by 1, 2",0,V6,B42C-1-16,NULL
BHG_DR,7,pats,tbl_3pElig,EST,B42D,1,16,1,SQL,2,SAMMS,Data Source=BHGDALLSQL05\SQL2016SAMMS;Connection Timeout=60;Integrated Security=True;Encrypt=False;Initial Catalog=SAMMS-ChesapeakeSouthV5;,SAMMS-ChesapeakeSouthV5,Select,2019-06-11,NULL,Chesapeake South,1,0,dbo,Tbl3pElig,pats,tbl_3pElig,Year(edate) >= Year(@WorkDate),"Order by 1, 2",0,V6,B42D-1-16,NULL
BHG_DR,7,pats,tbl_3pElig,EST,B44,1,16,1,SQL,2,SAMMS,Data Source=BHGDALLSQL05\SQL2016SAMMS;Connection Timeout=60;Integrated Security=True;Encrypt=False;Initial Catalog=SAMMS-AlbanyV5;,SAMMS-AlbanyV5,Select,2017-06-19,NULL,Albany,1,0,dbo,Tbl3pElig,pats,tbl_3pElig,Year(edate) >= Year(@WorkDate),"Order by 1, 2",0,V6,B44-1-16,NULL
BHG_DR,7,pats,tbl_3pElig,EST,B45,1,16,1,SQL,2,SAMMS,Data Source=BHGDALLSQL05\SQL2016SAMMS;Connection Timeout=60;Integrated Security=True;Encrypt=False;Initial Catalog=SAMMS-TiftonV5;,SAMMS-TiftonV5,Select,2017-06-19,NULL,Tifton,1,0,dbo,Tbl3pElig,pats,tbl_3pElig,Year(edate) >= Year(@WorkDate),"Order by 1, 2",0,V6,B45-1-16,NULL
BHG_DR,7,pats,tbl_3pElig,CST,B46,1,16,1,SQL,2,SAMMS,Data Source=BHGDALLSQL05\SQL2016SAMMS;Connection Timeout=60;Integrated Security=True;Encrypt=False;Initial Catalog=SAMMS-WashingtonDCv5;,SAMMS-WashingtonDCv5,Select,2019-03-20,NULL,Washington DC,1,0,dbo,Tbl3pElig,pats,tbl_3pElig,Year(edate) >= Year(@WorkDate),"Order by 1, 2",0,V6,B46-1-16,NULL
BHG_DR,7,pats,tbl_3pElig,CST,B47,1,16,1,SQL,2,SAMMS,Data Source=BHGDALLSQL05\SQL2016SAMMS;Connection Timeout=60;Integrated Security=True;Encrypt=False;Initial Catalog=SAMMS-MobileV5;,SAMMS-MobileV5,Select,2019-09-10,NULL,Mobile,1,0,dbo,Tbl3pElig,pats,tbl_3pElig,Year(edate) >= Year(@WorkDate),"Order by 1, 2",0,V6,B47-1-16,NULL
BHG_DR,7,pats,tbl_3pElig,CST,B48,1,16,1,SQL,2,SAMMS,Data Source=BHGDALLSQL05\SQL2016SAMMS;Connection Timeout=60;Integrated Security=True;Encrypt=False;Initial Catalog=SAMMS-TuscaloosaV5;,SAMMS-TuscaloosaV5,Select,2017-11-19,NULL,Tuscaloosa,1,0,dbo,Tbl3pElig,pats,tbl_3pElig,Year(edate) >= Year(@WorkDate),"Order by 1, 2",0,V6,B48-1-16,NULL
BHG_DR,7,pats,tbl_3pElig,CST,B51,1,16,1,SQL,2,SAMMS,Data Source=BHGDALLSQL05\SQL2016SAMMS;Connection Timeout=60;Integrated Security=True;Encrypt=False;Initial Catalog=SAMMS-NorthLittleRockV6;,SAMMS-NorthLittleRockV6,Select,2019-11-15,NULL,N. Little Rock (OTP),1,0,dbo,Tbl3pElig,pats,tbl_3pElig,Year(edate) >= Year(@WorkDate),"Order by 1, 2",0,V6,B51-1-16,NULL
BHG_DR,7,pats,tbl_3pElig,EST,B52,1,16,1,SQL,2,SAMMS,Data Source=BHGDALLSQL05\SQL2016SAMMS;Connection Timeout=60;Integrated Security=True;Encrypt=False;Initial Catalog=SAMMS-JacksonGAV5;,SAMMS-JacksonGAV5,Select,2018-06-01,NULL,Jackson GA,1,0,dbo,Tbl3pElig,pats,tbl_3pElig,Year(edate) >= Year(@WorkDate),"Order by 1, 2",0,V6,B52-1-16,NULL
BHG_DR,7,pats,tbl_3pElig,CST,B54,1,16,1,SQL,2,SAMMS,Data Source=BHGDALLSQL05\SQL2016SAMMS;Connection Timeout=60;Integrated Security=True;Encrypt=False;Initial Catalog=SAMMS-GadsdenV5;,SAMMS-GadsdenV5,Select,2018-06-01,NULL,Gadsden,1,0,dbo,Tbl3pElig,pats,tbl_3pElig,Year(edate) >= Year(@WorkDate),"Order by 1, 2",0,V6,B54-1-16,NULL
BHG_DR,7,pats,tbl_3pElig,CST,B55,1,16,1,SQL,2,SAMMS,Data Source=BHGDALLSQL05\SQL2016SAMMS;Connection Timeout=60;Integrated Security=True;Encrypt=False;Initial Catalog=SAMMS-ShoalsV5;,SAMMS-ShoalsV5,Select,2018-04-22,NULL,Shoals,1,0,dbo,Tbl3pElig,pats,tbl_3pElig,Year(edate) >= Year(@WorkDate),"Order by 1, 2",0,V6,B55-1-16,NULL
BHG_DR,7,pats,tbl_3pElig,EST,B57,1,16,1,SQL,2,SAMMS,Data Source=BHGDALLSQL05\SQL2016SAMMS;Connection Timeout=60;Integrated Security=True;Encrypt=False;Initial Catalog=SAMMS-Pawtucket;,SAMMS-Pawtucket,Select,2020-09-04,NULL,Pawtucket,1,1,dbo,Tbl3pElig,pats,tbl_3pElig,Year(edate) >= Year(@WorkDate),"Order by 1, 2",0,V6,B57-1-16,NULL
BHG_DR,7,pats,tbl_3pElig,EST,B57A,1,16,1,SQL,2,SAMMS,Data Source=BHGDALLSQL05\SQL2016SAMMS;Connection Timeout=60;Integrated Security=True;Encrypt=False;Initial Catalog=SAMMS-Johnston;,SAMMS-Johnston,Select,2021-10-04,NULL,Johnston,1,1,dbo,Tbl3pElig,pats,tbl_3pElig,Year(edate) >= Year(@WorkDate),"Order by 1, 2",0,V6,B57A-1-16,NULL
BHG_DR,7,pats,tbl_3pElig,EST,B57B,1,16,1,SQL,2,SAMMS,Data Source=BHGDALLSQL05\SQL2016SAMMS;Connection Timeout=60;Integrated Security=True;Encrypt=False;Initial Catalog=SAMMS-Middletown;,SAMMS-Middletown,Select,2021-10-04,NULL,Middletown,1,1,dbo,Tbl3pElig,pats,tbl_3pElig,Year(edate) >= Year(@WorkDate),"Order by 1, 2",0,V6,B57B-1-16,NULL
BHG_DR,7,pats,tbl_3pElig,EST,B57C,1,16,1,SQL,2,SAMMS,Data Source=BHGDALLSQL05\SQL2016SAMMS;Connection Timeout=60;Integrated Security=True;Encrypt=False;Initial Catalog=SAMMS-Providence;,SAMMS-Providence,Select,2021-10-04,NULL,Providence,1,1,dbo,Tbl3pElig,pats,tbl_3pElig,Year(edate) >= Year(@WorkDate),"Order by 1, 2",0,V6,B57C-1-16,NULL
BHG_DR,7,pats,tbl_3pElig,EST,B57D,1,16,1,SQL,2,SAMMS,Data Source=BHGDALLSQL05\SQL2016SAMMS;Connection Timeout=60;Integrated Security=True;Encrypt=False;Initial Catalog=SAMMS-Westerly;,SAMMS-Westerly,Select,2021-10-04,NULL,Westerly,1,1,dbo,Tbl3pElig,pats,tbl_3pElig,Year(edate) >= Year(@WorkDate),"Order by 1, 2",0,V6,B57D-1-16,NULL
BHG_DR,7,pats,tbl_3pElig,EST,B66A,1,16,1,SQL,2,SAMMS,Data Source=BHGDALLSQL05\SQL2016SAMMS;Connection Timeout=60;Integrated Security=True;Encrypt=False;Initial Catalog=SAMMS-Bremen;,SAMMS-Bremen,Select,NULL,NULL,Bremen,1,1,dbo,Tbl3pElig,pats,tbl_3pElig,Year(edate) >= Year(@WorkDate),"Order by 1, 2",0,V6,B66A-1-16,NULL
BHG_DR,7,pats,tbl_3pElig,CST,B72,1,16,1,SQL,2,SAMMS,Data Source=BHGDALLSQL05\SQL2016SAMMS;Connection Timeout=60;Integrated Security=True;Encrypt=False;Initial Catalog=SAMMS-Mobile-OBOT;,SAMMS-Mobile-OBOT,Select,NULL,NULL,Mobile (OBOT),1,1,dbo,Tbl3pElig,pats,tbl_3pElig,Year(edate) >= Year(@WorkDate),"Order by 1, 2",0,V6,B72-1-16,NULL
BHG_DR,7,pats,tbl_3pElig,CST,B73,1,16,1,SQL,2,SAMMS,Data Source=BHGDALLSQL05\SQL2016SAMMS;Connection Timeout=60;Integrated Security=True;Encrypt=False;Initial Catalog=SAMMS-Montgomery;,SAMMS-Montgomery,Select,NULL,NULL,Montgomery,1,1,dbo,Tbl3pElig,pats,tbl_3pElig,Year(edate) >= Year(@WorkDate),"Order by 1, 2",0,V6,B73-1-16,NULL
BHG_DR,7,pats,tbl_3pElig,CST,B75,1,16,1,SQL,2,SAMMS,Data Source=BHGDALLSQL05\SQL2016SAMMS;Connection Timeout=60;Integrated Security=True;Encrypt=False;Initial Catalog=SAMMS-LawrenceV6;,SAMMS-LawrenceV6,Select,2021-11-09,NULL,Lawrence,1,0,dbo,Tbl3pElig,pats,tbl_3pElig,Year(edate) >= Year(@WorkDate),"Order by 1, 2",0,V6,B75-1-16,NULL
BHG_DR,7,pats,tbl_3pElig,CST,B76,1,16,1,SQL,2,SAMMS,Data Source=BHGDALLSQL05\SQL2016SAMMS;Connection Timeout=60;Integrated Security=True;Encrypt=False;Initial Catalog=SAMMS-Huntsville-OBOT;,SAMMS-Huntsville-OBOT,Select,NULL,NULL,Huntsville OBOT,1,0,dbo,Tbl3pElig,pats,tbl_3pElig,Year(edate) >= Year(@WorkDate),"Order by 1, 2",0,V6,B76-1-16,NULL
BHG_DR,7,pats,tbl_3pElig,CST,BAT,1,16,1,SQL,2,SAMMS,Data Source=BHGDALLSQL05\SQL2016SAMMS;Connection Timeout=60;Integrated Security=True;Encrypt=False;Initial Catalog=SAMMS-Batesville;,SAMMS-Batesville,Select,NULL,NULL,Batesville,1,1,dbo,Tbl3pElig,pats,tbl_3pElig,Year(edate) >= Year(@WorkDate),"Order by 1, 2",0,V6,BAT-1-16,NULL
BHG_DR,7,pats,tbl_3pElig,CST,BG,1,16,1,SQL,2,SAMMS,Data Source=BHGDALLSQL05\SQL2016SAMMS;Connection Timeout=60;Integrated Security=True;Encrypt=False;Initial Catalog=SAMMS-BowlingGreen;,SAMMS-BowlingGreen,Select,NULL,NULL,Bowling Green,1,1,dbo,Tbl3pElig,pats,tbl_3pElig,Year(edate) >= Year(@WorkDate),"Order by 1, 2",0,V6,BG-1-16,NULL
BHG_DR,7,pats,tbl_3pElig,MST,BOI,1,16,1,SQL,2,SAMMS,Data Source=BHGDALLSQL05\SQL2016SAMMS;Connection Timeout=60;Integrated Security=True;Encrypt=False;Initial Catalog=SAMMS-Boise;,SAMMS-Boise,Select,NULL,NULL,Boise,1,1,dbo,Tbl3pElig,pats,tbl_3pElig,Year(edate) >= Year(@WorkDate),"Order by 1, 2",0,V6,BOI-1-16,NULL
BHG_DR,7,pats,tbl_3pElig,MST,CBCO,1,16,1,SQL,2,SAMMS,Data Source=BHGDALLSQL05\SQL2016SAMMS;Connection Timeout=60;Integrated Security=True;Encrypt=False;Initial Catalog=SAMMS-CoeurdAleneV6;,SAMMS-CoeurdAleneV6,Select,NULL,NULL,Coeur d'Alene,1,1,dbo,Tbl3pElig,pats,tbl_3pElig,Year(edate) >= Year(@WorkDate),"Order by 1, 2",0,V6,CBCO-1-16,NULL
BHG_DR,7,pats,tbl_3pElig,CST,CON,1,16,1,SQL,2,SAMMS,Data Source=BHGDALLSQL05\SQL2016SAMMS;Connection Timeout=60;Integrated Security=True;Encrypt=False;Initial Catalog=SAMMS-Conway;,SAMMS-Conway,Select,NULL,NULL,Conway,1,1,dbo,Tbl3pElig,pats,tbl_3pElig,Year(edate) >= Year(@WorkDate),"Order by 1, 2",0,V6,CON-1-16,NULL
BHG_DR,7,pats,tbl_3pElig,EST,D07,1,16,1,SQL,2,SAMMS,Data Source=BHGDALLSQL05\SQL2016SAMMS;Connection Timeout=60;Integrated Security=True;Encrypt=False;Initial Catalog=SAMMS-KnoxvilleV6;,SAMMS-KnoxvilleV6,Select,NULL,NULL,Medical Services Knox TN,1,1,dbo,Tbl3pElig,pats,tbl_3pElig,Year(edate) >= Year(@WorkDate),"Order by 1, 2",0,V6,D07-1-16,NULL
BHG_DR,7,pats,tbl_3pElig,EST,D08,1,16,1,SQL,2,SAMMS,Data Source=BHGDALLSQL05\SQL2016SAMMS;Connection Timeout=60;Integrated Security=True;Encrypt=False;Initial Catalog=SAMMS-MadisonV6;,SAMMS-MadisonV6,Select,NULL,NULL,Madison,1,1,dbo,Tbl3pElig,pats,tbl_3pElig,Year(edate) >= Year(@WorkDate),"Order by 1, 2",0,V6,D08-1-16,NULL
BHG_DR,7,pats,tbl_3pElig,EST,D09,1,16,1,SQL,2,SAMMS,Data Source=BHGDALLSQL05\SQL2016SAMMS;Connection Timeout=60;Integrated Security=True;Encrypt=False;Initial Catalog=SAMMS-MurfreesboroV6;,SAMMS-MurfreesboroV6,Select,NULL,NULL,Murfreesboro,1,1,dbo,Tbl3pElig,pats,tbl_3pElig,Year(edate) >= Year(@WorkDate),"Order by 1, 2",0,V6,D09-1-16,NULL
BHG_DR,7,pats,tbl_3pElig,CST,DA,1,16,1,SQL,2,SAMMS,Data Source=BHGDALLSQL05\SQL2016SAMMS;Connection Timeout=60;Integrated Security=True;Encrypt=False;Initial Catalog=SAMMS-Davenport;,SAMMS-Davenport,Select,NULL,NULL,Davenport,1,1,dbo,Tbl3pElig,pats,tbl_3pElig,Year(edate) >= Year(@WorkDate),"Order by 1, 2",0,V6,DA-1-16,NULL
BHG_DR,7,pats,tbl_3pElig,CST,DM,1,16,1,SQL,2,SAMMS,Data Source=BHGDALLSQL05\SQL2016SAMMS;Connection Timeout=60;Integrated Security=True;Encrypt=False;Initial Catalog=SAMMS-DesMoines;,SAMMS-DesMoines,Select,NULL,NULL,Des Moines,1,1,dbo,Tbl3pElig,pats,tbl_3pElig,Year(edate) >= Year(@WorkDate),"Order by 1, 2",0,V6,DM-1-16,NULL
BHG_DR,7,pats,tbl_3pElig,CST,DRD-CO,1,16,1,SQL,2,SAMMS,Data Source=BHGDALLSQL05\SQL2016SAMMS;Connection Timeout=60;Integrated Security=True;Encrypt=False;Initial Catalog=SAMMS-ColumbiaV5;,SAMMS-ColumbiaV5,Select,NULL,NULL,Columbia MO,1,0,dbo,Tbl3pElig,pats,tbl_3pElig,Year(edate) >= Year(@WorkDate),"Order by 1, 2",0,V6,DRD-CO-1-16,NULL
BHG_DR,7,pats,tbl_3pElig,CST,DRD-KC,1,16,1,SQL,2,SAMMS,Data Source=BHGDALLSQL05\SQL2016SAMMS;Connection Timeout=60;Integrated Security=True;Encrypt=False;Initial Catalog=SAMMS-KCv5;,SAMMS-KCv5,Select,NULL,NULL,KC,1,0,dbo,Tbl3pElig,pats,tbl_3pElig,Year(edate) >= Year(@WorkDate),"Order by 1, 2",0,V6,DRD-KC-1-16,NULL
BHG_DR,7,pats,tbl_3pElig,EST,DRD-KVB,1,16,1,SQL,2,SAMMS,Data Source=BHGDALLSQL05\SQL2016SAMMS;Connection Timeout=60;Integrated Security=True;Encrypt=False;Initial Catalog=SAMMS-KVBv5;,SAMMS-KVBv5,Select,NULL,NULL,KVB,1,0,dbo,Tbl3pElig,pats,tbl_3pElig,Year(edate) >= Year(@WorkDate),"Order by 1, 2",0,V6,DRD-KVB-1-16,NULL
BHG_DR,7,pats,tbl_3pElig,EST,DRD-KVC,1,16,1,SQL,2,SAMMS,Data Source=BHGDALLSQL05\SQL2016SAMMS;Connection Timeout=60;Integrated Security=True;Encrypt=False;Initial Catalog=SAMMS-KVCv5;,SAMMS-KVCv5,Select,NULL,NULL,KVC,1,0,dbo,Tbl3pElig,pats,tbl_3pElig,Year(edate) >= Year(@WorkDate),"Order by 1, 2",0,V6,DRD-KVC-1-16,NULL
BHG_DR,7,pats,tbl_3pElig,CST,DRD-NOLA,1,16,1,SQL,2,SAMMS,Data Source=BHGDALLSQL05\SQL2016SAMMS;Connection Timeout=60;Integrated Security=True;Encrypt=False;Initial Catalog=SAMMS-NOLAv5;,SAMMS-NOLAv5,Select,1985-01-01,NULL,NOLA,1,1,dbo,Tbl3pElig,pats,tbl_3pElig,Year(edate) >= Year(@WorkDate),"Order by 1, 2",0,V6,DRD-NOLA-1-16,NULL
BHG_DR,7,pats,tbl_3pElig,CST,DRD-SF,1,16,1,SQL,2,SAMMS,Data Source=BHGDALLSQL05\SQL2016SAMMS;Connection Timeout=60;Integrated Security=True;Encrypt=False;Initial Catalog=SAMMS-SFv5;,SAMMS-SFv5,Select,NULL,NULL,Springfield,1,0,dbo,Tbl3pElig,pats,tbl_3pElig,Year(edate) >= Year(@WorkDate),"Order by 1, 2",0,V6,DRD-SF-1-16,NULL
BHG_DR,7,pats,tbl_3pElig,EST,ELC,1,16,1,SQL,2,SAMMS,Data Source=BHGDALLSQL05\SQL2016SAMMS;Connection Timeout=60;Integrated Security=True;Encrypt=False;Initial Catalog=SAMMS-ElizabethCity ;,"SAMMS-ElizabethCity ",Select,NULL,NULL,Elizabeth City,1,1,dbo,Tbl3pElig,pats,tbl_3pElig,Year(edate) >= Year(@WorkDate),"Order by 1, 2",0,V6,ELC-1-16,NULL
BHG_DR,7,pats,tbl_3pElig,CST,ET,1,16,1,SQL,2,SAMMS,Data Source=BHGDALLSQL05\SQL2016SAMMS;Connection Timeout=60;Integrated Security=True;Encrypt=False;Initial Catalog=SAMMS-Elizabethtown;,SAMMS-Elizabethtown,Select,NULL,NULL,Elizabethtown,1,1,dbo,Tbl3pElig,pats,tbl_3pElig,Year(edate) >= Year(@WorkDate),"Order by 1, 2",0,V6,ET-1-16,NULL
BHG_DR,7,pats,tbl_3pElig,CST,FAY,1,16,1,SQL,2,SAMMS,Data Source=BHGDALLSQL05\SQL2016SAMMS;Connection Timeout=60;Integrated Security=True;Encrypt=False;Initial Catalog=SAMMS-Fayetteville;,SAMMS-Fayetteville,Select,2019-08-15,NULL,Fayetteville,1,1,dbo,Tbl3pElig,pats,tbl_3pElig,Year(edate) >= Year(@WorkDate),"Order by 1, 2",0,V6,FAY-1-16,NULL
BHG_DR,7,pats,tbl_3pElig,CST,FR,1,16,1,SQL,2,SAMMS,Data Source=BHGDALLSQL05\SQL2016SAMMS;Connection Timeout=60;Integrated Security=True;Encrypt=False;Initial Catalog=SAMMS-Frankfort;,SAMMS-Frankfort,Select,NULL,NULL,Frankfort,1,1,dbo,Tbl3pElig,pats,tbl_3pElig,Year(edate) >= Year(@WorkDate),"Order by 1, 2",0,V6,FR-1-16,NULL
BHG_DR,7,pats,tbl_3pElig,CST,FS,1,16,1,SQL,2,SAMMS,Data Source=BHGDALLSQL05\SQL2016SAMMS;Connection Timeout=60;Integrated Security=True;Encrypt=False;Initial Catalog=SAMMS-FortSmith;,SAMMS-FortSmith,Select,2019-08-15,NULL,Fort Smith,1,1,dbo,Tbl3pElig,pats,tbl_3pElig,Year(edate) >= Year(@WorkDate),"Order by 1, 2",0,V6,FS-1-16,NULL
BHG_DR,7,pats,tbl_3pElig,EST,FW,1,16,1,SQL,2,SAMMS,Data Source=BHGDALLSQL05\SQL2016SAMMS;Connection Timeout=60;Integrated Security=True;Encrypt=False;Initial Catalog=SAMMS-FortWayne;,SAMMS-FortWayne,Select,NULL,NULL,Fort Wayne,1,1,dbo,Tbl3pElig,pats,tbl_3pElig,Year(edate) >= Year(@WorkDate),"Order by 1, 2",0,V6,FW-1-16,NULL
BHG_DR,7,pats,tbl_3pElig,EST,GAL,1,16,1,SQL,2,SAMMS,Data Source=BHGDALLSQL05\SQL2016SAMMS;Connection Timeout=60;Integrated Security=True;Encrypt=False;Initial Catalog=SAMMS-Gaylord ;,"SAMMS-Gaylord ",Select,NULL,NULL,Gaylord,1,1,dbo,Tbl3pElig,pats,tbl_3pElig,Year(edate) >= Year(@WorkDate),"Order by 1, 2",0,V6,GAL-1-16,NULL
BHG_DR,7,pats,tbl_3pElig,EST,GRC,1,16,1,SQL,2,SAMMS,Data Source=BHGDALLSQL05\SQL2016SAMMS;Connection Timeout=60;Integrated Security=True;Encrypt=False;Initial Catalog=SAMMS-GreenfieldV5;,SAMMS-GreenfieldV5,Select,2018-12-05,NULL,Greenfield,0,0,dbo,Tbl3pElig,pats,tbl_3pElig,Year(edate) >= Year(@WorkDate),"Order by 1, 2",0,V6,GRC-1-16,NULL
BHG_DR,7,pats,tbl_3pElig,EST,HGT,1,16,1,SQL,2,SAMMS,Data Source=BHGDALLSQL05\SQL2016SAMMS;Connection Timeout=60;Integrated Security=True;Encrypt=False;Initial Catalog=SAMMS-Hagerstown;,SAMMS-Hagerstown,Select,NULL,NULL,Hagerstown,1,0,dbo,Tbl3pElig,pats,tbl_3pElig,Year(edate) >= Year(@WorkDate),"Order by 1, 2",0,V6,HGT-1-16,NULL
BHG_DR,7,pats,tbl_3pElig,CST,HNT,1,16,1,SQL,2,SAMMS,Data Source=BHGDALLSQL05\SQL2016SAMMS;Connection Timeout=60;Integrated Security=True;Encrypt=False;Initial Catalog=SAMMS-Huntsville;,SAMMS-Huntsville,Select,NULL,NULL,Huntsville,1,1,dbo,Tbl3pElig,pats,tbl_3pElig,Year(edate) >= Year(@WorkDate),"Order by 1, 2",0,V6,HNT-1-16,NULL
BHG_DR,7,pats,tbl_3pElig,CST,HS,1,16,1,SQL,2,SAMMS,Data Source=BHGDALLSQL05\SQL2016SAMMS;Connection Timeout=60;Integrated Security=True;Encrypt=False;Initial Catalog=SAMMS-HotSprings;,SAMMS-HotSprings,Select,2019-08-15,NULL,Hot Springs,1,1,dbo,Tbl3pElig,pats,tbl_3pElig,Year(edate) >= Year(@WorkDate),"Order by 1, 2",0,V6,HS-1-16,NULL
BHG_DR,7,pats,tbl_3pElig,CST,JON,1,16,1,SQL,2,SAMMS,Data Source=BHGDALLSQL05\SQL2016SAMMS;Connection Timeout=60;Integrated Security=True;Encrypt=False;Initial Catalog=SAMMS-Jonesboro;,SAMMS-Jonesboro,Select,NULL,NULL,Jonesboro,1,1,dbo,Tbl3pElig,pats,tbl_3pElig,Year(edate) >= Year(@WorkDate),"Order by 1, 2",0,V6,JON-1-16,NULL
BHG_DR,7,pats,tbl_3pElig,EST,Lab,1,16,1,SQL,2,SAMMS,Data Source=BHGDALLSQL05\SQL2016SAMMS;Connection Timeout=60;Integrated Security=True;Encrypt=False;Initial Catalog=SAMMS-LabV5-V2;,SAMMS-LabV5-V2,Select,NULL,NULL,Reference Lab,1,0,dbo,Tbl3pElig,pats,tbl_3pElig,Year(edate) >= Year(@WorkDate),"Order by 1, 2",0,V6,Lab-1-16,NULL
BHG_DR,7,pats,tbl_3pElig,EST,LAN,1,16,1,SQL,2,SAMMS,Data Source=BHGDALLSQL05\SQL2016SAMMS;Connection Timeout=60;Integrated Security=True;Encrypt=False;Initial Catalog=SAMMS-Lansing ;,"SAMMS-Lansing ",Select,NULL,NULL,Lansing,1,1,dbo,Tbl3pElig,pats,tbl_3pElig,Year(edate) >= Year(@WorkDate),"Order by 1, 2",0,V6,LAN-1-16,NULL
BHG_DR,7,pats,tbl_3pElig,CST,LO,1,16,1,SQL,2,SAMMS,Data Source=BHGDALLSQL05\SQL2016SAMMS;Connection Timeout=60;Integrated Security=True;Encrypt=False;Initial Catalog=SAMMS-Louisville;,SAMMS-Louisville,Select,NULL,NULL,Louisville,1,1,dbo,Tbl3pElig,pats,tbl_3pElig,Year(edate) >= Year(@WorkDate),"Order by 1, 2",0,V6,LO-1-16,NULL
BHG_DR,7,pats,tbl_3pElig,PST,LV1,1,16,1,SQL,2,SAMMS,Data Source=BHGDALLSQL05\SQL2016SAMMS;Connection Timeout=60;Integrated Security=True;Encrypt=False;Initial Catalog=SAMMS-Cheyenne;,SAMMS-Cheyenne,Select,NULL,NULL,Cheyenne,1,1,dbo,Tbl3pElig,pats,tbl_3pElig,Year(edate) >= Year(@WorkDate),"Order by 1, 2",0,V6,LV1-1-16,NULL
BHG_DR,7,pats,tbl_3pElig,PST,LV2,1,16,1,SQL,2,SAMMS,Data Source=BHGDALLSQL05\SQL2016SAMMS;Connection Timeout=60;Integrated Security=True;Encrypt=False;Initial Catalog=SAMMS-DesertInn;,SAMMS-DesertInn,Select,NULL,NULL,Desert Inn,1,1,dbo,Tbl3pElig,pats,tbl_3pElig,Year(edate) >= Year(@WorkDate),"Order by 1, 2",0,V6,LV2-1-16,NULL
BHG_DR,7,pats,tbl_3pElig,PST,LV3,1,16,1,SQL,2,SAMMS,Data Source=BHGDALLSQL05\SQL2016SAMMS;Connection Timeout=60;Integrated Security=True;Encrypt=False;Initial Catalog=SAMMS-McDaniel;,SAMMS-McDaniel,Select,NULL,NULL,McDaniel,1,1,dbo,Tbl3pElig,pats,tbl_3pElig,Year(edate) >= Year(@WorkDate),"Order by 1, 2",0,V6,LV3-1-16,NULL
BHG_DR,7,pats,tbl_3pElig,CST,MNRE,1,16,1,SQL,2,SAMMS,Data Source=BHGDALLSQL05\SQL2016SAMMS;Connection Timeout=60;Integrated Security=True;Encrypt=False;Initial Catalog=SAMMS-Monroe;,SAMMS-Monroe,Select,NULL,NULL,Monroe,1,1,dbo,Tbl3pElig,pats,tbl_3pElig,Year(edate) >= Year(@WorkDate),"Order by 1, 2",0,V6,MNRE-1-16,NULL
BHG_DR,7,pats,tbl_3pElig,EST,MP,1,16,1,SQL,2,SAMMS,Data Source=BHGDALLSQL05\SQL2016SAMMS;Connection Timeout=60;Integrated Security=True;Encrypt=False;Initial Catalog=SAMMS-MtPleasant ;,"SAMMS-MtPleasant ",Select,NULL,NULL,Mt. Pleasant,1,1,dbo,Tbl3pElig,pats,tbl_3pElig,Year(edate) >= Year(@WorkDate),"Order by 1, 2",0,V6,MP-1-16,NULL
BHG_DR,7,pats,tbl_3pElig,MST,MRD,1,16,1,SQL,2,SAMMS,Data Source=BHGDALLSQL05\SQL2016SAMMS;Connection Timeout=60;Integrated Security=True;Encrypt=False;Initial Catalog=SAMMS-Meridian;,SAMMS-Meridian,Select,NULL,NULL,Meridian,1,1,dbo,Tbl3pElig,pats,tbl_3pElig,Year(edate) >= Year(@WorkDate),"Order by 1, 2",0,V6,MRD-1-16,NULL
BHG_DR,7,pats,tbl_3pElig,EST,NC,1,16,1,SQL,2,SAMMS,Data Source=BHGDALLSQL05\SQL2016SAMMS;Connection Timeout=60;Integrated Security=True;Encrypt=False;Initial Catalog=SAMMS-NorthCharleston;,SAMMS-NorthCharleston,Select,NULL,NULL,North Charleston,1,1,dbo,Tbl3pElig,pats,tbl_3pElig,Year(edate) >= Year(@WorkDate),"Order by 1, 2",0,V6,NC-1-16,NULL
BHG_DR,7,pats,tbl_3pElig,CST,NLR,1,16,1,SQL,2,SAMMS,Data Source=BHGDALLSQL05\SQL2016SAMMS;Connection Timeout=60;Integrated Security=True;Encrypt=False;Initial Catalog=SAMMS-NLROBOT;,SAMMS-NLROBOT,Select,2019-08-15,NULL,N. Little Rock,1,1,dbo,Tbl3pElig,pats,tbl_3pElig,Year(edate) >= Year(@WorkDate),"Order by 1, 2",0,V6,NLR-1-16,NULL
BHG_DR,7,pats,tbl_3pElig,MST,PH,1,16,1,SQL,2,SAMMS,Data Source=BHGDALLSQL05\SQL2016SAMMS;Connection Timeout=60;Integrated Security=True;Encrypt=False;Initial Catalog=SAMMS-Phoenix;,SAMMS-Phoenix,Select,NULL,NULL,Phoenix,1,1,dbo,Tbl3pElig,pats,tbl_3pElig,Year(edate) >= Year(@WorkDate),"Order by 1, 2",0,V6,PH-1-16,NULL
BHG_DR,7,pats,tbl_3pElig,PST,RE,1,16,1,SQL,2,SAMMS,Data Source=BHGDALLSQL05\SQL2016SAMMS;Connection Timeout=60;Integrated Security=True;Encrypt=False;Initial Catalog=SAMMS-Reno;,SAMMS-Reno,Select,NULL,NULL,Reno,1,1,dbo,Tbl3pElig,pats,tbl_3pElig,Year(edate) >= Year(@WorkDate),"Order by 1, 2",0,V6,RE-1-16,NULL
BHG_DR,7,pats,tbl_3pElig,CST,RMD,1,16,1,SQL,2,SAMMS,Data Source=BHGDALLSQL05\SQL2016SAMMS;Connection Timeout=60;Integrated Security=True;Encrypt=False;Initial Catalog=SAMMS-Richmond;,SAMMS-Richmond,Select,NULL,NULL,Richmond,1,1,dbo,Tbl3pElig,pats,tbl_3pElig,Year(edate) >= Year(@WorkDate),"Order by 1, 2",0,V6,RMD-1-16,NULL
BHG_DR,7,pats,tbl_3pElig,CST,SFN,1,16,1,SQL,2,SAMMS,Data Source=BHGDALLSQL05\SQL2016SAMMS;Connection Timeout=60;Integrated Security=True;Encrypt=False;Initial Catalog=SAMMS-SFNv5;,SAMMS-SFNv5,Select,NULL,NULL,Springfield North,1,0,dbo,Tbl3pElig,pats,tbl_3pElig,Year(edate) >= Year(@WorkDate),"Order by 1, 2",0,V6,SFN-1-16,NULL
BHG_DR,7,pats,tbl_3pElig,CST,SHP,1,16,1,SQL,2,SAMMS,Data Source=BHGDALLSQL05\SQL2016SAMMS;Connection Timeout=60;Integrated Security=True;Encrypt=False;Initial Catalog=SAMMS-Shreveport;,SAMMS-Shreveport,Select,NULL,NULL,Shreveport,1,1,dbo,Tbl3pElig,pats,tbl_3pElig,Year(edate) >= Year(@WorkDate),"Order by 1, 2",0,V6,SHP-1-16,NULL
BHG_DR,7,pats,tbl_3pElig,EST,STN,1,16,1,SQL,2,SAMMS,Data Source=BHGDALLSQL05\SQL2016SAMMS;Connection Timeout=60;Integrated Security=True;Encrypt=False;Initial Catalog=SAMMS-Staunton;,SAMMS-Staunton,Select,NULL,NULL,Staunton,1,1,dbo,Tbl3pElig,pats,tbl_3pElig,Year(edate) >= Year(@WorkDate),"Order by 1, 2",0,V6,STN-1-16,NULL
BHG_DR,7,pats,tbl_3pElig,CST,STVN,1,16,1,SQL,2,SAMMS,Data Source=BHGDALLSQL05\SQL2016SAMMS;Connection Timeout=60;Integrated Security=True;Encrypt=False;Initial Catalog=SAMMS-Stevenson;,SAMMS-Stevenson,Select,NULL,NULL,Stevenson,1,1,dbo,Tbl3pElig,pats,tbl_3pElig,Year(edate) >= Year(@WorkDate),"Order by 1, 2",0,V6,STVN-1-16,NULL
BHG_DR,7,pats,tbl_3pElig,MST,TE,1,16,1,SQL,2,SAMMS,Data Source=BHGDALLSQL05\SQL2016SAMMS;Connection Timeout=60;Integrated Security=True;Encrypt=False;Initial Catalog=SAMMS-Tempe;,SAMMS-Tempe,Select,NULL,NULL,Tempe,1,1,dbo,Tbl3pElig,pats,tbl_3pElig,Year(edate) >= Year(@WorkDate),"Order by 1, 2",0,V6,TE-1-16,NULL
BHG_DR,7,pats,tbl_3pElig,CST,TEX,1,16,1,SQL,2,SAMMS,Data Source=BHGDALLSQL05\SQL2016SAMMS;Connection Timeout=60;Integrated Security=True;Encrypt=False;Initial Catalog=SAMMS-Texarkana;,SAMMS-Texarkana,Select,NULL,NULL,Texarkana,1,1,dbo,Tbl3pElig,pats,tbl_3pElig,Year(edate) >= Year(@WorkDate),"Order by 1, 2",0,V6,TEX-1-16,NULL
BHG_DR,7,pats,tbl_3pElig,CST,TTCA,1,16,1,SQL,2,SAMMS,Data Source=BHGDALLSQL05\SQL2016SAMMS;Connection Timeout=60;Integrated Security=True;Encrypt=False;Initial Catalog=SAMMS-BessemerV5;,SAMMS-BessemerV5,Select,2018-09-24,NULL,Bessemer,1,0,dbo,Tbl3pElig,pats,tbl_3pElig,Year(edate) >= Year(@WorkDate),"Order by 1, 2",0,V6,TTCA-1-16,NULL
BHG_DR,7,pats,tbl_3pElig,CST,TTCB,1,16,1,SQL,2,SAMMS,Data Source=BHGDALLSQL05\SQL2016SAMMS;Connection Timeout=60;Integrated Security=True;Encrypt=False;Initial Catalog=SAMMS-CullmanV5;,SAMMS-CullmanV5,Select,2019-02-26,NULL,Cullman,1,0,dbo,Tbl3pElig,pats,tbl_3pElig,Year(edate) >= Year(@WorkDate),"Order by 1, 2",0,V6,TTCB-1-16,NULL
BHG_DR,7,pats,tbl_3pElig,CST,TTCC,1,16,1,SQL,2,SAMMS,Data Source=BHGDALLSQL05\SQL2016SAMMS;Connection Timeout=60;Integrated Security=True;Encrypt=False;Initial Catalog=SAMMS-GrandBay;,SAMMS-GrandBay,Select,2019-12-31,NULL,Grand Bay,1,1,dbo,Tbl3pElig,pats,tbl_3pElig,Year(edate) >= Year(@WorkDate),"Order by 1, 2",0,V6,TTCC-1-16,NULL
BHG_DR,7,pats,tbl_3pElig,MST,TU,1,16,1,SQL,2,SAMMS,Data Source=BHGDALLSQL05\SQL2016SAMMS;Connection Timeout=60;Integrated Security=True;Encrypt=False;Initial Catalog=SAMMS-Tucson;,SAMMS-Tucson,Select,NULL,NULL,Tucson,1,1,dbo,Tbl3pElig,pats,tbl_3pElig,Year(edate) >= Year(@WorkDate),"Order by 1, 2",0,V6,TU-1-16,NULL
BHG_DR,7,pats,tbl_3pElig,EST,V1,1,16,1,SQL,2,SAMMS,Data Source=BHGDALLSQL05\SQL2016SAMMS;Connection Timeout=60;Integrated Security=True;Encrypt=False;Initial Catalog=SAMMS-VCPHCS-I-MemphisV5;,SAMMS-VCPHCS-I-MemphisV5,Select,NULL,NULL,Memphis South,1,0,dbo,Tbl3pElig,pats,tbl_3pElig,Year(edate) >= Year(@WorkDate),"Order by 1, 2",0,V6,V1-1-16,NULL
BHG_DR,7,pats,tbl_3pElig,MST,V10,1,16,1,SQL,2,SAMMS,Data Source=BHGDALLSQL05\SQL2016SAMMS;Connection Timeout=60;Integrated Security=True;Encrypt=False;Initial Catalog=SAMMS-BoulderV5;,SAMMS-BoulderV5,Select,NULL,NULL,Longmont,1,1,dbo,Tbl3pElig,pats,tbl_3pElig,Year(edate) >= Year(@WorkDate),"Order by 1, 2",0,V6,V10-1-16,NULL
BHG_DR,7,pats,tbl_3pElig,MST,V10A,1,16,1,SQL,2,SAMMS,Data Source=BHGDALLSQL05\SQL2016SAMMS;Connection Timeout=60;Integrated Security=True;Encrypt=False;Initial Catalog=SAMMS-FortCollinsV5;,SAMMS-FortCollinsV5,Select,NULL,NULL,Fort Collins,1,1,dbo,Tbl3pElig,pats,tbl_3pElig,Year(edate) >= Year(@WorkDate),"Order by 1, 2",0,V6,V10A-1-16,NULL
BHG_DR,7,pats,tbl_3pElig,MST,V11,1,16,1,SQL,2,SAMMS,Data Source=BHGDALLSQL05\SQL2016SAMMS;Connection Timeout=60;Integrated Security=True;Encrypt=False;Initial Catalog=SAMMS-VCPHCS-XI-NorthDenverV5;,SAMMS-VCPHCS-XI-NorthDenverV5,Select,NULL,NULL,Westminster,1,1,dbo,Tbl3pElig,pats,tbl_3pElig,Year(edate) >= Year(@WorkDate),"Order by 1, 2",0,V6,V11-1-16,NULL
BHG_DR,7,pats,tbl_3pElig,MST,V12,1,16,1,SQL,2,SAMMS,Data Source=BHGDALLSQL05\SQL2016SAMMS;Connection Timeout=60;Integrated Security=True;Encrypt=False;Initial Catalog=SAMMS-VCPHCS-XII-DowntownDenverV5;,SAMMS-VCPHCS-XII-DowntownDenverV5,Select,NULL,NULL,Downtown Denver,1,1,dbo,Tbl3pElig,pats,tbl_3pElig,Year(edate) >= Year(@WorkDate),"Order by 1, 2",0,V6,V12-1-16,NULL
BHG_DR,7,pats,tbl_3pElig,MST,V12A,1,16,1,SQL,2,SAMMS,Data Source=BHGDALLSQL05\SQL2016SAMMS;Connection Timeout=60;Integrated Security=True;Encrypt=False;Initial Catalog=SAMMS-CentennialV5;,SAMMS-CentennialV5,Select,NULL,NULL,Centennial,1,1,dbo,Tbl3pElig,pats,tbl_3pElig,Year(edate) >= Year(@WorkDate),"Order by 1, 2",0,V6,V12A-1-16,NULL
BHG_DR,7,pats,tbl_3pElig,CST,V14,1,16,1,SQL,2,SAMMS,Data Source=BHGDALLSQL05\SQL2016SAMMS;Connection Timeout=60;Integrated Security=True;Encrypt=False;Initial Catalog=SAMMS-VCPHCS-XIV-BridgewayV5;,SAMMS-VCPHCS-XIV-BridgewayV5,Select,NULL,NULL,Overland Park,1,0,dbo,Tbl3pElig,pats,tbl_3pElig,Year(edate) >= Year(@WorkDate),"Order by 1, 2",0,V6,V14-1-16,NULL
BHG_DR,7,pats,tbl_3pElig,CST,V15,1,16,1,SQL,2,SAMMS,Data Source=BHGDALLSQL05\SQL2016SAMMS;Connection Timeout=60;Integrated Security=True;Encrypt=False;Initial Catalog=SAMMS-JoplinV5;,SAMMS-JoplinV5,Select,NULL,NULL,Joplin,1,0,dbo,Tbl3pElig,pats,tbl_3pElig,Year(edate) >= Year(@WorkDate),"Order by 1, 2",0,V6,V15-1-16,NULL
BHG_DR,7,pats,tbl_3pElig,EST,V17,1,16,1,SQL,2,SAMMS,Data Source=BHGDALLSQL05\SQL2016SAMMS;Connection Timeout=60;Integrated Security=True;Encrypt=False;Initial Catalog=SAMMS-ColumbiaTNv5;,SAMMS-ColumbiaTNv5,Select,NULL,NULL,Columbia TN,1,0,dbo,Tbl3pElig,pats,tbl_3pElig,Year(edate) >= Year(@WorkDate),"Order by 1, 2",0,V6,V17-1-16,NULL
BHG_DR,7,pats,tbl_3pElig,EST,V19,1,16,1,SQL,2,SAMMS,Data Source=BHGDALLSQL05\SQL2016SAMMS;Connection Timeout=60;Integrated Security=True;Encrypt=False;Initial Catalog=SAMMS-JacksonV5;,SAMMS-JacksonV5,Select,NULL,NULL,Jackson,1,0,dbo,Tbl3pElig,pats,tbl_3pElig,Year(edate) >= Year(@WorkDate),"Order by 1, 2",0,V6,V19-1-16,NULL
BHG_DR,7,pats,tbl_3pElig,EST,V20,1,16,1,SQL,2,SAMMS,Data Source=BHGDALLSQL05\SQL2016SAMMS;Connection Timeout=60;Integrated Security=True;Encrypt=False;Initial Catalog=SAMMS-ParisV5;,SAMMS-ParisV5,Select,NULL,NULL,Paris,1,0,dbo,Tbl3pElig,pats,tbl_3pElig,Year(edate) >= Year(@WorkDate),"Order by 1, 2",0,V6,V20-1-16,NULL
BHG_DR,7,pats,tbl_3pElig,EST,V21,1,16,1,SQL,2,SAMMS,Data Source=BHGDALLSQL05\SQL2016SAMMS;Connection Timeout=60;Integrated Security=True;Encrypt=False;Initial Catalog=SAMMS-RaleighV5;,SAMMS-RaleighV5,Select,NULL,NULL,Memphis North,1,0,dbo,Tbl3pElig,pats,tbl_3pElig,Year(edate) >= Year(@WorkDate),"Order by 1, 2",0,V6,V21-1-16,NULL
BHG_DR,7,pats,tbl_3pElig,CST,V5,1,16,1,SQL,2,SAMMS,Data Source=BHGDALLSQL05\SQL2016SAMMS;Connection Timeout=60;Integrated Security=True;Encrypt=False;Initial Catalog=SAMMS-NONTCv5;,SAMMS-NONTCv5,Select,NULL,NULL,West Bank,1,1,dbo,Tbl3pElig,pats,tbl_3pElig,Year(edate) >= Year(@WorkDate),"Order by 1, 2",0,V6,V5-1-16,NULL
BHG_DR,7,pats,tbl_3pElig,CST,V5B,1,16,1,SQL,2,SAMMS,Data Source=BHGDALLSQL05\SQL2016SAMMS;Connection Timeout=60;Integrated Security=True;Encrypt=False;Initial Catalog=SAMMS-HoumaV6;,SAMMS-HoumaV6,Select,NULL,NULL,Houma,1,0,dbo,Tbl3pElig,pats,tbl_3pElig,Year(edate) >= Year(@WorkDate),"Order by 1, 2",0,v6,V5B-1-16,NULL
BHG_DR,7,pats,tbl_3pElig,CST,V6,1,16,1,SQL,2,SAMMS,Data Source=BHGDALLSQL05\SQL2016SAMMS;Connection Timeout=60;Integrated Security=True;Encrypt=False;Initial Catalog=SAMMS-LCv5;,SAMMS-LCv5,Select,NULL,NULL,Lake Charles,1,1,dbo,Tbl3pElig,pats,tbl_3pElig,Year(edate) >= Year(@WorkDate),"Order by 1, 2",0,V6,V6-1-16,NULL
BHG_DR,7,pats,tbl_3pElig,EST,V8,1,16,1,SQL,2,SAMMS,Data Source=BHGDALLSQL05\SQL2016SAMMS;Connection Timeout=60;Integrated Security=True;Encrypt=False;Initial Catalog=SAMMS-VCPHCS-VIII-MemphisV5;,SAMMS-VCPHCS-VIII-MemphisV5,Select,NULL,NULL,Memphis Midtown,1,0,dbo,Tbl3pElig,pats,tbl_3pElig,Year(edate) >= Year(@WorkDate),"Order by 1, 2",0,V6,V8-1-16,NULL
BHG_DR,7,pats,tbl_3pElig,EST,V9,1,16,1,SQL,2,SAMMS,Data Source=BHGDALLSQL05\SQL2016SAMMS;Connection Timeout=60;Integrated Security=True;Encrypt=False;Initial Catalog=SAMMS-NashvilleV5;,SAMMS-NashvilleV5,Select,NULL,NULL,Nashville,1,0,dbo,Tbl3pElig,pats,tbl_3pElig,Year(edate) >= Year(@WorkDate),"Order by 1, 2",0,V6,V9-1-16,NULL
BHG_DR,7,pats,tbl_3pElig,CST,VBRA,1,16,1,SQL,2,SAMMS,Data Source=BHGDALLSQL05\SQL2016SAMMS;Connection Timeout=60;Integrated Security=True;Encrypt=False;Initial Catalog=SAMMS-BrainerdV6;,SAMMS-BrainerdV6,Select,2021-11-01,NULL,Brainerd,1,1,dbo,Tbl3pElig,pats,tbl_3pElig,Year(edate) >= Year(@WorkDate),"Order by 1, 2",0,V6,VBRA-1-16,NULL
BHG_DR,7,pats,tbl_3pElig,CST,VBRP,1,16,1,SQL,2,SAMMS,Data Source=BHGDALLSQL05\SQL2016SAMMS;Connection Timeout=60;Integrated Security=True;Encrypt=False;Initial Catalog=SAMMS-BrooklynParkV6;,SAMMS-BrooklynParkV6,Select,2021-11-01,NULL,Brooklyn Park,1,1,dbo,Tbl3pElig,pats,tbl_3pElig,Year(edate) >= Year(@WorkDate),"Order by 1, 2",0,V6,VBRP-1-16,NULL
BHG_DR,7,pats,tbl_3pElig,CST,VMIN,1,16,1,SQL,2,SAMMS,Data Source=BHGDALLSQL05\SQL2016SAMMS;Connection Timeout=60;Integrated Security=True;Encrypt=False;Initial Catalog=SAMMS-MinneapolisV6;,SAMMS-MinneapolisV6,Select,2021-11-01,NULL,Minneapolis,1,1,dbo,Tbl3pElig,pats,tbl_3pElig,Year(edate) >= Year(@WorkDate),"Order by 1, 2",0,V6,VMIN-1-16,NULL
BHG_DR,7,pats,tbl_3pElig,CST,VWBY,1,16,1,SQL,2,SAMMS,Data Source=BHGDALLSQL05\SQL2016SAMMS;Connection Timeout=60;Integrated Security=True;Encrypt=False;Initial Catalog=SAMMS-WoodburyV6;,SAMMS-WoodburyV6,Select,2021-11-01,NULL,Woodbury,1,1,dbo,Tbl3pElig,pats,tbl_3pElig,Year(edate) >= Year(@WorkDate),"Order by 1, 2",0,V6,VWBY-1-16,NULL
BHG_DR,7,pats,tbl_3pElig,EST,WIL,1,16,1,SQL,2,SAMMS,Data Source=BHGDALLSQL05\SQL2016SAMMS;Connection Timeout=60;Integrated Security=True;Encrypt=False;Initial Catalog=SAMMS-Wilson;,SAMMS-Wilson,Select,NULL,NULL,Wilson,1,1,dbo,Tbl3pElig,pats,tbl_3pElig,Year(edate) >= Year(@WorkDate),"Order by 1, 2",0,V6,WIL-1-16,NULL
BHG_DR,8,pats,tbl_ClaimLineItem,EST,AHK,4,2,1,SQL,2,SAMMS,Data Source=BHGDALLSQL05\SQL2016SAMMS;Connection Timeout=60;Integrated Security=True;Encrypt=False;Initial Catalog=SAMMS-Ahoskie ;,"SAMMS-Ahoskie ",Select,NULL,NULL,Ahoskie,1,1,dbo,tbl3pClaimLineItem,pats,tbl_ClaimLineItem,"convert(date, tpcliDtmAdded) = @WorkDate","Order by 1, 2",0,V6,AHK-4-2,1
BHG_DR,8,pats,tbl_ClaimLineItem,MST,B12B,4,2,1,SQL,2,SAMMS,Data Source=BHGDALLSQL05\SQL2016SAMMS;Connection Timeout=60;Integrated Security=True;Encrypt=False;Initial Catalog=SAMMS-ColoradoSpringsV5;,SAMMS-ColoradoSpringsV5,Select,NULL,NULL,Colorado Springs,1,0,dbo,tbl3pClaimLineItem,pats,tbl_ClaimLineItem,"convert(date, tpcliDtmAdded) = @WorkDate","Order by 1, 2",0,V6,B12B-4-2,1
BHG_DR,8,pats,tbl_ClaimLineItem,CST,B24,4,2,1,SQL,2,SAMMS,Data Source=BHGDALLSQL05\SQL2016SAMMS;Connection Timeout=60;Integrated Security=True;Encrypt=False;Initial Catalog=SAMMS-PaintsvilleV5;,SAMMS-PaintsvilleV5,Select,NULL,NULL,Paintsville,1,1,dbo,tbl3pClaimLineItem,pats,tbl_ClaimLineItem,"convert(date, tpcliDtmAdded) = @WorkDate","Order by 1, 2",0,V6,B24-4-2,1
BHG_DR,8,pats,tbl_ClaimLineItem,CST,B25,4,2,1,SQL,2,SAMMS,Data Source=BHGDALLSQL05\SQL2016SAMMS;Connection Timeout=60;Integrated Security=True;Encrypt=False;Initial Catalog=SAMMS-PikevilleV5;,SAMMS-PikevilleV5,Select,NULL,NULL,Pikeville,1,1,dbo,tbl3pClaimLineItem,pats,tbl_ClaimLineItem,"convert(date, tpcliDtmAdded) = @WorkDate","Order by 1, 2",0,V6,B25-4-2,1
BHG_DR,8,pats,tbl_ClaimLineItem,CST,B26,4,2,1,SQL,2,SAMMS,Data Source=BHGDALLSQL05\SQL2016SAMMS;Connection Timeout=60;Integrated Security=True;Encrypt=False;Initial Catalog=SAMMS-HazardV5;,SAMMS-HazardV5,Select,NULL,NULL,Hazard,1,0,dbo,tbl3pClaimLineItem,pats,tbl_ClaimLineItem,"convert(date, tpcliDtmAdded) = @WorkDate","Order by 1, 2",0,V6,B26-4-2,1
BHG_DR,8,pats,tbl_ClaimLineItem,EST,B27,4,2,1,SQL,2,SAMMS,Data Source=BHGDALLSQL05\SQL2016SAMMS;Connection Timeout=60;Integrated Security=True;Encrypt=False;Initial Catalog=SAMMS-SavannahV6;,SAMMS-SavannahV6,Select,2022-09-14,NULL,Savannah,1,1,dbo,tbl3pClaimLineItem,pats,tbl_ClaimLineItem,"convert(date, tpcliDtmAdded) = @WorkDate","Order by 1, 2",0,V6,B27-4-2,1
BHG_DR,8,pats,tbl_ClaimLineItem,CST,B28,4,2,1,SQL,2,SAMMS,Data Source=BHGDALLSQL05\SQL2016SAMMS;Connection Timeout=60;Integrated Security=True;Encrypt=False;Initial Catalog=SAMMS-WestPlainesV5;,SAMMS-WestPlainesV5,Select,NULL,NULL,West Plains,1,0,dbo,tbl3pClaimLineItem,pats,tbl_ClaimLineItem,"convert(date, tpcliDtmAdded) = @WorkDate","Order by 1, 2",0,V6,B28-4-2,1
BHG_DR,8,pats,tbl_ClaimLineItem,CST,B29,4,2,1,SQL,2,SAMMS,Data Source=BHGDALLSQL05\SQL2016SAMMS;Connection Timeout=60;Integrated Security=True;Encrypt=False;Initial Catalog=SAMMS-PoplarBluffV5;,SAMMS-PoplarBluffV5,Select,NULL,NULL,Poplar Bluff,1,0,dbo,tbl3pClaimLineItem,pats,tbl_ClaimLineItem,"convert(date, tpcliDtmAdded) = @WorkDate","Order by 1, 2",0,V6,B29-4-2,1
BHG_DR,8,pats,tbl_ClaimLineItem,CST,B30,4,2,1,SQL,2,SAMMS,Data Source=BHGDALLSQL05\SQL2016SAMMS;Connection Timeout=60;Integrated Security=True;Encrypt=False;Initial Catalog=SAMMS-KCNv5;,SAMMS-KCNv5,Select,2016-02-01,NULL,KC North,1,0,dbo,tbl3pClaimLineItem,pats,tbl_ClaimLineItem,"convert(date, tpcliDtmAdded) = @WorkDate","Order by 1, 2",0,V6,B30-4-2,1
BHG_DR,8,pats,tbl_ClaimLineItem,EST,B31,4,2,1,SQL,2,SAMMS,Data Source=BHGDALLSQL05\SQL2016SAMMS;Connection Timeout=60;Integrated Security=True;Encrypt=False;Initial Catalog=SAMMS-DyersburgV5;,SAMMS-DyersburgV5,Select,NULL,NULL,Dyersburg,1,0,dbo,tbl3pClaimLineItem,pats,tbl_ClaimLineItem,"convert(date, tpcliDtmAdded) = @WorkDate","Order by 1, 2",0,V6,B31-4-2,1
BHG_DR,8,pats,tbl_ClaimLineItem,CST,B33,4,2,1,SQL,2,SAMMS,Data Source=BHGDALLSQL05\SQL2016SAMMS;Connection Timeout=60;Integrated Security=True;Encrypt=False;Initial Catalog=SAMMS-Paducah;,SAMMS-Paducah,Select,NULL,NULL,Paducah,1,0,dbo,tbl3pClaimLineItem,pats,tbl_ClaimLineItem,"convert(date, tpcliDtmAdded) = @WorkDate","Order by 1, 2",0,V6,B33-4-2,1
BHG_DR,8,pats,tbl_ClaimLineItem,CST,B34,4,2,1,SQL,2,SAMMS,Data Source=BHGDALLSQL05\SQL2016SAMMS;Connection Timeout=60;Integrated Security=True;Encrypt=False;Initial Catalog=SAMMS-CorbinV5;,SAMMS-CorbinV5,Select,NULL,NULL,Corbin,1,0,dbo,tbl3pClaimLineItem,pats,tbl_ClaimLineItem,"convert(date, tpcliDtmAdded) = @WorkDate","Order by 1, 2",0,V6,B34-4-2,1
BHG_DR,8,pats,tbl_ClaimLineItem,CST,B35,4,2,1,SQL,2,SAMMS,Data Source=BHGDALLSQL05\SQL2016SAMMS;Connection Timeout=60;Integrated Security=True;Encrypt=False;Initial Catalog=SAMMS-LexingtonV5;,SAMMS-LexingtonV5,Select,NULL,NULL,Lexington,1,1,dbo,tbl3pClaimLineItem,pats,tbl_ClaimLineItem,"convert(date, tpcliDtmAdded) = @WorkDate","Order by 1, 2",0,V6,B35-4-2,1
BHG_DR,8,pats,tbl_ClaimLineItem,CST,B35A,4,2,1,SQL,2,SAMMS,Data Source=BHGDALLSQL05\SQL2016SAMMS;Connection Timeout=60;Integrated Security=True;Encrypt=False;Initial Catalog=SAMMS-BereaV5;,SAMMS-BereaV5,Select,2018-06-01,NULL,Berea,1,0,dbo,tbl3pClaimLineItem,pats,tbl_ClaimLineItem,"convert(date, tpcliDtmAdded) = @WorkDate","Order by 1, 2",0,V6,B35A-4-2,1
BHG_DR,8,pats,tbl_ClaimLineItem,EST,B36,4,2,1,SQL,2,SAMMS,Data Source=BHGDALLSQL05\SQL2016SAMMS;Connection Timeout=60;Integrated Security=True;Encrypt=False;Initial Catalog=SAMMS-AshevilleV5;,SAMMS-AshevilleV5,Select,2015-09-07,NULL,Asheville,1,0,dbo,tbl3pClaimLineItem,pats,tbl_ClaimLineItem,"convert(date, tpcliDtmAdded) = @WorkDate","Order by 1, 2",0,V6,B36-4-2,1
BHG_DR,8,pats,tbl_ClaimLineItem,EST,B37,4,2,1,SQL,2,SAMMS,Data Source=BHGDALLSQL05\SQL2016SAMMS;Connection Timeout=60;Integrated Security=True;Encrypt=False;Initial Catalog=SAMMS-ClydeV5;,SAMMS-ClydeV5,Select,2015-09-07,NULL,Clyde,1,0,dbo,tbl3pClaimLineItem,pats,tbl_ClaimLineItem,"convert(date, tpcliDtmAdded) = @WorkDate","Order by 1, 2",0,V6,B37-4-2,1
BHG_DR,8,pats,tbl_ClaimLineItem,EST,B38,4,2,1,SQL,2,SAMMS,Data Source=BHGDALLSQL05\SQL2016SAMMS;Connection Timeout=60;Integrated Security=True;Encrypt=False;Initial Catalog=SAMMS-SpartanburgV5;,SAMMS-SpartanburgV5,Select,2016-07-25,NULL,Spartanburg,1,0,dbo,tbl3pClaimLineItem,pats,tbl_ClaimLineItem,"convert(date, tpcliDtmAdded) = @WorkDate","Order by 1, 2",0,V6,B38-4-2,1
BHG_DR,8,pats,tbl_ClaimLineItem,EST,B39,4,2,1,SQL,2,SAMMS,Data Source=BHGDALLSQL05\SQL2016SAMMS;Connection Timeout=60;Integrated Security=True;Encrypt=False;Initial Catalog=SAMMS-AikenV5;,SAMMS-AikenV5,Select,2016-07-25,NULL,Aiken,1,0,dbo,tbl3pClaimLineItem,pats,tbl_ClaimLineItem,"convert(date, tpcliDtmAdded) = @WorkDate","Order by 1, 2",0,V6,B39-4-2,1
BHG_DR,8,pats,tbl_ClaimLineItem,EST,B41,4,2,1,SQL,2,SAMMS,Data Source=BHGDALLSQL05\SQL2016SAMMS;Connection Timeout=60;Integrated Security=True;Encrypt=False;Initial Catalog=SAMMS-ChesapeakeV5;,SAMMS-ChesapeakeV5,Select,2016-10-24,NULL,Chesapeake,1,0,dbo,tbl3pClaimLineItem,pats,tbl_ClaimLineItem,"convert(date, tpcliDtmAdded) = @WorkDate","Order by 1, 2",0,V6,B41-4-2,1
BHG_DR,8,pats,tbl_ClaimLineItem,EST,B42,4,2,1,SQL,2,SAMMS,Data Source=BHGDALLSQL05\SQL2016SAMMS;Connection Timeout=60;Integrated Security=True;Encrypt=False;Initial Catalog=SAMMS-VirginiaBeachV5;,SAMMS-VirginiaBeachV5,Select,2016-10-24,NULL,Virginia Beach,1,0,dbo,tbl3pClaimLineItem,pats,tbl_ClaimLineItem,"convert(date, tpcliDtmAdded) = @WorkDate","Order by 1, 2",0,V6,B42-4-2,1
BHG_DR,8,pats,tbl_ClaimLineItem,EST,B42A,4,2,1,SQL,2,SAMMS,Data Source=BHGDALLSQL05\SQL2016SAMMS;Connection Timeout=60;Integrated Security=True;Encrypt=False;Initial Catalog=SAMMS-NewportNewsV5;,SAMMS-NewportNewsV5,Select,2018-12-06,NULL,Newport News,1,0,dbo,tbl3pClaimLineItem,pats,tbl_ClaimLineItem,"convert(date, tpcliDtmAdded) = @WorkDate","Order by 1, 2",0,V6,B42A-4-2,1
BHG_DR,8,pats,tbl_ClaimLineItem,EST,B42B,4,2,1,SQL,2,SAMMS,Data Source=BHGDALLSQL05\SQL2016SAMMS;Connection Timeout=60;Integrated Security=True;Encrypt=False;Initial Catalog=SAMMS-FranklinV5;,SAMMS-FranklinV5,Select,2018-12-19,NULL,Franklin,1,0,dbo,tbl3pClaimLineItem,pats,tbl_ClaimLineItem,"convert(date, tpcliDtmAdded) = @WorkDate","Order by 1, 2",0,V6,B42B-4-2,1
BHG_DR,8,pats,tbl_ClaimLineItem,EST,B42C,4,2,1,SQL,2,SAMMS,Data Source=BHGDALLSQL05\SQL2016SAMMS;Connection Timeout=60;Integrated Security=True;Encrypt=False;Initial Catalog=SAMMS-GlenAllenV5;,SAMMS-GlenAllenV5,Select,2019-07-17,NULL,Glen Allen,1,0,dbo,tbl3pClaimLineItem,pats,tbl_ClaimLineItem,"convert(date, tpcliDtmAdded) = @WorkDate","Order by 1, 2",0,V6,B42C-4-2,1
BHG_DR,8,pats,tbl_ClaimLineItem,EST,B42D,4,2,1,SQL,2,SAMMS,Data Source=BHGDALLSQL05\SQL2016SAMMS;Connection Timeout=60;Integrated Security=True;Encrypt=False;Initial Catalog=SAMMS-ChesapeakeSouthV5;,SAMMS-ChesapeakeSouthV5,Select,2019-06-11,NULL,Chesapeake South,1,0,dbo,tbl3pClaimLineItem,pats,tbl_ClaimLineItem,"convert(date, tpcliDtmAdded) = @WorkDate","Order by 1, 2",0,V6,B42D-4-2,1
BHG_DR,8,pats,tbl_ClaimLineItem,EST,B44,4,2,1,SQL,2,SAMMS,Data Source=BHGDALLSQL05\SQL2016SAMMS;Connection Timeout=60;Integrated Security=True;Encrypt=False;Initial Catalog=SAMMS-AlbanyV5;,SAMMS-AlbanyV5,Select,2017-06-19,NULL,Albany,1,0,dbo,tbl3pClaimLineItem,pats,tbl_ClaimLineItem,"convert(date, tpcliDtmAdded) = @WorkDate","Order by 1, 2",0,V6,B44-4-2,1
BHG_DR,8,pats,tbl_ClaimLineItem,EST,B45,4,2,1,SQL,2,SAMMS,Data Source=BHGDALLSQL05\SQL2016SAMMS;Connection Timeout=60;Integrated Security=True;Encrypt=False;Initial Catalog=SAMMS-TiftonV5;,SAMMS-TiftonV5,Select,2017-06-19,NULL,Tifton,1,0,dbo,tbl3pClaimLineItem,pats,tbl_ClaimLineItem,"convert(date, tpcliDtmAdded) = @WorkDate","Order by 1, 2",0,V6,B45-4-2,1
BHG_DR,8,pats,tbl_ClaimLineItem,CST,B46,4,2,1,SQL,2,SAMMS,Data Source=BHGDALLSQL05\SQL2016SAMMS;Connection Timeout=60;Integrated Security=True;Encrypt=False;Initial Catalog=SAMMS-WashingtonDCv5;,SAMMS-WashingtonDCv5,Select,2019-03-20,NULL,Washington DC,1,0,dbo,tbl3pClaimLineItem,pats,tbl_ClaimLineItem,"convert(date, tpcliDtmAdded) = @WorkDate","Order by 1, 2",0,V6,B46-4-2,1
BHG_DR,8,pats,tbl_ClaimLineItem,CST,B47,4,2,1,SQL,2,SAMMS,Data Source=BHGDALLSQL05\SQL2016SAMMS;Connection Timeout=60;Integrated Security=True;Encrypt=False;Initial Catalog=SAMMS-MobileV5;,SAMMS-MobileV5,Select,2019-09-10,NULL,Mobile,1,0,dbo,tbl3pClaimLineItem,pats,tbl_ClaimLineItem,"convert(date, tpcliDtmAdded) = @WorkDate","Order by 1, 2",0,V6,B47-4-2,1
BHG_DR,8,pats,tbl_ClaimLineItem,CST,B48,4,2,1,SQL,2,SAMMS,Data Source=BHGDALLSQL05\SQL2016SAMMS;Connection Timeout=60;Integrated Security=True;Encrypt=False;Initial Catalog=SAMMS-TuscaloosaV5;,SAMMS-TuscaloosaV5,Select,2017-11-19,NULL,Tuscaloosa,1,0,dbo,tbl3pClaimLineItem,pats,tbl_ClaimLineItem,"convert(date, tpcliDtmAdded) = @WorkDate","Order by 1, 2",0,V6,B48-4-2,1
BHG_DR,8,pats,tbl_ClaimLineItem,CST,B51,4,2,1,SQL,2,SAMMS,Data Source=BHGDALLSQL05\SQL2016SAMMS;Connection Timeout=60;Integrated Security=True;Encrypt=False;Initial Catalog=SAMMS-NorthLittleRockV6;,SAMMS-NorthLittleRockV6,Select,2019-11-15,NULL,N. Little Rock (OTP),1,0,dbo,tbl3pClaimLineItem,pats,tbl_ClaimLineItem,"convert(date, tpcliDtmAdded) = @WorkDate","Order by 1, 2",0,V6,B51-4-2,1
BHG_DR,8,pats,tbl_ClaimLineItem,EST,B52,4,2,1,SQL,2,SAMMS,Data Source=BHGDALLSQL05\SQL2016SAMMS;Connection Timeout=60;Integrated Security=True;Encrypt=False;Initial Catalog=SAMMS-JacksonGAV5;,SAMMS-JacksonGAV5,Select,2018-06-01,NULL,Jackson GA,1,0,dbo,tbl3pClaimLineItem,pats,tbl_ClaimLineItem,"convert(date, tpcliDtmAdded) = @WorkDate","Order by 1, 2",0,V6,B52-4-2,1
BHG_DR,8,pats,tbl_ClaimLineItem,CST,B54,4,2,1,SQL,2,SAMMS,Data Source=BHGDALLSQL05\SQL2016SAMMS;Connection Timeout=60;Integrated Security=True;Encrypt=False;Initial Catalog=SAMMS-GadsdenV5;,SAMMS-GadsdenV5,Select,2018-06-01,NULL,Gadsden,1,0,dbo,tbl3pClaimLineItem,pats,tbl_ClaimLineItem,"convert(date, tpcliDtmAdded) = @WorkDate","Order by 1, 2",0,V6,B54-4-2,1
BHG_DR,8,pats,tbl_ClaimLineItem,CST,B55,4,2,1,SQL,2,SAMMS,Data Source=BHGDALLSQL05\SQL2016SAMMS;Connection Timeout=60;Integrated Security=True;Encrypt=False;Initial Catalog=SAMMS-ShoalsV5;,SAMMS-ShoalsV5,Select,2018-04-22,NULL,Shoals,1,0,dbo,tbl3pClaimLineItem,pats,tbl_ClaimLineItem,"convert(date, tpcliDtmAdded) = @WorkDate","Order by 1, 2",0,V6,B55-4-2,1
BHG_DR,8,pats,tbl_ClaimLineItem,EST,B57,4,2,1,SQL,2,SAMMS,Data Source=BHGDALLSQL05\SQL2016SAMMS;Connection Timeout=60;Integrated Security=True;Encrypt=False;Initial Catalog=SAMMS-Pawtucket;,SAMMS-Pawtucket,Select,2020-09-04,NULL,Pawtucket,1,1,dbo,tbl3pClaimLineItem,pats,tbl_ClaimLineItem,"convert(date, tpcliDtmAdded) = @WorkDate","Order by 1, 2",0,V6,B57-4-2,1
BHG_DR,8,pats,tbl_ClaimLineItem,EST,B57A,4,2,1,SQL,2,SAMMS,Data Source=BHGDALLSQL05\SQL2016SAMMS;Connection Timeout=60;Integrated Security=True;Encrypt=False;Initial Catalog=SAMMS-Johnston;,SAMMS-Johnston,Select,2021-10-04,NULL,Johnston,1,1,dbo,tbl3pClaimLineItem,pats,tbl_ClaimLineItem,"convert(date, tpcliDtmAdded) = @WorkDate","Order by 1, 2",0,V6,B57A-4-2,1
BHG_DR,8,pats,tbl_ClaimLineItem,EST,B57B,4,2,1,SQL,2,SAMMS,Data Source=BHGDALLSQL05\SQL2016SAMMS;Connection Timeout=60;Integrated Security=True;Encrypt=False;Initial Catalog=SAMMS-Middletown;,SAMMS-Middletown,Select,2021-10-04,NULL,Middletown,1,1,dbo,tbl3pClaimLineItem,pats,tbl_ClaimLineItem,"convert(date, tpcliDtmAdded) = @WorkDate","Order by 1, 2",0,V6,B57B-4-2,1
BHG_DR,8,pats,tbl_ClaimLineItem,EST,B57C,4,2,1,SQL,2,SAMMS,Data Source=BHGDALLSQL05\SQL2016SAMMS;Connection Timeout=60;Integrated Security=True;Encrypt=False;Initial Catalog=SAMMS-Providence;,SAMMS-Providence,Select,2021-10-04,NULL,Providence,1,1,dbo,tbl3pClaimLineItem,pats,tbl_ClaimLineItem,"convert(date, tpcliDtmAdded) = @WorkDate","Order by 1, 2",0,V6,B57C-4-2,1
BHG_DR,8,pats,tbl_ClaimLineItem,EST,B57D,4,2,1,SQL,2,SAMMS,Data Source=BHGDALLSQL05\SQL2016SAMMS;Connection Timeout=60;Integrated Security=True;Encrypt=False;Initial Catalog=SAMMS-Westerly;,SAMMS-Westerly,Select,2021-10-04,NULL,Westerly,1,1,dbo,tbl3pClaimLineItem,pats,tbl_ClaimLineItem,"convert(date, tpcliDtmAdded) = @WorkDate","Order by 1, 2",0,V6,B57D-4-2,1
BHG_DR,8,pats,tbl_ClaimLineItem,EST,B66A,4,2,1,SQL,2,SAMMS,Data Source=BHGDALLSQL05\SQL2016SAMMS;Connection Timeout=60;Integrated Security=True;Encrypt=False;Initial Catalog=SAMMS-Bremen;,SAMMS-Bremen,Select,NULL,NULL,Bremen,1,1,dbo,tbl3pClaimLineItem,pats,tbl_ClaimLineItem,"convert(date, tpcliDtmAdded) = @WorkDate","Order by 1, 2",0,V6,B66A-4-2,1
BHG_DR,8,pats,tbl_ClaimLineItem,CST,B72,4,2,1,SQL,2,SAMMS,Data Source=BHGDALLSQL05\SQL2016SAMMS;Connection Timeout=60;Integrated Security=True;Encrypt=False;Initial Catalog=SAMMS-Mobile-OBOT;,SAMMS-Mobile-OBOT,Select,NULL,NULL,Mobile (OBOT),1,1,dbo,tbl3pClaimLineItem,pats,tbl_ClaimLineItem,"convert(date, tpcliDtmAdded) = @WorkDate","Order by 1, 2",0,V6,B72-4-2,1
BHG_DR,8,pats,tbl_ClaimLineItem,CST,B73,4,2,1,SQL,2,SAMMS,Data Source=BHGDALLSQL05\SQL2016SAMMS;Connection Timeout=60;Integrated Security=True;Encrypt=False;Initial Catalog=SAMMS-Montgomery;,SAMMS-Montgomery,Select,NULL,NULL,Montgomery,1,1,dbo,tbl3pClaimLineItem,pats,tbl_ClaimLineItem,"convert(date, tpcliDtmAdded) = @WorkDate","Order by 1, 2",0,V6,B73-4-2,1
BHG_DR,8,pats,tbl_ClaimLineItem,CST,B75,4,2,1,SQL,2,SAMMS,Data Source=BHGDALLSQL05\SQL2016SAMMS;Connection Timeout=60;Integrated Security=True;Encrypt=False;Initial Catalog=SAMMS-LawrenceV6;,SAMMS-LawrenceV6,Select,2021-11-09,NULL,Lawrence,1,0,dbo,tbl3pClaimLineItem,pats,tbl_ClaimLineItem,"convert(date, tpcliDtmAdded) = @WorkDate","Order by 1, 2",0,V6,B75-4-2,1
BHG_DR,8,pats,tbl_ClaimLineItem,CST,B76,4,2,1,SQL,2,SAMMS,Data Source=BHGDALLSQL05\SQL2016SAMMS;Connection Timeout=60;Integrated Security=True;Encrypt=False;Initial Catalog=SAMMS-Huntsville-OBOT;,SAMMS-Huntsville-OBOT,Select,NULL,NULL,Huntsville OBOT,1,0,dbo,tbl3pClaimLineItem,pats,tbl_ClaimLineItem,"convert(date, tpcliDtmAdded) = @WorkDate","Order by 1, 2",0,V6,B76-4-2,1
BHG_DR,8,pats,tbl_ClaimLineItem,CST,BAT,4,2,1,SQL,2,SAMMS,Data Source=BHGDALLSQL05\SQL2016SAMMS;Connection Timeout=60;Integrated Security=True;Encrypt=False;Initial Catalog=SAMMS-Batesville;,SAMMS-Batesville,Select,NULL,NULL,Batesville,1,1,dbo,tbl3pClaimLineItem,pats,tbl_ClaimLineItem,"convert(date, tpcliDtmAdded) = @WorkDate","Order by 1, 2",0,V6,BAT-4-2,1
BHG_DR,8,pats,tbl_ClaimLineItem,CST,BG,4,2,1,SQL,2,SAMMS,Data Source=BHGDALLSQL05\SQL2016SAMMS;Connection Timeout=60;Integrated Security=True;Encrypt=False;Initial Catalog=SAMMS-BowlingGreen;,SAMMS-BowlingGreen,Select,NULL,NULL,Bowling Green,1,1,dbo,tbl3pClaimLineItem,pats,tbl_ClaimLineItem,"convert(date, tpcliDtmAdded) = @WorkDate","Order by 1, 2",0,V6,BG-4-2,1
BHG_DR,8,pats,tbl_ClaimLineItem,MST,BOI,4,2,1,SQL,2,SAMMS,Data Source=BHGDALLSQL05\SQL2016SAMMS;Connection Timeout=60;Integrated Security=True;Encrypt=False;Initial Catalog=SAMMS-Boise;,SAMMS-Boise,Select,NULL,NULL,Boise,1,1,dbo,tbl3pClaimLineItem,pats,tbl_ClaimLineItem,"convert(date, tpcliDtmAdded) = @WorkDate","Order by 1, 2",0,V6,BOI-4-2,1
BHG_DR,8,pats,tbl_ClaimLineItem,MST,CBCO,4,2,1,SQL,2,SAMMS,Data Source=BHGDALLSQL05\SQL2016SAMMS;Connection Timeout=60;Integrated Security=True;Encrypt=False;Initial Catalog=SAMMS-CoeurdAleneV6;,SAMMS-CoeurdAleneV6,Select,NULL,NULL,Coeur d'Alene,1,1,dbo,tbl3pClaimLineItem,pats,tbl_ClaimLineItem,"convert(date, tpcliDtmAdded) = @WorkDate","Order by 1, 2",0,V6,CBCO-4-2,1
BHG_DR,8,pats,tbl_ClaimLineItem,CST,CON,4,2,1,SQL,2,SAMMS,Data Source=BHGDALLSQL05\SQL2016SAMMS;Connection Timeout=60;Integrated Security=True;Encrypt=False;Initial Catalog=SAMMS-Conway;,SAMMS-Conway,Select,NULL,NULL,Conway,1,1,dbo,tbl3pClaimLineItem,pats,tbl_ClaimLineItem,"convert(date, tpcliDtmAdded) = @WorkDate","Order by 1, 2",0,V6,CON-4-2,1
BHG_DR,8,pats,tbl_ClaimLineItem,EST,D07,4,2,1,SQL,2,SAMMS,Data Source=BHGDALLSQL05\SQL2016SAMMS;Connection Timeout=60;Integrated Security=True;Encrypt=False;Initial Catalog=SAMMS-KnoxvilleV6;,SAMMS-KnoxvilleV6,Select,NULL,NULL,Medical Services Knox TN,1,1,dbo,tbl3pClaimLineItem,pats,tbl_ClaimLineItem,"convert(date, tpcliDtmAdded) = @WorkDate","Order by 1, 2",0,V6,D07-4-2,1
BHG_DR,8,pats,tbl_ClaimLineItem,EST,D08,4,2,1,SQL,2,SAMMS,Data Source=BHGDALLSQL05\SQL2016SAMMS;Connection Timeout=60;Integrated Security=True;Encrypt=False;Initial Catalog=SAMMS-MadisonV6;,SAMMS-MadisonV6,Select,NULL,NULL,Madison,1,1,dbo,tbl3pClaimLineItem,pats,tbl_ClaimLineItem,"convert(date, tpcliDtmAdded) = @WorkDate","Order by 1, 2",0,V6,D08-4-2,1
BHG_DR,8,pats,tbl_ClaimLineItem,EST,D09,4,2,1,SQL,2,SAMMS,Data Source=BHGDALLSQL05\SQL2016SAMMS;Connection Timeout=60;Integrated Security=True;Encrypt=False;Initial Catalog=SAMMS-MurfreesboroV6;,SAMMS-MurfreesboroV6,Select,NULL,NULL,Murfreesboro,1,1,dbo,tbl3pClaimLineItem,pats,tbl_ClaimLineItem,"convert(date, tpcliDtmAdded) = @WorkDate","Order by 1, 2",0,V6,D09-4-2,1
BHG_DR,8,pats,tbl_ClaimLineItem,CST,DA,4,2,1,SQL,2,SAMMS,Data Source=BHGDALLSQL05\SQL2016SAMMS;Connection Timeout=60;Integrated Security=True;Encrypt=False;Initial Catalog=SAMMS-Davenport;,SAMMS-Davenport,Select,NULL,NULL,Davenport,1,1,dbo,tbl3pClaimLineItem,pats,tbl_ClaimLineItem,"convert(date, tpcliDtmAdded) = @WorkDate","Order by 1, 2",0,V6,DA-4-2,1
BHG_DR,8,pats,tbl_ClaimLineItem,CST,DM,4,2,1,SQL,2,SAMMS,Data Source=BHGDALLSQL05\SQL2016SAMMS;Connection Timeout=60;Integrated Security=True;Encrypt=False;Initial Catalog=SAMMS-DesMoines;,SAMMS-DesMoines,Select,NULL,NULL,Des Moines,1,1,dbo,tbl3pClaimLineItem,pats,tbl_ClaimLineItem,"convert(date, tpcliDtmAdded) = @WorkDate","Order by 1, 2",0,V6,DM-4-2,1
BHG_DR,8,pats,tbl_ClaimLineItem,CST,DRD-CO,4,2,1,SQL,2,SAMMS,Data Source=BHGDALLSQL05\SQL2016SAMMS;Connection Timeout=60;Integrated Security=True;Encrypt=False;Initial Catalog=SAMMS-ColumbiaV5;,SAMMS-ColumbiaV5,Select,NULL,NULL,Columbia MO,1,0,dbo,tbl3pClaimLineItem,pats,tbl_ClaimLineItem,"convert(date, tpcliDtmAdded) = @WorkDate","Order by 1, 2",0,V6,DRD-CO-4-2,1
BHG_DR,8,pats,tbl_ClaimLineItem,CST,DRD-KC,4,2,1,SQL,2,SAMMS,Data Source=BHGDALLSQL05\SQL2016SAMMS;Connection Timeout=60;Integrated Security=True;Encrypt=False;Initial Catalog=SAMMS-KCv5;,SAMMS-KCv5,Select,NULL,NULL,KC,1,0,dbo,tbl3pClaimLineItem,pats,tbl_ClaimLineItem,"convert(date, tpcliDtmAdded) = @WorkDate","Order by 1, 2",0,V6,DRD-KC-4-2,1
BHG_DR,8,pats,tbl_ClaimLineItem,EST,DRD-KVB,4,2,1,SQL,2,SAMMS,Data Source=BHGDALLSQL05\SQL2016SAMMS;Connection Timeout=60;Integrated Security=True;Encrypt=False;Initial Catalog=SAMMS-KVBv5;,SAMMS-KVBv5,Select,NULL,NULL,KVB,1,0,dbo,tbl3pClaimLineItem,pats,tbl_ClaimLineItem,"convert(date, tpcliDtmAdded) = @WorkDate","Order by 1, 2",0,V6,DRD-KVB-4-2,1
BHG_DR,8,pats,tbl_ClaimLineItem,EST,DRD-KVC,4,2,1,SQL,2,SAMMS,Data Source=BHGDALLSQL05\SQL2016SAMMS;Connection Timeout=60;Integrated Security=True;Encrypt=False;Initial Catalog=SAMMS-KVCv5;,SAMMS-KVCv5,Select,NULL,NULL,KVC,1,0,dbo,tbl3pClaimLineItem,pats,tbl_ClaimLineItem,"convert(date, tpcliDtmAdded) = @WorkDate","Order by 1, 2",0,V6,DRD-KVC-4-2,1
BHG_DR,8,pats,tbl_ClaimLineItem,CST,DRD-NOLA,4,2,1,SQL,2,SAMMS,Data Source=BHGDALLSQL05\SQL2016SAMMS;Connection Timeout=60;Integrated Security=True;Encrypt=False;Initial Catalog=SAMMS-NOLAv5;,SAMMS-NOLAv5,Select,1985-01-01,NULL,NOLA,1,1,dbo,tbl3pClaimLineItem,pats,tbl_ClaimLineItem,"convert(date, tpcliDtmAdded) = @WorkDate","Order by 1, 2",0,V6,DRD-NOLA-4-2,1
BHG_DR,8,pats,tbl_ClaimLineItem,CST,DRD-SF,4,2,1,SQL,2,SAMMS,Data Source=BHGDALLSQL05\SQL2016SAMMS;Connection Timeout=60;Integrated Security=True;Encrypt=False;Initial Catalog=SAMMS-SFv5;,SAMMS-SFv5,Select,NULL,NULL,Springfield,1,0,dbo,tbl3pClaimLineItem,pats,tbl_ClaimLineItem,"convert(date, tpcliDtmAdded) = @WorkDate","Order by 1, 2",0,V6,DRD-SF-4-2,1
BHG_DR,8,pats,tbl_ClaimLineItem,EST,ELC,4,2,1,SQL,2,SAMMS,Data Source=BHGDALLSQL05\SQL2016SAMMS;Connection Timeout=60;Integrated Security=True;Encrypt=False;Initial Catalog=SAMMS-ElizabethCity ;,"SAMMS-ElizabethCity ",Select,NULL,NULL,Elizabeth City,1,1,dbo,tbl3pClaimLineItem,pats,tbl_ClaimLineItem,"convert(date, tpcliDtmAdded) = @WorkDate","Order by 1, 2",0,V6,ELC-4-2,1
BHG_DR,8,pats,tbl_ClaimLineItem,CST,ET,4,2,1,SQL,2,SAMMS,Data Source=BHGDALLSQL05\SQL2016SAMMS;Connection Timeout=60;Integrated Security=True;Encrypt=False;Initial Catalog=SAMMS-Elizabethtown;,SAMMS-Elizabethtown,Select,NULL,NULL,Elizabethtown,1,1,dbo,tbl3pClaimLineItem,pats,tbl_ClaimLineItem,"convert(date, tpcliDtmAdded) = @WorkDate","Order by 1, 2",0,V6,ET-4-2,1
BHG_DR,8,pats,tbl_ClaimLineItem,CST,FAY,4,2,1,SQL,2,SAMMS,Data Source=BHGDALLSQL05\SQL2016SAMMS;Connection Timeout=60;Integrated Security=True;Encrypt=False;Initial Catalog=SAMMS-Fayetteville;,SAMMS-Fayetteville,Select,2019-08-15,NULL,Fayetteville,1,1,dbo,tbl3pClaimLineItem,pats,tbl_ClaimLineItem,"convert(date, tpcliDtmAdded) = @WorkDate","Order by 1, 2",0,V6,FAY-4-2,1
BHG_DR,8,pats,tbl_ClaimLineItem,CST,FR,4,2,1,SQL,2,SAMMS,Data Source=BHGDALLSQL05\SQL2016SAMMS;Connection Timeout=60;Integrated Security=True;Encrypt=False;Initial Catalog=SAMMS-Frankfort;,SAMMS-Frankfort,Select,NULL,NULL,Frankfort,1,1,dbo,tbl3pClaimLineItem,pats,tbl_ClaimLineItem,"convert(date, tpcliDtmAdded) = @WorkDate","Order by 1, 2",0,V6,FR-4-2,1
BHG_DR,8,pats,tbl_ClaimLineItem,CST,FS,4,2,1,SQL,2,SAMMS,Data Source=BHGDALLSQL05\SQL2016SAMMS;Connection Timeout=60;Integrated Security=True;Encrypt=False;Initial Catalog=SAMMS-FortSmith;,SAMMS-FortSmith,Select,2019-08-15,NULL,Fort Smith,1,1,dbo,tbl3pClaimLineItem,pats,tbl_ClaimLineItem,"convert(date, tpcliDtmAdded) = @WorkDate","Order by 1, 2",0,V6,FS-4-2,1
BHG_DR,8,pats,tbl_ClaimLineItem,EST,FW,4,2,1,SQL,2,SAMMS,Data Source=BHGDALLSQL05\SQL2016SAMMS;Connection Timeout=60;Integrated Security=True;Encrypt=False;Initial Catalog=SAMMS-FortWayne;,SAMMS-FortWayne,Select,NULL,NULL,Fort Wayne,1,1,dbo,tbl3pClaimLineItem,pats,tbl_ClaimLineItem,"convert(date, tpcliDtmAdded) = @WorkDate","Order by 1, 2",0,V6,FW-4-2,1
BHG_DR,8,pats,tbl_ClaimLineItem,EST,GAL,4,2,1,SQL,2,SAMMS,Data Source=BHGDALLSQL05\SQL2016SAMMS;Connection Timeout=60;Integrated Security=True;Encrypt=False;Initial Catalog=SAMMS-Gaylord ;,"SAMMS-Gaylord ",Select,NULL,NULL,Gaylord,1,1,dbo,tbl3pClaimLineItem,pats,tbl_ClaimLineItem,"convert(date, tpcliDtmAdded) = @WorkDate","Order by 1, 2",0,V6,GAL-4-2,1
BHG_DR,8,pats,tbl_ClaimLineItem,EST,GRC,4,2,1,SQL,2,SAMMS,Data Source=BHGDALLSQL05\SQL2016SAMMS;Connection Timeout=60;Integrated Security=True;Encrypt=False;Initial Catalog=SAMMS-GreenfieldV5;,SAMMS-GreenfieldV5,Select,2018-12-05,NULL,Greenfield,0,0,dbo,tbl3pClaimLineItem,pats,tbl_ClaimLineItem,"convert(date, tpcliDtmAdded) = @WorkDate","Order by 1, 2",0,V6,GRC-4-2,1
BHG_DR,8,pats,tbl_ClaimLineItem,EST,HGT,4,2,1,SQL,2,SAMMS,Data Source=BHGDALLSQL05\SQL2016SAMMS;Connection Timeout=60;Integrated Security=True;Encrypt=False;Initial Catalog=SAMMS-Hagerstown;,SAMMS-Hagerstown,Select,NULL,NULL,Hagerstown,1,0,dbo,tbl3pClaimLineItem,pats,tbl_ClaimLineItem,"convert(date, tpcliDtmAdded) = @WorkDate","Order by 1, 2",0,V6,HGT-4-2,1
BHG_DR,8,pats,tbl_ClaimLineItem,CST,HNT,4,2,1,SQL,2,SAMMS,Data Source=BHGDALLSQL05\SQL2016SAMMS;Connection Timeout=60;Integrated Security=True;Encrypt=False;Initial Catalog=SAMMS-Huntsville;,SAMMS-Huntsville,Select,NULL,NULL,Huntsville,1,1,dbo,tbl3pClaimLineItem,pats,tbl_ClaimLineItem,"convert(date, tpcliDtmAdded) = @WorkDate","Order by 1, 2",0,V6,HNT-4-2,1
BHG_DR,8,pats,tbl_ClaimLineItem,CST,HS,4,2,1,SQL,2,SAMMS,Data Source=BHGDALLSQL05\SQL2016SAMMS;Connection Timeout=60;Integrated Security=True;Encrypt=False;Initial Catalog=SAMMS-HotSprings;,SAMMS-HotSprings,Select,2019-08-15,NULL,Hot Springs,1,1,dbo,tbl3pClaimLineItem,pats,tbl_ClaimLineItem,"convert(date, tpcliDtmAdded) = @WorkDate","Order by 1, 2",0,V6,HS-4-2,1
BHG_DR,8,pats,tbl_ClaimLineItem,CST,JON,4,2,1,SQL,2,SAMMS,Data Source=BHGDALLSQL05\SQL2016SAMMS;Connection Timeout=60;Integrated Security=True;Encrypt=False;Initial Catalog=SAMMS-Jonesboro;,SAMMS-Jonesboro,Select,NULL,NULL,Jonesboro,1,1,dbo,tbl3pClaimLineItem,pats,tbl_ClaimLineItem,"convert(date, tpcliDtmAdded) = @WorkDate","Order by 1, 2",0,V6,JON-4-2,1
BHG_DR,8,pats,tbl_ClaimLineItem,EST,Lab,4,2,1,SQL,2,SAMMS,Data Source=BHGDALLSQL05\SQL2016SAMMS;Connection Timeout=60;Integrated Security=True;Encrypt=False;Initial Catalog=SAMMS-LabV5-V2;,SAMMS-LabV5-V2,Select,NULL,NULL,Reference Lab,1,0,dbo,tbl3pClaimLineItem,pats,tbl_ClaimLineItem,"convert(date, tpcliDtmAdded) = @WorkDate","Order by 1, 2",0,V6,Lab-4-2,1
BHG_DR,8,pats,tbl_ClaimLineItem,EST,LAN,4,2,1,SQL,2,SAMMS,Data Source=BHGDALLSQL05\SQL2016SAMMS;Connection Timeout=60;Integrated Security=True;Encrypt=False;Initial Catalog=SAMMS-Lansing ;,"SAMMS-Lansing ",Select,NULL,NULL,Lansing,1,1,dbo,tbl3pClaimLineItem,pats,tbl_ClaimLineItem,"convert(date, tpcliDtmAdded) = @WorkDate","Order by 1, 2",0,V6,LAN-4-2,1
BHG_DR,8,pats,tbl_ClaimLineItem,CST,LO,4,2,1,SQL,2,SAMMS,Data Source=BHGDALLSQL05\SQL2016SAMMS;Connection Timeout=60;Integrated Security=True;Encrypt=False;Initial Catalog=SAMMS-Louisville;,SAMMS-Louisville,Select,NULL,NULL,Louisville,1,1,dbo,tbl3pClaimLineItem,pats,tbl_ClaimLineItem,"convert(date, tpcliDtmAdded) = @WorkDate","Order by 1, 2",0,V6,LO-4-2,1
BHG_DR,8,pats,tbl_ClaimLineItem,PST,LV1,4,2,1,SQL,2,SAMMS,Data Source=BHGDALLSQL05\SQL2016SAMMS;Connection Timeout=60;Integrated Security=True;Encrypt=False;Initial Catalog=SAMMS-Cheyenne;,SAMMS-Cheyenne,Select,NULL,NULL,Cheyenne,1,1,dbo,tbl3pClaimLineItem,pats,tbl_ClaimLineItem,"convert(date, tpcliDtmAdded) = @WorkDate","Order by 1, 2",0,V6,LV1-4-2,1
BHG_DR,8,pats,tbl_ClaimLineItem,PST,LV2,4,2,1,SQL,2,SAMMS,Data Source=BHGDALLSQL05\SQL2016SAMMS;Connection Timeout=60;Integrated Security=True;Encrypt=False;Initial Catalog=SAMMS-DesertInn;,SAMMS-DesertInn,Select,NULL,NULL,Desert Inn,1,1,dbo,tbl3pClaimLineItem,pats,tbl_ClaimLineItem,"convert(date, tpcliDtmAdded) = @WorkDate","Order by 1, 2",0,V6,LV2-4-2,1
BHG_DR,8,pats,tbl_ClaimLineItem,PST,LV3,4,2,1,SQL,2,SAMMS,Data Source=BHGDALLSQL05\SQL2016SAMMS;Connection Timeout=60;Integrated Security=True;Encrypt=False;Initial Catalog=SAMMS-McDaniel;,SAMMS-McDaniel,Select,NULL,NULL,McDaniel,1,1,dbo,tbl3pClaimLineItem,pats,tbl_ClaimLineItem,"convert(date, tpcliDtmAdded) = @WorkDate","Order by 1, 2",0,V6,LV3-4-2,1
BHG_DR,8,pats,tbl_ClaimLineItem,CST,MNRE,4,2,1,SQL,2,SAMMS,Data Source=BHGDALLSQL05\SQL2016SAMMS;Connection Timeout=60;Integrated Security=True;Encrypt=False;Initial Catalog=SAMMS-Monroe;,SAMMS-Monroe,Select,NULL,NULL,Monroe,1,1,dbo,tbl3pClaimLineItem,pats,tbl_ClaimLineItem,"convert(date, tpcliDtmAdded) = @WorkDate","Order by 1, 2",0,V6,MNRE-4-2,1
BHG_DR,8,pats,tbl_ClaimLineItem,EST,MP,4,2,1,SQL,2,SAMMS,Data Source=BHGDALLSQL05\SQL2016SAMMS;Connection Timeout=60;Integrated Security=True;Encrypt=False;Initial Catalog=SAMMS-MtPleasant ;,"SAMMS-MtPleasant ",Select,NULL,NULL,Mt. Pleasant,1,1,dbo,tbl3pClaimLineItem,pats,tbl_ClaimLineItem,"convert(date, tpcliDtmAdded) = @WorkDate","Order by 1, 2",0,V6,MP-4-2,1
BHG_DR,8,pats,tbl_ClaimLineItem,MST,MRD,4,2,1,SQL,2,SAMMS,Data Source=BHGDALLSQL05\SQL2016SAMMS;Connection Timeout=60;Integrated Security=True;Encrypt=False;Initial Catalog=SAMMS-Meridian;,SAMMS-Meridian,Select,NULL,NULL,Meridian,1,1,dbo,tbl3pClaimLineItem,pats,tbl_ClaimLineItem,"convert(date, tpcliDtmAdded) = @WorkDate","Order by 1, 2",0,V6,MRD-4-2,1
BHG_DR,8,pats,tbl_ClaimLineItem,EST,NC,4,2,1,SQL,2,SAMMS,Data Source=BHGDALLSQL05\SQL2016SAMMS;Connection Timeout=60;Integrated Security=True;Encrypt=False;Initial Catalog=SAMMS-NorthCharleston;,SAMMS-NorthCharleston,Select,NULL,NULL,North Charleston,1,1,dbo,tbl3pClaimLineItem,pats,tbl_ClaimLineItem,"convert(date, tpcliDtmAdded) = @WorkDate","Order by 1, 2",0,V6,NC-4-2,1
BHG_DR,8,pats,tbl_ClaimLineItem,CST,NLR,4,2,1,SQL,2,SAMMS,Data Source=BHGDALLSQL05\SQL2016SAMMS;Connection Timeout=60;Integrated Security=True;Encrypt=False;Initial Catalog=SAMMS-NLROBOT;,SAMMS-NLROBOT,Select,2019-08-15,NULL,N. Little Rock,1,1,dbo,tbl3pClaimLineItem,pats,tbl_ClaimLineItem,"convert(date, tpcliDtmAdded) = @WorkDate","Order by 1, 2",0,V6,NLR-4-2,1
BHG_DR,8,pats,tbl_ClaimLineItem,MST,PH,4,2,1,SQL,2,SAMMS,Data Source=BHGDALLSQL05\SQL2016SAMMS;Connection Timeout=60;Integrated Security=True;Encrypt=False;Initial Catalog=SAMMS-Phoenix;,SAMMS-Phoenix,Select,NULL,NULL,Phoenix,1,1,dbo,tbl3pClaimLineItem,pats,tbl_ClaimLineItem,"convert(date, tpcliDtmAdded) = @WorkDate","Order by 1, 2",0,V6,PH-4-2,1
BHG_DR,8,pats,tbl_ClaimLineItem,PST,RE,4,2,1,SQL,2,SAMMS,Data Source=BHGDALLSQL05\SQL2016SAMMS;Connection Timeout=60;Integrated Security=True;Encrypt=False;Initial Catalog=SAMMS-Reno;,SAMMS-Reno,Select,NULL,NULL,Reno,1,1,dbo,tbl3pClaimLineItem,pats,tbl_ClaimLineItem,"convert(date, tpcliDtmAdded) = @WorkDate","Order by 1, 2",0,V6,RE-4-2,1
BHG_DR,8,pats,tbl_ClaimLineItem,CST,RMD,4,2,1,SQL,2,SAMMS,Data Source=BHGDALLSQL05\SQL2016SAMMS;Connection Timeout=60;Integrated Security=True;Encrypt=False;Initial Catalog=SAMMS-Richmond;,SAMMS-Richmond,Select,NULL,NULL,Richmond,1,1,dbo,tbl3pClaimLineItem,pats,tbl_ClaimLineItem,"convert(date, tpcliDtmAdded) = @WorkDate","Order by 1, 2",0,V6,RMD-4-2,1
BHG_DR,8,pats,tbl_ClaimLineItem,CST,SFN,4,2,1,SQL,2,SAMMS,Data Source=BHGDALLSQL05\SQL2016SAMMS;Connection Timeout=60;Integrated Security=True;Encrypt=False;Initial Catalog=SAMMS-SFNv5;,SAMMS-SFNv5,Select,NULL,NULL,Springfield North,1,0,dbo,tbl3pClaimLineItem,pats,tbl_ClaimLineItem,"convert(date, tpcliDtmAdded) = @WorkDate","Order by 1, 2",0,V6,SFN-4-2,1
BHG_DR,8,pats,tbl_ClaimLineItem,CST,SHP,4,2,1,SQL,2,SAMMS,Data Source=BHGDALLSQL05\SQL2016SAMMS;Connection Timeout=60;Integrated Security=True;Encrypt=False;Initial Catalog=SAMMS-Shreveport;,SAMMS-Shreveport,Select,NULL,NULL,Shreveport,1,1,dbo,tbl3pClaimLineItem,pats,tbl_ClaimLineItem,"convert(date, tpcliDtmAdded) = @WorkDate","Order by 1, 2",0,V6,SHP-4-2,1
BHG_DR,8,pats,tbl_ClaimLineItem,EST,STN,4,2,1,SQL,2,SAMMS,Data Source=BHGDALLSQL05\SQL2016SAMMS;Connection Timeout=60;Integrated Security=True;Encrypt=False;Initial Catalog=SAMMS-Staunton;,SAMMS-Staunton,Select,NULL,NULL,Staunton,1,1,dbo,tbl3pClaimLineItem,pats,tbl_ClaimLineItem,"convert(date, tpcliDtmAdded) = @WorkDate","Order by 1, 2",0,V6,STN-4-2,1
BHG_DR,8,pats,tbl_ClaimLineItem,CST,STVN,4,2,1,SQL,2,SAMMS,Data Source=BHGDALLSQL05\SQL2016SAMMS;Connection Timeout=60;Integrated Security=True;Encrypt=False;Initial Catalog=SAMMS-Stevenson;,SAMMS-Stevenson,Select,NULL,NULL,Stevenson,1,1,dbo,tbl3pClaimLineItem,pats,tbl_ClaimLineItem,"convert(date, tpcliDtmAdded) = @WorkDate","Order by 1, 2",0,V6,STVN-4-2,1
BHG_DR,8,pats,tbl_ClaimLineItem,MST,TE,4,2,1,SQL,2,SAMMS,Data Source=BHGDALLSQL05\SQL2016SAMMS;Connection Timeout=60;Integrated Security=True;Encrypt=False;Initial Catalog=SAMMS-Tempe;,SAMMS-Tempe,Select,NULL,NULL,Tempe,1,1,dbo,tbl3pClaimLineItem,pats,tbl_ClaimLineItem,"convert(date, tpcliDtmAdded) = @WorkDate","Order by 1, 2",0,V6,TE-4-2,1
BHG_DR,8,pats,tbl_ClaimLineItem,CST,TEX,4,2,1,SQL,2,SAMMS,Data Source=BHGDALLSQL05\SQL2016SAMMS;Connection Timeout=60;Integrated Security=True;Encrypt=False;Initial Catalog=SAMMS-Texarkana;,SAMMS-Texarkana,Select,NULL,NULL,Texarkana,1,1,dbo,tbl3pClaimLineItem,pats,tbl_ClaimLineItem,"convert(date, tpcliDtmAdded) = @WorkDate","Order by 1, 2",0,V6,TEX-4-2,1
BHG_DR,8,pats,tbl_ClaimLineItem,CST,TTCA,4,2,1,SQL,2,SAMMS,Data Source=BHGDALLSQL05\SQL2016SAMMS;Connection Timeout=60;Integrated Security=True;Encrypt=False;Initial Catalog=SAMMS-BessemerV5;,SAMMS-BessemerV5,Select,2018-09-24,NULL,Bessemer,1,0,dbo,tbl3pClaimLineItem,pats,tbl_ClaimLineItem,"convert(date, tpcliDtmAdded) = @WorkDate","Order by 1, 2",0,V6,TTCA-4-2,1
BHG_DR,8,pats,tbl_ClaimLineItem,CST,TTCB,4,2,1,SQL,2,SAMMS,Data Source=BHGDALLSQL05\SQL2016SAMMS;Connection Timeout=60;Integrated Security=True;Encrypt=False;Initial Catalog=SAMMS-CullmanV5;,SAMMS-CullmanV5,Select,2019-02-26,NULL,Cullman,1,0,dbo,tbl3pClaimLineItem,pats,tbl_ClaimLineItem,"convert(date, tpcliDtmAdded) = @WorkDate","Order by 1, 2",0,V6,TTCB-4-2,1
BHG_DR,8,pats,tbl_ClaimLineItem,CST,TTCC,4,2,1,SQL,2,SAMMS,Data Source=BHGDALLSQL05\SQL2016SAMMS;Connection Timeout=60;Integrated Security=True;Encrypt=False;Initial Catalog=SAMMS-GrandBay;,SAMMS-GrandBay,Select,2019-12-31,NULL,Grand Bay,1,1,dbo,tbl3pClaimLineItem,pats,tbl_ClaimLineItem,"convert(date, tpcliDtmAdded) = @WorkDate","Order by 1, 2",0,V6,TTCC-4-2,1
BHG_DR,8,pats,tbl_ClaimLineItem,MST,TU,4,2,1,SQL,2,SAMMS,Data Source=BHGDALLSQL05\SQL2016SAMMS;Connection Timeout=60;Integrated Security=True;Encrypt=False;Initial Catalog=SAMMS-Tucson;,SAMMS-Tucson,Select,NULL,NULL,Tucson,1,1,dbo,tbl3pClaimLineItem,pats,tbl_ClaimLineItem,"convert(date, tpcliDtmAdded) = @WorkDate","Order by 1, 2",0,V6,TU-4-2,1
BHG_DR,8,pats,tbl_ClaimLineItem,EST,V1,4,2,1,SQL,2,SAMMS,Data Source=BHGDALLSQL05\SQL2016SAMMS;Connection Timeout=60;Integrated Security=True;Encrypt=False;Initial Catalog=SAMMS-VCPHCS-I-MemphisV5;,SAMMS-VCPHCS-I-MemphisV5,Select,NULL,NULL,Memphis South,1,0,dbo,tbl3pClaimLineItem,pats,tbl_ClaimLineItem,"convert(date, tpcliDtmAdded) = @WorkDate","Order by 1, 2",0,V6,V1-4-2,1
BHG_DR,8,pats,tbl_ClaimLineItem,MST,V10,4,2,1,SQL,2,SAMMS,Data Source=BHGDALLSQL05\SQL2016SAMMS;Connection Timeout=60;Integrated Security=True;Encrypt=False;Initial Catalog=SAMMS-BoulderV5;,SAMMS-BoulderV5,Select,NULL,NULL,Longmont,1,1,dbo,tbl3pClaimLineItem,pats,tbl_ClaimLineItem,"convert(date, tpcliDtmAdded) = @WorkDate","Order by 1, 2",0,V6,V10-4-2,1
BHG_DR,8,pats,tbl_ClaimLineItem,MST,V10A,4,2,1,SQL,2,SAMMS,Data Source=BHGDALLSQL05\SQL2016SAMMS;Connection Timeout=60;Integrated Security=True;Encrypt=False;Initial Catalog=SAMMS-FortCollinsV5;,SAMMS-FortCollinsV5,Select,NULL,NULL,Fort Collins,1,1,dbo,tbl3pClaimLineItem,pats,tbl_ClaimLineItem,"convert(date, tpcliDtmAdded) = @WorkDate","Order by 1, 2",0,V6,V10A-4-2,1
BHG_DR,8,pats,tbl_ClaimLineItem,MST,V11,4,2,1,SQL,2,SAMMS,Data Source=BHGDALLSQL05\SQL2016SAMMS;Connection Timeout=60;Integrated Security=True;Encrypt=False;Initial Catalog=SAMMS-VCPHCS-XI-NorthDenverV5;,SAMMS-VCPHCS-XI-NorthDenverV5,Select,NULL,NULL,Westminster,1,1,dbo,tbl3pClaimLineItem,pats,tbl_ClaimLineItem,"convert(date, tpcliDtmAdded) = @WorkDate","Order by 1, 2",0,V6,V11-4-2,1
BHG_DR,8,pats,tbl_ClaimLineItem,MST,V12,4,2,1,SQL,2,SAMMS,Data Source=BHGDALLSQL05\SQL2016SAMMS;Connection Timeout=60;Integrated Security=True;Encrypt=False;Initial Catalog=SAMMS-VCPHCS-XII-DowntownDenverV5;,SAMMS-VCPHCS-XII-DowntownDenverV5,Select,NULL,NULL,Downtown Denver,1,1,dbo,tbl3pClaimLineItem,pats,tbl_ClaimLineItem,"convert(date, tpcliDtmAdded) = @WorkDate","Order by 1, 2",0,V6,V12-4-2,1
BHG_DR,8,pats,tbl_ClaimLineItem,MST,V12A,4,2,1,SQL,2,SAMMS,Data Source=BHGDALLSQL05\SQL2016SAMMS;Connection Timeout=60;Integrated Security=True;Encrypt=False;Initial Catalog=SAMMS-CentennialV5;,SAMMS-CentennialV5,Select,NULL,NULL,Centennial,1,1,dbo,tbl3pClaimLineItem,pats,tbl_ClaimLineItem,"convert(date, tpcliDtmAdded) = @WorkDate","Order by 1, 2",0,V6,V12A-4-2,1
BHG_DR,8,pats,tbl_ClaimLineItem,CST,V14,4,2,1,SQL,2,SAMMS,Data Source=BHGDALLSQL05\SQL2016SAMMS;Connection Timeout=60;Integrated Security=True;Encrypt=False;Initial Catalog=SAMMS-VCPHCS-XIV-BridgewayV5;,SAMMS-VCPHCS-XIV-BridgewayV5,Select,NULL,NULL,Overland Park,1,0,dbo,tbl3pClaimLineItem,pats,tbl_ClaimLineItem,"convert(date, tpcliDtmAdded) = @WorkDate","Order by 1, 2",0,V6,V14-4-2,1
BHG_DR,8,pats,tbl_ClaimLineItem,CST,V15,4,2,1,SQL,2,SAMMS,Data Source=BHGDALLSQL05\SQL2016SAMMS;Connection Timeout=60;Integrated Security=True;Encrypt=False;Initial Catalog=SAMMS-JoplinV5;,SAMMS-JoplinV5,Select,NULL,NULL,Joplin,1,0,dbo,tbl3pClaimLineItem,pats,tbl_ClaimLineItem,"convert(date, tpcliDtmAdded) = @WorkDate","Order by 1, 2",0,V6,V15-4-2,1
BHG_DR,8,pats,tbl_ClaimLineItem,EST,V17,4,2,1,SQL,2,SAMMS,Data Source=BHGDALLSQL05\SQL2016SAMMS;Connection Timeout=60;Integrated Security=True;Encrypt=False;Initial Catalog=SAMMS-ColumbiaTNv5;,SAMMS-ColumbiaTNv5,Select,NULL,NULL,Columbia TN,1,0,dbo,tbl3pClaimLineItem,pats,tbl_ClaimLineItem,"convert(date, tpcliDtmAdded) = @WorkDate","Order by 1, 2",0,V6,V17-4-2,1
BHG_DR,8,pats,tbl_ClaimLineItem,EST,V19,4,2,1,SQL,2,SAMMS,Data Source=BHGDALLSQL05\SQL2016SAMMS;Connection Timeout=60;Integrated Security=True;Encrypt=False;Initial Catalog=SAMMS-JacksonV5;,SAMMS-JacksonV5,Select,NULL,NULL,Jackson,1,0,dbo,tbl3pClaimLineItem,pats,tbl_ClaimLineItem,"convert(date, tpcliDtmAdded) = @WorkDate","Order by 1, 2",0,V6,V19-4-2,1
BHG_DR,8,pats,tbl_ClaimLineItem,EST,V20,4,2,1,SQL,2,SAMMS,Data Source=BHGDALLSQL05\SQL2016SAMMS;Connection Timeout=60;Integrated Security=True;Encrypt=False;Initial Catalog=SAMMS-ParisV5;,SAMMS-ParisV5,Select,NULL,NULL,Paris,1,0,dbo,tbl3pClaimLineItem,pats,tbl_ClaimLineItem,"convert(date, tpcliDtmAdded) = @WorkDate","Order by 1, 2",0,V6,V20-4-2,1
BHG_DR,8,pats,tbl_ClaimLineItem,EST,V21,4,2,1,SQL,2,SAMMS,Data Source=BHGDALLSQL05\SQL2016SAMMS;Connection Timeout=60;Integrated Security=True;Encrypt=False;Initial Catalog=SAMMS-RaleighV5;,SAMMS-RaleighV5,Select,NULL,NULL,Memphis North,1,0,dbo,tbl3pClaimLineItem,pats,tbl_ClaimLineItem,"convert(date, tpcliDtmAdded) = @WorkDate","Order by 1, 2",0,V6,V21-4-2,1
BHG_DR,8,pats,tbl_ClaimLineItem,CST,V5,4,2,1,SQL,2,SAMMS,Data Source=BHGDALLSQL05\SQL2016SAMMS;Connection Timeout=60;Integrated Security=True;Encrypt=False;Initial Catalog=SAMMS-NONTCv5;,SAMMS-NONTCv5,Select,NULL,NULL,West Bank,1,1,dbo,tbl3pClaimLineItem,pats,tbl_ClaimLineItem,"convert(date, tpcliDtmAdded) = @WorkDate","Order by 1, 2",0,V6,V5-4-2,1
BHG_DR,8,pats,tbl_ClaimLineItem,CST,V5B,4,2,1,SQL,2,SAMMS,Data Source=BHGDALLSQL05\SQL2016SAMMS;Connection Timeout=60;Integrated Security=True;Encrypt=False;Initial Catalog=SAMMS-HoumaV6;,SAMMS-HoumaV6,Select,NULL,NULL,Houma,1,0,dbo,tbl3pClaimLineItem,pats,tbl_ClaimLineItem,"convert(date, tpcliDtmAdded) = @WorkDate","Order by 1, 2",0,v6,V5B-4-2,1
BHG_DR,8,pats,tbl_ClaimLineItem,CST,V6,4,2,1,SQL,2,SAMMS,Data Source=BHGDALLSQL05\SQL2016SAMMS;Connection Timeout=60;Integrated Security=True;Encrypt=False;Initial Catalog=SAMMS-LCv5;,SAMMS-LCv5,Select,NULL,NULL,Lake Charles,1,1,dbo,tbl3pClaimLineItem,pats,tbl_ClaimLineItem,"convert(date, tpcliDtmAdded) = @WorkDate","Order by 1, 2",0,V6,V6-4-2,1
BHG_DR,8,pats,tbl_ClaimLineItem,EST,V8,4,2,1,SQL,2,SAMMS,Data Source=BHGDALLSQL05\SQL2016SAMMS;Connection Timeout=60;Integrated Security=True;Encrypt=False;Initial Catalog=SAMMS-VCPHCS-VIII-MemphisV5;,SAMMS-VCPHCS-VIII-MemphisV5,Select,NULL,NULL,Memphis Midtown,1,0,dbo,tbl3pClaimLineItem,pats,tbl_ClaimLineItem,"convert(date, tpcliDtmAdded) = @WorkDate","Order by 1, 2",0,V6,V8-4-2,1
BHG_DR,8,pats,tbl_ClaimLineItem,EST,V9,4,2,1,SQL,2,SAMMS,Data Source=BHGDALLSQL05\SQL2016SAMMS;Connection Timeout=60;Integrated Security=True;Encrypt=False;Initial Catalog=SAMMS-NashvilleV5;,SAMMS-NashvilleV5,Select,NULL,NULL,Nashville,1,0,dbo,tbl3pClaimLineItem,pats,tbl_ClaimLineItem,"convert(date, tpcliDtmAdded) = @WorkDate","Order by 1, 2",0,V6,V9-4-2,1
BHG_DR,8,pats,tbl_ClaimLineItem,CST,VBRA,4,2,1,SQL,2,SAMMS,Data Source=BHGDALLSQL05\SQL2016SAMMS;Connection Timeout=60;Integrated Security=True;Encrypt=False;Initial Catalog=SAMMS-BrainerdV6;,SAMMS-BrainerdV6,Select,2021-11-01,NULL,Brainerd,1,1,dbo,tbl3pClaimLineItem,pats,tbl_ClaimLineItem,"convert(date, tpcliDtmAdded) = @WorkDate","Order by 1, 2",0,V6,VBRA-4-2,1
BHG_DR,8,pats,tbl_ClaimLineItem,CST,VBRP,4,2,1,SQL,2,SAMMS,Data Source=BHGDALLSQL05\SQL2016SAMMS;Connection Timeout=60;Integrated Security=True;Encrypt=False;Initial Catalog=SAMMS-BrooklynParkV6;,SAMMS-BrooklynParkV6,Select,2021-11-01,NULL,Brooklyn Park,1,1,dbo,tbl3pClaimLineItem,pats,tbl_ClaimLineItem,"convert(date, tpcliDtmAdded) = @WorkDate","Order by 1, 2",0,V6,VBRP-4-2,1
BHG_DR,8,pats,tbl_ClaimLineItem,CST,VMIN,4,2,1,SQL,2,SAMMS,Data Source=BHGDALLSQL05\SQL2016SAMMS;Connection Timeout=60;Integrated Security=True;Encrypt=False;Initial Catalog=SAMMS-MinneapolisV6;,SAMMS-MinneapolisV6,Select,2021-11-01,NULL,Minneapolis,1,1,dbo,tbl3pClaimLineItem,pats,tbl_ClaimLineItem,"convert(date, tpcliDtmAdded) = @WorkDate","Order by 1, 2",0,V6,VMIN-4-2,1
BHG_DR,8,pats,tbl_ClaimLineItem,CST,VWBY,4,2,1,SQL,2,SAMMS,Data Source=BHGDALLSQL05\SQL2016SAMMS;Connection Timeout=60;Integrated Security=True;Encrypt=False;Initial Catalog=SAMMS-WoodburyV6;,SAMMS-WoodburyV6,Select,2021-11-01,NULL,Woodbury,1,1,dbo,tbl3pClaimLineItem,pats,tbl_ClaimLineItem,"convert(date, tpcliDtmAdded) = @WorkDate","Order by 1, 2",0,V6,VWBY-4-2,1
BHG_DR,8,pats,tbl_ClaimLineItem,EST,WIL,4,2,1,SQL,2,SAMMS,Data Source=BHGDALLSQL05\SQL2016SAMMS;Connection Timeout=60;Integrated Security=True;Encrypt=False;Initial Catalog=SAMMS-Wilson;,SAMMS-Wilson,Select,NULL,NULL,Wilson,1,1,dbo,tbl3pClaimLineItem,pats,tbl_ClaimLineItem,"convert(date, tpcliDtmAdded) = @WorkDate","Order by 1, 2",0,V6,WIL-4-2,1
BHG_DR,9,pats,tbl_ClaimLineItemActivity,EST,AHK,4,3,1,SQL,2,SAMMS,Data Source=BHGDALLSQL05\SQL2016SAMMS;Connection Timeout=60;Integrated Security=True;Encrypt=False;Initial Catalog=SAMMS-Ahoskie ;,"SAMMS-Ahoskie ",Select,NULL,NULL,Ahoskie,1,1,dbo,tbl3pClaimLineItemActivity,pats,tbl_ClaimLineItemActivity,"CONVERT(date, liaDtm) = @WorkDate","Order by 1, 2",0,V6,AHK-4-3,1
BHG_DR,9,pats,tbl_ClaimLineItemActivity,MST,B12B,4,3,1,SQL,2,SAMMS,Data Source=BHGDALLSQL05\SQL2016SAMMS;Connection Timeout=60;Integrated Security=True;Encrypt=False;Initial Catalog=SAMMS-ColoradoSpringsV5;,SAMMS-ColoradoSpringsV5,Select,NULL,NULL,Colorado Springs,1,0,dbo,tbl3pClaimLineItemActivity,pats,tbl_ClaimLineItemActivity,"CONVERT(date, liaDtm) = @WorkDate","Order by 1, 2",0,V6,B12B-4-3,1
BHG_DR,9,pats,tbl_ClaimLineItemActivity,CST,B24,4,3,1,SQL,2,SAMMS,Data Source=BHGDALLSQL05\SQL2016SAMMS;Connection Timeout=60;Integrated Security=True;Encrypt=False;Initial Catalog=SAMMS-PaintsvilleV5;,SAMMS-PaintsvilleV5,Select,NULL,NULL,Paintsville,1,1,dbo,tbl3pClaimLineItemActivity,pats,tbl_ClaimLineItemActivity,"CONVERT(date, liaDtm) = @WorkDate","Order by 1, 2",0,V6,B24-4-3,1
BHG_DR,9,pats,tbl_ClaimLineItemActivity,CST,B25,4,3,1,SQL,2,SAMMS,Data Source=BHGDALLSQL05\SQL2016SAMMS;Connection Timeout=60;Integrated Security=True;Encrypt=False;Initial Catalog=SAMMS-PikevilleV5;,SAMMS-PikevilleV5,Select,NULL,NULL,Pikeville,1,1,dbo,tbl3pClaimLineItemActivity,pats,tbl_ClaimLineItemActivity,"CONVERT(date, liaDtm) = @WorkDate","Order by 1, 2",0,V6,B25-4-3,1
BHG_DR,9,pats,tbl_ClaimLineItemActivity,CST,B26,4,3,1,SQL,2,SAMMS,Data Source=BHGDALLSQL05\SQL2016SAMMS;Connection Timeout=60;Integrated Security=True;Encrypt=False;Initial Catalog=SAMMS-HazardV5;,SAMMS-HazardV5,Select,NULL,NULL,Hazard,1,0,dbo,tbl3pClaimLineItemActivity,pats,tbl_ClaimLineItemActivity,"CONVERT(date, liaDtm) = @WorkDate","Order by 1, 2",0,V6,B26-4-3,1
BHG_DR,9,pats,tbl_ClaimLineItemActivity,EST,B27,4,3,1,SQL,2,SAMMS,Data Source=BHGDALLSQL05\SQL2016SAMMS;Connection Timeout=60;Integrated Security=True;Encrypt=False;Initial Catalog=SAMMS-SavannahV6;,SAMMS-SavannahV6,Select,2022-09-14,NULL,Savannah,1,1,dbo,tbl3pClaimLineItemActivity,pats,tbl_ClaimLineItemActivity,"CONVERT(date, liaDtm) = @WorkDate","Order by 1, 2",0,V6,B27-4-3,1
BHG_DR,9,pats,tbl_ClaimLineItemActivity,CST,B28,4,3,1,SQL,2,SAMMS,Data Source=BHGDALLSQL05\SQL2016SAMMS;Connection Timeout=60;Integrated Security=True;Encrypt=False;Initial Catalog=SAMMS-WestPlainesV5;,SAMMS-WestPlainesV5,Select,NULL,NULL,West Plains,1,0,dbo,tbl3pClaimLineItemActivity,pats,tbl_ClaimLineItemActivity,"CONVERT(date, liaDtm) = @WorkDate","Order by 1, 2",0,V6,B28-4-3,1
BHG_DR,9,pats,tbl_ClaimLineItemActivity,CST,B29,4,3,1,SQL,2,SAMMS,Data Source=BHGDALLSQL05\SQL2016SAMMS;Connection Timeout=60;Integrated Security=True;Encrypt=False;Initial Catalog=SAMMS-PoplarBluffV5;,SAMMS-PoplarBluffV5,Select,NULL,NULL,Poplar Bluff,1,0,dbo,tbl3pClaimLineItemActivity,pats,tbl_ClaimLineItemActivity,"CONVERT(date, liaDtm) = @WorkDate","Order by 1, 2",0,V6,B29-4-3,1
BHG_DR,9,pats,tbl_ClaimLineItemActivity,CST,B30,4,3,1,SQL,2,SAMMS,Data Source=BHGDALLSQL05\SQL2016SAMMS;Connection Timeout=60;Integrated Security=True;Encrypt=False;Initial Catalog=SAMMS-KCNv5;,SAMMS-KCNv5,Select,2016-02-01,NULL,KC North,1,0,dbo,tbl3pClaimLineItemActivity,pats,tbl_ClaimLineItemActivity,"CONVERT(date, liaDtm) = @WorkDate","Order by 1, 2",0,V6,B30-4-3,1
BHG_DR,9,pats,tbl_ClaimLineItemActivity,EST,B31,4,3,1,SQL,2,SAMMS,Data Source=BHGDALLSQL05\SQL2016SAMMS;Connection Timeout=60;Integrated Security=True;Encrypt=False;Initial Catalog=SAMMS-DyersburgV5;,SAMMS-DyersburgV5,Select,NULL,NULL,Dyersburg,1,0,dbo,tbl3pClaimLineItemActivity,pats,tbl_ClaimLineItemActivity,"CONVERT(date, liaDtm) = @WorkDate","Order by 1, 2",0,V6,B31-4-3,1
BHG_DR,9,pats,tbl_ClaimLineItemActivity,CST,B33,4,3,1,SQL,2,SAMMS,Data Source=BHGDALLSQL05\SQL2016SAMMS;Connection Timeout=60;Integrated Security=True;Encrypt=False;Initial Catalog=SAMMS-Paducah;,SAMMS-Paducah,Select,NULL,NULL,Paducah,1,0,dbo,tbl3pClaimLineItemActivity,pats,tbl_ClaimLineItemActivity,"CONVERT(date, liaDtm) = @WorkDate","Order by 1, 2",0,V6,B33-4-3,1
BHG_DR,9,pats,tbl_ClaimLineItemActivity,CST,B34,4,3,1,SQL,2,SAMMS,Data Source=BHGDALLSQL05\SQL2016SAMMS;Connection Timeout=60;Integrated Security=True;Encrypt=False;Initial Catalog=SAMMS-CorbinV5;,SAMMS-CorbinV5,Select,NULL,NULL,Corbin,1,0,dbo,tbl3pClaimLineItemActivity,pats,tbl_ClaimLineItemActivity,"CONVERT(date, liaDtm) = @WorkDate","Order by 1, 2",0,V6,B34-4-3,1
BHG_DR,9,pats,tbl_ClaimLineItemActivity,CST,B35,4,3,1,SQL,2,SAMMS,Data Source=BHGDALLSQL05\SQL2016SAMMS;Connection Timeout=60;Integrated Security=True;Encrypt=False;Initial Catalog=SAMMS-LexingtonV5;,SAMMS-LexingtonV5,Select,NULL,NULL,Lexington,1,1,dbo,tbl3pClaimLineItemActivity,pats,tbl_ClaimLineItemActivity,"CONVERT(date, liaDtm) = @WorkDate","Order by 1, 2",0,V6,B35-4-3,1
BHG_DR,9,pats,tbl_ClaimLineItemActivity,CST,B35A,4,3,1,SQL,2,SAMMS,Data Source=BHGDALLSQL05\SQL2016SAMMS;Connection Timeout=60;Integrated Security=True;Encrypt=False;Initial Catalog=SAMMS-BereaV5;,SAMMS-BereaV5,Select,2018-06-01,NULL,Berea,1,0,dbo,tbl3pClaimLineItemActivity,pats,tbl_ClaimLineItemActivity,"CONVERT(date, liaDtm) = @WorkDate","Order by 1, 2",0,V6,B35A-4-3,1
BHG_DR,9,pats,tbl_ClaimLineItemActivity,EST,B36,4,3,1,SQL,2,SAMMS,Data Source=BHGDALLSQL05\SQL2016SAMMS;Connection Timeout=60;Integrated Security=True;Encrypt=False;Initial Catalog=SAMMS-AshevilleV5;,SAMMS-AshevilleV5,Select,2015-09-07,NULL,Asheville,1,0,dbo,tbl3pClaimLineItemActivity,pats,tbl_ClaimLineItemActivity,"CONVERT(date, liaDtm) = @WorkDate","Order by 1, 2",0,V6,B36-4-3,1
BHG_DR,9,pats,tbl_ClaimLineItemActivity,EST,B37,4,3,1,SQL,2,SAMMS,Data Source=BHGDALLSQL05\SQL2016SAMMS;Connection Timeout=60;Integrated Security=True;Encrypt=False;Initial Catalog=SAMMS-ClydeV5;,SAMMS-ClydeV5,Select,2015-09-07,NULL,Clyde,1,0,dbo,tbl3pClaimLineItemActivity,pats,tbl_ClaimLineItemActivity,"CONVERT(date, liaDtm) = @WorkDate","Order by 1, 2",0,V6,B37-4-3,1
BHG_DR,9,pats,tbl_ClaimLineItemActivity,EST,B38,4,3,1,SQL,2,SAMMS,Data Source=BHGDALLSQL05\SQL2016SAMMS;Connection Timeout=60;Integrated Security=True;Encrypt=False;Initial Catalog=SAMMS-SpartanburgV5;,SAMMS-SpartanburgV5,Select,2016-07-25,NULL,Spartanburg,1,0,dbo,tbl3pClaimLineItemActivity,pats,tbl_ClaimLineItemActivity,"CONVERT(date, liaDtm) = @WorkDate","Order by 1, 2",0,V6,B38-4-3,1
BHG_DR,9,pats,tbl_ClaimLineItemActivity,EST,B39,4,3,1,SQL,2,SAMMS,Data Source=BHGDALLSQL05\SQL2016SAMMS;Connection Timeout=60;Integrated Security=True;Encrypt=False;Initial Catalog=SAMMS-AikenV5;,SAMMS-AikenV5,Select,2016-07-25,NULL,Aiken,1,0,dbo,tbl3pClaimLineItemActivity,pats,tbl_ClaimLineItemActivity,"CONVERT(date, liaDtm) = @WorkDate","Order by 1, 2",0,V6,B39-4-3,1
BHG_DR,9,pats,tbl_ClaimLineItemActivity,EST,B41,4,3,1,SQL,2,SAMMS,Data Source=BHGDALLSQL05\SQL2016SAMMS;Connection Timeout=60;Integrated Security=True;Encrypt=False;Initial Catalog=SAMMS-ChesapeakeV5;,SAMMS-ChesapeakeV5,Select,2016-10-24,NULL,Chesapeake,1,0,dbo,tbl3pClaimLineItemActivity,pats,tbl_ClaimLineItemActivity,"CONVERT(date, liaDtm) = @WorkDate","Order by 1, 2",0,V6,B41-4-3,1
BHG_DR,9,pats,tbl_ClaimLineItemActivity,EST,B42,4,3,1,SQL,2,SAMMS,Data Source=BHGDALLSQL05\SQL2016SAMMS;Connection Timeout=60;Integrated Security=True;Encrypt=False;Initial Catalog=SAMMS-VirginiaBeachV5;,SAMMS-VirginiaBeachV5,Select,2016-10-24,NULL,Virginia Beach,1,0,dbo,tbl3pClaimLineItemActivity,pats,tbl_ClaimLineItemActivity,"CONVERT(date, liaDtm) = @WorkDate","Order by 1, 2",0,V6,B42-4-3,1
BHG_DR,9,pats,tbl_ClaimLineItemActivity,EST,B42A,4,3,1,SQL,2,SAMMS,Data Source=BHGDALLSQL05\SQL2016SAMMS;Connection Timeout=60;Integrated Security=True;Encrypt=False;Initial Catalog=SAMMS-NewportNewsV5;,SAMMS-NewportNewsV5,Select,2018-12-06,NULL,Newport News,1,0,dbo,tbl3pClaimLineItemActivity,pats,tbl_ClaimLineItemActivity,"CONVERT(date, liaDtm) = @WorkDate","Order by 1, 2",0,V6,B42A-4-3,1
BHG_DR,9,pats,tbl_ClaimLineItemActivity,EST,B42B,4,3,1,SQL,2,SAMMS,Data Source=BHGDALLSQL05\SQL2016SAMMS;Connection Timeout=60;Integrated Security=True;Encrypt=False;Initial Catalog=SAMMS-FranklinV5;,SAMMS-FranklinV5,Select,2018-12-19,NULL,Franklin,1,0,dbo,tbl3pClaimLineItemActivity,pats,tbl_ClaimLineItemActivity,"CONVERT(date, liaDtm) = @WorkDate","Order by 1, 2",0,V6,B42B-4-3,1
BHG_DR,9,pats,tbl_ClaimLineItemActivity,EST,B42C,4,3,1,SQL,2,SAMMS,Data Source=BHGDALLSQL05\SQL2016SAMMS;Connection Timeout=60;Integrated Security=True;Encrypt=False;Initial Catalog=SAMMS-GlenAllenV5;,SAMMS-GlenAllenV5,Select,2019-07-17,NULL,Glen Allen,1,0,dbo,tbl3pClaimLineItemActivity,pats,tbl_ClaimLineItemActivity,"CONVERT(date, liaDtm) = @WorkDate","Order by 1, 2",0,V6,B42C-4-3,1
BHG_DR,9,pats,tbl_ClaimLineItemActivity,EST,B42D,4,3,1,SQL,2,SAMMS,Data Source=BHGDALLSQL05\SQL2016SAMMS;Connection Timeout=60;Integrated Security=True;Encrypt=False;Initial Catalog=SAMMS-ChesapeakeSouthV5;,SAMMS-ChesapeakeSouthV5,Select,2019-06-11,NULL,Chesapeake South,1,0,dbo,tbl3pClaimLineItemActivity,pats,tbl_ClaimLineItemActivity,"CONVERT(date, liaDtm) = @WorkDate","Order by 1, 2",0,V6,B42D-4-3,1
BHG_DR,9,pats,tbl_ClaimLineItemActivity,EST,B44,4,3,1,SQL,2,SAMMS,Data Source=BHGDALLSQL05\SQL2016SAMMS;Connection Timeout=60;Integrated Security=True;Encrypt=False;Initial Catalog=SAMMS-AlbanyV5;,SAMMS-AlbanyV5,Select,2017-06-19,NULL,Albany,1,0,dbo,tbl3pClaimLineItemActivity,pats,tbl_ClaimLineItemActivity,"CONVERT(date, liaDtm) = @WorkDate","Order by 1, 2",0,V6,B44-4-3,1
BHG_DR,9,pats,tbl_ClaimLineItemActivity,EST,B45,4,3,1,SQL,2,SAMMS,Data Source=BHGDALLSQL05\SQL2016SAMMS;Connection Timeout=60;Integrated Security=True;Encrypt=False;Initial Catalog=SAMMS-TiftonV5;,SAMMS-TiftonV5,Select,2017-06-19,NULL,Tifton,1,0,dbo,tbl3pClaimLineItemActivity,pats,tbl_ClaimLineItemActivity,"CONVERT(date, liaDtm) = @WorkDate","Order by 1, 2",0,V6,B45-4-3,1
BHG_DR,9,pats,tbl_ClaimLineItemActivity,CST,B46,4,3,1,SQL,2,SAMMS,Data Source=BHGDALLSQL05\SQL2016SAMMS;Connection Timeout=60;Integrated Security=True;Encrypt=False;Initial Catalog=SAMMS-WashingtonDCv5;,SAMMS-WashingtonDCv5,Select,2019-03-20,NULL,Washington DC,1,0,dbo,tbl3pClaimLineItemActivity,pats,tbl_ClaimLineItemActivity,"CONVERT(date, liaDtm) = @WorkDate","Order by 1, 2",0,V6,B46-4-3,1
BHG_DR,9,pats,tbl_ClaimLineItemActivity,CST,B47,4,3,1,SQL,2,SAMMS,Data Source=BHGDALLSQL05\SQL2016SAMMS;Connection Timeout=60;Integrated Security=True;Encrypt=False;Initial Catalog=SAMMS-MobileV5;,SAMMS-MobileV5,Select,2019-09-10,NULL,Mobile,1,0,dbo,tbl3pClaimLineItemActivity,pats,tbl_ClaimLineItemActivity,"CONVERT(date, liaDtm) = @WorkDate","Order by 1, 2",0,V6,B47-4-3,1
BHG_DR,9,pats,tbl_ClaimLineItemActivity,CST,B48,4,3,1,SQL,2,SAMMS,Data Source=BHGDALLSQL05\SQL2016SAMMS;Connection Timeout=60;Integrated Security=True;Encrypt=False;Initial Catalog=SAMMS-TuscaloosaV5;,SAMMS-TuscaloosaV5,Select,2017-11-19,NULL,Tuscaloosa,1,0,dbo,tbl3pClaimLineItemActivity,pats,tbl_ClaimLineItemActivity,"CONVERT(date, liaDtm) = @WorkDate","Order by 1, 2",0,V6,B48-4-3,1
BHG_DR,9,pats,tbl_ClaimLineItemActivity,CST,B51,4,3,1,SQL,2,SAMMS,Data Source=BHGDALLSQL05\SQL2016SAMMS;Connection Timeout=60;Integrated Security=True;Encrypt=False;Initial Catalog=SAMMS-NorthLittleRockV6;,SAMMS-NorthLittleRockV6,Select,2019-11-15,NULL,N. Little Rock (OTP),1,0,dbo,tbl3pClaimLineItemActivity,pats,tbl_ClaimLineItemActivity,"CONVERT(date, liaDtm) = @WorkDate","Order by 1, 2",0,V6,B51-4-3,1
BHG_DR,9,pats,tbl_ClaimLineItemActivity,EST,B52,4,3,1,SQL,2,SAMMS,Data Source=BHGDALLSQL05\SQL2016SAMMS;Connection Timeout=60;Integrated Security=True;Encrypt=False;Initial Catalog=SAMMS-JacksonGAV5;,SAMMS-JacksonGAV5,Select,2018-06-01,NULL,Jackson GA,1,0,dbo,tbl3pClaimLineItemActivity,pats,tbl_ClaimLineItemActivity,"CONVERT(date, liaDtm) = @WorkDate","Order by 1, 2",0,V6,B52-4-3,1
BHG_DR,9,pats,tbl_ClaimLineItemActivity,CST,B54,4,3,1,SQL,2,SAMMS,Data Source=BHGDALLSQL05\SQL2016SAMMS;Connection Timeout=60;Integrated Security=True;Encrypt=False;Initial Catalog=SAMMS-GadsdenV5;,SAMMS-GadsdenV5,Select,2018-06-01,NULL,Gadsden,1,0,dbo,tbl3pClaimLineItemActivity,pats,tbl_ClaimLineItemActivity,"CONVERT(date, liaDtm) = @WorkDate","Order by 1, 2",0,V6,B54-4-3,1
BHG_DR,9,pats,tbl_ClaimLineItemActivity,CST,B55,4,3,1,SQL,2,SAMMS,Data Source=BHGDALLSQL05\SQL2016SAMMS;Connection Timeout=60;Integrated Security=True;Encrypt=False;Initial Catalog=SAMMS-ShoalsV5;,SAMMS-ShoalsV5,Select,2018-04-22,NULL,Shoals,1,0,dbo,tbl3pClaimLineItemActivity,pats,tbl_ClaimLineItemActivity,"CONVERT(date, liaDtm) = @WorkDate","Order by 1, 2",0,V6,B55-4-3,1
BHG_DR,9,pats,tbl_ClaimLineItemActivity,EST,B57,4,3,1,SQL,2,SAMMS,Data Source=BHGDALLSQL05\SQL2016SAMMS;Connection Timeout=60;Integrated Security=True;Encrypt=False;Initial Catalog=SAMMS-Pawtucket;,SAMMS-Pawtucket,Select,2020-09-04,NULL,Pawtucket,1,1,dbo,tbl3pClaimLineItemActivity,pats,tbl_ClaimLineItemActivity,"CONVERT(date, liaDtm) = @WorkDate","Order by 1, 2",0,V6,B57-4-3,1
BHG_DR,9,pats,tbl_ClaimLineItemActivity,EST,B57A,4,3,1,SQL,2,SAMMS,Data Source=BHGDALLSQL05\SQL2016SAMMS;Connection Timeout=60;Integrated Security=True;Encrypt=False;Initial Catalog=SAMMS-Johnston;,SAMMS-Johnston,Select,2021-10-04,NULL,Johnston,1,1,dbo,tbl3pClaimLineItemActivity,pats,tbl_ClaimLineItemActivity,"CONVERT(date, liaDtm) = @WorkDate","Order by 1, 2",0,V6,B57A-4-3,1
BHG_DR,9,pats,tbl_ClaimLineItemActivity,EST,B57B,4,3,1,SQL,2,SAMMS,Data Source=BHGDALLSQL05\SQL2016SAMMS;Connection Timeout=60;Integrated Security=True;Encrypt=False;Initial Catalog=SAMMS-Middletown;,SAMMS-Middletown,Select,2021-10-04,NULL,Middletown,1,1,dbo,tbl3pClaimLineItemActivity,pats,tbl_ClaimLineItemActivity,"CONVERT(date, liaDtm) = @WorkDate","Order by 1, 2",0,V6,B57B-4-3,1
BHG_DR,9,pats,tbl_ClaimLineItemActivity,EST,B57C,4,3,1,SQL,2,SAMMS,Data Source=BHGDALLSQL05\SQL2016SAMMS;Connection Timeout=60;Integrated Security=True;Encrypt=False;Initial Catalog=SAMMS-Providence;,SAMMS-Providence,Select,2021-10-04,NULL,Providence,1,1,dbo,tbl3pClaimLineItemActivity,pats,tbl_ClaimLineItemActivity,"CONVERT(date, liaDtm) = @WorkDate","Order by 1, 2",0,V6,B57C-4-3,1
BHG_DR,9,pats,tbl_ClaimLineItemActivity,EST,B57D,4,3,1,SQL,2,SAMMS,Data Source=BHGDALLSQL05\SQL2016SAMMS;Connection Timeout=60;Integrated Security=True;Encrypt=False;Initial Catalog=SAMMS-Westerly;,SAMMS-Westerly,Select,2021-10-04,NULL,Westerly,1,1,dbo,tbl3pClaimLineItemActivity,pats,tbl_ClaimLineItemActivity,"CONVERT(date, liaDtm) = @WorkDate","Order by 1, 2",0,V6,B57D-4-3,1
BHG_DR,9,pats,tbl_ClaimLineItemActivity,EST,B66A,4,3,1,SQL,2,SAMMS,Data Source=BHGDALLSQL05\SQL2016SAMMS;Connection Timeout=60;Integrated Security=True;Encrypt=False;Initial Catalog=SAMMS-Bremen;,SAMMS-Bremen,Select,NULL,NULL,Bremen,1,1,dbo,tbl3pClaimLineItemActivity,pats,tbl_ClaimLineItemActivity,"CONVERT(date, liaDtm) = @WorkDate","Order by 1, 2",0,V6,B66A-4-3,1
BHG_DR,9,pats,tbl_ClaimLineItemActivity,CST,B72,4,3,1,SQL,2,SAMMS,Data Source=BHGDALLSQL05\SQL2016SAMMS;Connection Timeout=60;Integrated Security=True;Encrypt=False;Initial Catalog=SAMMS-Mobile-OBOT;,SAMMS-Mobile-OBOT,Select,NULL,NULL,Mobile (OBOT),1,1,dbo,tbl3pClaimLineItemActivity,pats,tbl_ClaimLineItemActivity,"CONVERT(date, liaDtm) = @WorkDate","Order by 1, 2",0,V6,B72-4-3,1
BHG_DR,9,pats,tbl_ClaimLineItemActivity,CST,B73,4,3,1,SQL,2,SAMMS,Data Source=BHGDALLSQL05\SQL2016SAMMS;Connection Timeout=60;Integrated Security=True;Encrypt=False;Initial Catalog=SAMMS-Montgomery;,SAMMS-Montgomery,Select,NULL,NULL,Montgomery,1,1,dbo,tbl3pClaimLineItemActivity,pats,tbl_ClaimLineItemActivity,"CONVERT(date, liaDtm) = @WorkDate","Order by 1, 2",0,V6,B73-4-3,1
BHG_DR,9,pats,tbl_ClaimLineItemActivity,CST,B75,4,3,1,SQL,2,SAMMS,Data Source=BHGDALLSQL05\SQL2016SAMMS;Connection Timeout=60;Integrated Security=True;Encrypt=False;Initial Catalog=SAMMS-LawrenceV6;,SAMMS-LawrenceV6,Select,2021-11-09,NULL,Lawrence,1,0,dbo,tbl3pClaimLineItemActivity,pats,tbl_ClaimLineItemActivity,"CONVERT(date, liaDtm) = @WorkDate","Order by 1, 2",0,V6,B75-4-3,1
BHG_DR,9,pats,tbl_ClaimLineItemActivity,CST,B76,4,3,1,SQL,2,SAMMS,Data Source=BHGDALLSQL05\SQL2016SAMMS;Connection Timeout=60;Integrated Security=True;Encrypt=False;Initial Catalog=SAMMS-Huntsville-OBOT;,SAMMS-Huntsville-OBOT,Select,NULL,NULL,Huntsville OBOT,1,0,dbo,tbl3pClaimLineItemActivity,pats,tbl_ClaimLineItemActivity,"CONVERT(date, liaDtm) = @WorkDate","Order by 1, 2",0,V6,B76-4-3,1
BHG_DR,9,pats,tbl_ClaimLineItemActivity,CST,BAT,4,3,1,SQL,2,SAMMS,Data Source=BHGDALLSQL05\SQL2016SAMMS;Connection Timeout=60;Integrated Security=True;Encrypt=False;Initial Catalog=SAMMS-Batesville;,SAMMS-Batesville,Select,NULL,NULL,Batesville,1,1,dbo,tbl3pClaimLineItemActivity,pats,tbl_ClaimLineItemActivity,"CONVERT(date, liaDtm) = @WorkDate","Order by 1, 2",0,V6,BAT-4-3,1
BHG_DR,9,pats,tbl_ClaimLineItemActivity,CST,BG,4,3,1,SQL,2,SAMMS,Data Source=BHGDALLSQL05\SQL2016SAMMS;Connection Timeout=60;Integrated Security=True;Encrypt=False;Initial Catalog=SAMMS-BowlingGreen;,SAMMS-BowlingGreen,Select,NULL,NULL,Bowling Green,1,1,dbo,tbl3pClaimLineItemActivity,pats,tbl_ClaimLineItemActivity,"CONVERT(date, liaDtm) = @WorkDate","Order by 1, 2",0,V6,BG-4-3,1
BHG_DR,9,pats,tbl_ClaimLineItemActivity,MST,BOI,4,3,1,SQL,2,SAMMS,Data Source=BHGDALLSQL05\SQL2016SAMMS;Connection Timeout=60;Integrated Security=True;Encrypt=False;Initial Catalog=SAMMS-Boise;,SAMMS-Boise,Select,NULL,NULL,Boise,1,1,dbo,tbl3pClaimLineItemActivity,pats,tbl_ClaimLineItemActivity,"CONVERT(date, liaDtm) = @WorkDate","Order by 1, 2",0,V6,BOI-4-3,1
BHG_DR,9,pats,tbl_ClaimLineItemActivity,MST,CBCO,4,3,1,SQL,2,SAMMS,Data Source=BHGDALLSQL05\SQL2016SAMMS;Connection Timeout=60;Integrated Security=True;Encrypt=False;Initial Catalog=SAMMS-CoeurdAleneV6;,SAMMS-CoeurdAleneV6,Select,NULL,NULL,Coeur d'Alene,1,1,dbo,tbl3pClaimLineItemActivity,pats,tbl_ClaimLineItemActivity,"CONVERT(date, liaDtm) = @WorkDate","Order by 1, 2",0,V6,CBCO-4-3,1
BHG_DR,9,pats,tbl_ClaimLineItemActivity,CST,CON,4,3,1,SQL,2,SAMMS,Data Source=BHGDALLSQL05\SQL2016SAMMS;Connection Timeout=60;Integrated Security=True;Encrypt=False;Initial Catalog=SAMMS-Conway;,SAMMS-Conway,Select,NULL,NULL,Conway,1,1,dbo,tbl3pClaimLineItemActivity,pats,tbl_ClaimLineItemActivity,"CONVERT(date, liaDtm) = @WorkDate","Order by 1, 2",0,V6,CON-4-3,1
BHG_DR,9,pats,tbl_ClaimLineItemActivity,EST,D07,4,3,1,SQL,2,SAMMS,Data Source=BHGDALLSQL05\SQL2016SAMMS;Connection Timeout=60;Integrated Security=True;Encrypt=False;Initial Catalog=SAMMS-KnoxvilleV6;,SAMMS-KnoxvilleV6,Select,NULL,NULL,Medical Services Knox TN,1,1,dbo,tbl3pClaimLineItemActivity,pats,tbl_ClaimLineItemActivity,"CONVERT(date, liaDtm) = @WorkDate","Order by 1, 2",0,V6,D07-4-3,1
BHG_DR,9,pats,tbl_ClaimLineItemActivity,EST,D08,4,3,1,SQL,2,SAMMS,Data Source=BHGDALLSQL05\SQL2016SAMMS;Connection Timeout=60;Integrated Security=True;Encrypt=False;Initial Catalog=SAMMS-MadisonV6;,SAMMS-MadisonV6,Select,NULL,NULL,Madison,1,1,dbo,tbl3pClaimLineItemActivity,pats,tbl_ClaimLineItemActivity,"CONVERT(date, liaDtm) = @WorkDate","Order by 1, 2",0,V6,D08-4-3,1
BHG_DR,9,pats,tbl_ClaimLineItemActivity,EST,D09,4,3,1,SQL,2,SAMMS,Data Source=BHGDALLSQL05\SQL2016SAMMS;Connection Timeout=60;Integrated Security=True;Encrypt=False;Initial Catalog=SAMMS-MurfreesboroV6;,SAMMS-MurfreesboroV6,Select,NULL,NULL,Murfreesboro,1,1,dbo,tbl3pClaimLineItemActivity,pats,tbl_ClaimLineItemActivity,"CONVERT(date, liaDtm) = @WorkDate","Order by 1, 2",0,V6,D09-4-3,1
BHG_DR,9,pats,tbl_ClaimLineItemActivity,CST,DA,4,3,1,SQL,2,SAMMS,Data Source=BHGDALLSQL05\SQL2016SAMMS;Connection Timeout=60;Integrated Security=True;Encrypt=False;Initial Catalog=SAMMS-Davenport;,SAMMS-Davenport,Select,NULL,NULL,Davenport,1,1,dbo,tbl3pClaimLineItemActivity,pats,tbl_ClaimLineItemActivity,"CONVERT(date, liaDtm) = @WorkDate","Order by 1, 2",0,V6,DA-4-3,1
BHG_DR,9,pats,tbl_ClaimLineItemActivity,CST,DM,4,3,1,SQL,2,SAMMS,Data Source=BHGDALLSQL05\SQL2016SAMMS;Connection Timeout=60;Integrated Security=True;Encrypt=False;Initial Catalog=SAMMS-DesMoines;,SAMMS-DesMoines,Select,NULL,NULL,Des Moines,1,1,dbo,tbl3pClaimLineItemActivity,pats,tbl_ClaimLineItemActivity,"CONVERT(date, liaDtm) = @WorkDate","Order by 1, 2",0,V6,DM-4-3,1
BHG_DR,9,pats,tbl_ClaimLineItemActivity,CST,DRD-CO,4,3,1,SQL,2,SAMMS,Data Source=BHGDALLSQL05\SQL2016SAMMS;Connection Timeout=60;Integrated Security=True;Encrypt=False;Initial Catalog=SAMMS-ColumbiaV5;,SAMMS-ColumbiaV5,Select,NULL,NULL,Columbia MO,1,0,dbo,tbl3pClaimLineItemActivity,pats,tbl_ClaimLineItemActivity,"CONVERT(date, liaDtm) = @WorkDate","Order by 1, 2",0,V6,DRD-CO-4-3,1
BHG_DR,9,pats,tbl_ClaimLineItemActivity,CST,DRD-KC,4,3,1,SQL,2,SAMMS,Data Source=BHGDALLSQL05\SQL2016SAMMS;Connection Timeout=60;Integrated Security=True;Encrypt=False;Initial Catalog=SAMMS-KCv5;,SAMMS-KCv5,Select,NULL,NULL,KC,1,0,dbo,tbl3pClaimLineItemActivity,pats,tbl_ClaimLineItemActivity,"CONVERT(date, liaDtm) = @WorkDate","Order by 1, 2",0,V6,DRD-KC-4-3,1
BHG_DR,9,pats,tbl_ClaimLineItemActivity,EST,DRD-KVB,4,3,1,SQL,2,SAMMS,Data Source=BHGDALLSQL05\SQL2016SAMMS;Connection Timeout=60;Integrated Security=True;Encrypt=False;Initial Catalog=SAMMS-KVBv5;,SAMMS-KVBv5,Select,NULL,NULL,KVB,1,0,dbo,tbl3pClaimLineItemActivity,pats,tbl_ClaimLineItemActivity,"CONVERT(date, liaDtm) = @WorkDate","Order by 1, 2",0,V6,DRD-KVB-4-3,1
BHG_DR,9,pats,tbl_ClaimLineItemActivity,EST,DRD-KVC,4,3,1,SQL,2,SAMMS,Data Source=BHGDALLSQL05\SQL2016SAMMS;Connection Timeout=60;Integrated Security=True;Encrypt=False;Initial Catalog=SAMMS-KVCv5;,SAMMS-KVCv5,Select,NULL,NULL,KVC,1,0,dbo,tbl3pClaimLineItemActivity,pats,tbl_ClaimLineItemActivity,"CONVERT(date, liaDtm) = @WorkDate","Order by 1, 2",0,V6,DRD-KVC-4-3,1
BHG_DR,9,pats,tbl_ClaimLineItemActivity,CST,DRD-NOLA,4,3,1,SQL,2,SAMMS,Data Source=BHGDALLSQL05\SQL2016SAMMS;Connection Timeout=60;Integrated Security=True;Encrypt=False;Initial Catalog=SAMMS-NOLAv5;,SAMMS-NOLAv5,Select,1985-01-01,NULL,NOLA,1,1,dbo,tbl3pClaimLineItemActivity,pats,tbl_ClaimLineItemActivity,"CONVERT(date, liaDtm) = @WorkDate","Order by 1, 2",0,V6,DRD-NOLA-4-3,1
BHG_DR,9,pats,tbl_ClaimLineItemActivity,CST,DRD-SF,4,3,1,SQL,2,SAMMS,Data Source=BHGDALLSQL05\SQL2016SAMMS;Connection Timeout=60;Integrated Security=True;Encrypt=False;Initial Catalog=SAMMS-SFv5;,SAMMS-SFv5,Select,NULL,NULL,Springfield,1,0,dbo,tbl3pClaimLineItemActivity,pats,tbl_ClaimLineItemActivity,"CONVERT(date, liaDtm) = @WorkDate","Order by 1, 2",0,V6,DRD-SF-4-3,1
BHG_DR,9,pats,tbl_ClaimLineItemActivity,EST,ELC,4,3,1,SQL,2,SAMMS,Data Source=BHGDALLSQL05\SQL2016SAMMS;Connection Timeout=60;Integrated Security=True;Encrypt=False;Initial Catalog=SAMMS-ElizabethCity ;,"SAMMS-ElizabethCity ",Select,NULL,NULL,Elizabeth City,1,1,dbo,tbl3pClaimLineItemActivity,pats,tbl_ClaimLineItemActivity,"CONVERT(date, liaDtm) = @WorkDate","Order by 1, 2",0,V6,ELC-4-3,1
BHG_DR,9,pats,tbl_ClaimLineItemActivity,CST,ET,4,3,1,SQL,2,SAMMS,Data Source=BHGDALLSQL05\SQL2016SAMMS;Connection Timeout=60;Integrated Security=True;Encrypt=False;Initial Catalog=SAMMS-Elizabethtown;,SAMMS-Elizabethtown,Select,NULL,NULL,Elizabethtown,1,1,dbo,tbl3pClaimLineItemActivity,pats,tbl_ClaimLineItemActivity,"CONVERT(date, liaDtm) = @WorkDate","Order by 1, 2",0,V6,ET-4-3,1
BHG_DR,9,pats,tbl_ClaimLineItemActivity,CST,FAY,4,3,1,SQL,2,SAMMS,Data Source=BHGDALLSQL05\SQL2016SAMMS;Connection Timeout=60;Integrated Security=True;Encrypt=False;Initial Catalog=SAMMS-Fayetteville;,SAMMS-Fayetteville,Select,2019-08-15,NULL,Fayetteville,1,1,dbo,tbl3pClaimLineItemActivity,pats,tbl_ClaimLineItemActivity,"CONVERT(date, liaDtm) = @WorkDate","Order by 1, 2",0,V6,FAY-4-3,1
BHG_DR,9,pats,tbl_ClaimLineItemActivity,CST,FR,4,3,1,SQL,2,SAMMS,Data Source=BHGDALLSQL05\SQL2016SAMMS;Connection Timeout=60;Integrated Security=True;Encrypt=False;Initial Catalog=SAMMS-Frankfort;,SAMMS-Frankfort,Select,NULL,NULL,Frankfort,1,1,dbo,tbl3pClaimLineItemActivity,pats,tbl_ClaimLineItemActivity,"CONVERT(date, liaDtm) = @WorkDate","Order by 1, 2",0,V6,FR-4-3,1
BHG_DR,9,pats,tbl_ClaimLineItemActivity,CST,FS,4,3,1,SQL,2,SAMMS,Data Source=BHGDALLSQL05\SQL2016SAMMS;Connection Timeout=60;Integrated Security=True;Encrypt=False;Initial Catalog=SAMMS-FortSmith;,SAMMS-FortSmith,Select,2019-08-15,NULL,Fort Smith,1,1,dbo,tbl3pClaimLineItemActivity,pats,tbl_ClaimLineItemActivity,"CONVERT(date, liaDtm) = @WorkDate","Order by 1, 2",0,V6,FS-4-3,1
BHG_DR,9,pats,tbl_ClaimLineItemActivity,EST,FW,4,3,1,SQL,2,SAMMS,Data Source=BHGDALLSQL05\SQL2016SAMMS;Connection Timeout=60;Integrated Security=True;Encrypt=False;Initial Catalog=SAMMS-FortWayne;,SAMMS-FortWayne,Select,NULL,NULL,Fort Wayne,1,1,dbo,tbl3pClaimLineItemActivity,pats,tbl_ClaimLineItemActivity,"CONVERT(date, liaDtm) = @WorkDate","Order by 1, 2",0,V6,FW-4-3,1
BHG_DR,9,pats,tbl_ClaimLineItemActivity,EST,GAL,4,3,1,SQL,2,SAMMS,Data Source=BHGDALLSQL05\SQL2016SAMMS;Connection Timeout=60;Integrated Security=True;Encrypt=False;Initial Catalog=SAMMS-Gaylord ;,"SAMMS-Gaylord ",Select,NULL,NULL,Gaylord,1,1,dbo,tbl3pClaimLineItemActivity,pats,tbl_ClaimLineItemActivity,"CONVERT(date, liaDtm) = @WorkDate","Order by 1, 2",0,V6,GAL-4-3,1
BHG_DR,9,pats,tbl_ClaimLineItemActivity,EST,GRC,4,3,1,SQL,2,SAMMS,Data Source=BHGDALLSQL05\SQL2016SAMMS;Connection Timeout=60;Integrated Security=True;Encrypt=False;Initial Catalog=SAMMS-GreenfieldV5;,SAMMS-GreenfieldV5,Select,2018-12-05,NULL,Greenfield,0,0,dbo,tbl3pClaimLineItemActivity,pats,tbl_ClaimLineItemActivity,"CONVERT(date, liaDtm) = @WorkDate","Order by 1, 2",0,V6,GRC-4-3,1
BHG_DR,9,pats,tbl_ClaimLineItemActivity,EST,HGT,4,3,1,SQL,2,SAMMS,Data Source=BHGDALLSQL05\SQL2016SAMMS;Connection Timeout=60;Integrated Security=True;Encrypt=False;Initial Catalog=SAMMS-Hagerstown;,SAMMS-Hagerstown,Select,NULL,NULL,Hagerstown,1,0,dbo,tbl3pClaimLineItemActivity,pats,tbl_ClaimLineItemActivity,"CONVERT(date, liaDtm) = @WorkDate","Order by 1, 2",0,V6,HGT-4-3,1
BHG_DR,9,pats,tbl_ClaimLineItemActivity,CST,HNT,4,3,1,SQL,2,SAMMS,Data Source=BHGDALLSQL05\SQL2016SAMMS;Connection Timeout=60;Integrated Security=True;Encrypt=False;Initial Catalog=SAMMS-Huntsville;,SAMMS-Huntsville,Select,NULL,NULL,Huntsville,1,1,dbo,tbl3pClaimLineItemActivity,pats,tbl_ClaimLineItemActivity,"CONVERT(date, liaDtm) = @WorkDate","Order by 1, 2",0,V6,HNT-4-3,1
BHG_DR,9,pats,tbl_ClaimLineItemActivity,CST,HS,4,3,1,SQL,2,SAMMS,Data Source=BHGDALLSQL05\SQL2016SAMMS;Connection Timeout=60;Integrated Security=True;Encrypt=False;Initial Catalog=SAMMS-HotSprings;,SAMMS-HotSprings,Select,2019-08-15,NULL,Hot Springs,1,1,dbo,tbl3pClaimLineItemActivity,pats,tbl_ClaimLineItemActivity,"CONVERT(date, liaDtm) = @WorkDate","Order by 1, 2",0,V6,HS-4-3,1
BHG_DR,9,pats,tbl_ClaimLineItemActivity,CST,JON,4,3,1,SQL,2,SAMMS,Data Source=BHGDALLSQL05\SQL2016SAMMS;Connection Timeout=60;Integrated Security=True;Encrypt=False;Initial Catalog=SAMMS-Jonesboro;,SAMMS-Jonesboro,Select,NULL,NULL,Jonesboro,1,1,dbo,tbl3pClaimLineItemActivity,pats,tbl_ClaimLineItemActivity,"CONVERT(date, liaDtm) = @WorkDate","Order by 1, 2",0,V6,JON-4-3,1
BHG_DR,9,pats,tbl_ClaimLineItemActivity,EST,Lab,4,3,1,SQL,2,SAMMS,Data Source=BHGDALLSQL05\SQL2016SAMMS;Connection Timeout=60;Integrated Security=True;Encrypt=False;Initial Catalog=SAMMS-LabV5-V2;,SAMMS-LabV5-V2,Select,NULL,NULL,Reference Lab,1,0,dbo,tbl3pClaimLineItemActivity,pats,tbl_ClaimLineItemActivity,"CONVERT(date, liaDtm) = @WorkDate","Order by 1, 2",0,V6,Lab-4-3,1
BHG_DR,9,pats,tbl_ClaimLineItemActivity,EST,LAN,4,3,1,SQL,2,SAMMS,Data Source=BHGDALLSQL05\SQL2016SAMMS;Connection Timeout=60;Integrated Security=True;Encrypt=False;Initial Catalog=SAMMS-Lansing ;,"SAMMS-Lansing ",Select,NULL,NULL,Lansing,1,1,dbo,tbl3pClaimLineItemActivity,pats,tbl_ClaimLineItemActivity,"CONVERT(date, liaDtm) = @WorkDate","Order by 1, 2",0,V6,LAN-4-3,1
BHG_DR,9,pats,tbl_ClaimLineItemActivity,CST,LO,4,3,1,SQL,2,SAMMS,Data Source=BHGDALLSQL05\SQL2016SAMMS;Connection Timeout=60;Integrated Security=True;Encrypt=False;Initial Catalog=SAMMS-Louisville;,SAMMS-Louisville,Select,NULL,NULL,Louisville,1,1,dbo,tbl3pClaimLineItemActivity,pats,tbl_ClaimLineItemActivity,"CONVERT(date, liaDtm) = @WorkDate","Order by 1, 2",0,V6,LO-4-3,1
BHG_DR,9,pats,tbl_ClaimLineItemActivity,PST,LV1,4,3,1,SQL,2,SAMMS,Data Source=BHGDALLSQL05\SQL2016SAMMS;Connection Timeout=60;Integrated Security=True;Encrypt=False;Initial Catalog=SAMMS-Cheyenne;,SAMMS-Cheyenne,Select,NULL,NULL,Cheyenne,1,1,dbo,tbl3pClaimLineItemActivity,pats,tbl_ClaimLineItemActivity,"CONVERT(date, liaDtm) = @WorkDate","Order by 1, 2",0,V6,LV1-4-3,1
BHG_DR,9,pats,tbl_ClaimLineItemActivity,PST,LV2,4,3,1,SQL,2,SAMMS,Data Source=BHGDALLSQL05\SQL2016SAMMS;Connection Timeout=60;Integrated Security=True;Encrypt=False;Initial Catalog=SAMMS-DesertInn;,SAMMS-DesertInn,Select,NULL,NULL,Desert Inn,1,1,dbo,tbl3pClaimLineItemActivity,pats,tbl_ClaimLineItemActivity,"CONVERT(date, liaDtm) = @WorkDate","Order by 1, 2",0,V6,LV2-4-3,1
BHG_DR,9,pats,tbl_ClaimLineItemActivity,PST,LV3,4,3,1,SQL,2,SAMMS,Data Source=BHGDALLSQL05\SQL2016SAMMS;Connection Timeout=60;Integrated Security=True;Encrypt=False;Initial Catalog=SAMMS-McDaniel;,SAMMS-McDaniel,Select,NULL,NULL,McDaniel,1,1,dbo,tbl3pClaimLineItemActivity,pats,tbl_ClaimLineItemActivity,"CONVERT(date, liaDtm) = @WorkDate","Order by 1, 2",0,V6,LV3-4-3,1
BHG_DR,9,pats,tbl_ClaimLineItemActivity,CST,MNRE,4,3,1,SQL,2,SAMMS,Data Source=BHGDALLSQL05\SQL2016SAMMS;Connection Timeout=60;Integrated Security=True;Encrypt=False;Initial Catalog=SAMMS-Monroe;,SAMMS-Monroe,Select,NULL,NULL,Monroe,1,1,dbo,tbl3pClaimLineItemActivity,pats,tbl_ClaimLineItemActivity,"CONVERT(date, liaDtm) = @WorkDate","Order by 1, 2",0,V6,MNRE-4-3,1
BHG_DR,9,pats,tbl_ClaimLineItemActivity,EST,MP,4,3,1,SQL,2,SAMMS,Data Source=BHGDALLSQL05\SQL2016SAMMS;Connection Timeout=60;Integrated Security=True;Encrypt=False;Initial Catalog=SAMMS-MtPleasant ;,"SAMMS-MtPleasant ",Select,NULL,NULL,Mt. Pleasant,1,1,dbo,tbl3pClaimLineItemActivity,pats,tbl_ClaimLineItemActivity,"CONVERT(date, liaDtm) = @WorkDate","Order by 1, 2",0,V6,MP-4-3,1
BHG_DR,9,pats,tbl_ClaimLineItemActivity,MST,MRD,4,3,1,SQL,2,SAMMS,Data Source=BHGDALLSQL05\SQL2016SAMMS;Connection Timeout=60;Integrated Security=True;Encrypt=False;Initial Catalog=SAMMS-Meridian;,SAMMS-Meridian,Select,NULL,NULL,Meridian,1,1,dbo,tbl3pClaimLineItemActivity,pats,tbl_ClaimLineItemActivity,"CONVERT(date, liaDtm) = @WorkDate","Order by 1, 2",0,V6,MRD-4-3,1
BHG_DR,9,pats,tbl_ClaimLineItemActivity,EST,NC,4,3,1,SQL,2,SAMMS,Data Source=BHGDALLSQL05\SQL2016SAMMS;Connection Timeout=60;Integrated Security=True;Encrypt=False;Initial Catalog=SAMMS-NorthCharleston;,SAMMS-NorthCharleston,Select,NULL,NULL,North Charleston,1,1,dbo,tbl3pClaimLineItemActivity,pats,tbl_ClaimLineItemActivity,"CONVERT(date, liaDtm) = @WorkDate","Order by 1, 2",0,V6,NC-4-3,1
BHG_DR,9,pats,tbl_ClaimLineItemActivity,CST,NLR,4,3,1,SQL,2,SAMMS,Data Source=BHGDALLSQL05\SQL2016SAMMS;Connection Timeout=60;Integrated Security=True;Encrypt=False;Initial Catalog=SAMMS-NLROBOT;,SAMMS-NLROBOT,Select,2019-08-15,NULL,N. Little Rock,1,1,dbo,tbl3pClaimLineItemActivity,pats,tbl_ClaimLineItemActivity,"CONVERT(date, liaDtm) = @WorkDate","Order by 1, 2",0,V6,NLR-4-3,1
BHG_DR,9,pats,tbl_ClaimLineItemActivity,MST,PH,4,3,1,SQL,2,SAMMS,Data Source=BHGDALLSQL05\SQL2016SAMMS;Connection Timeout=60;Integrated Security=True;Encrypt=False;Initial Catalog=SAMMS-Phoenix;,SAMMS-Phoenix,Select,NULL,NULL,Phoenix,1,1,dbo,tbl3pClaimLineItemActivity,pats,tbl_ClaimLineItemActivity,"CONVERT(date, liaDtm) = @WorkDate","Order by 1, 2",0,V6,PH-4-3,1
BHG_DR,9,pats,tbl_ClaimLineItemActivity,PST,RE,4,3,1,SQL,2,SAMMS,Data Source=BHGDALLSQL05\SQL2016SAMMS;Connection Timeout=60;Integrated Security=True;Encrypt=False;Initial Catalog=SAMMS-Reno;,SAMMS-Reno,Select,NULL,NULL,Reno,1,1,dbo,tbl3pClaimLineItemActivity,pats,tbl_ClaimLineItemActivity,"CONVERT(date, liaDtm) = @WorkDate","Order by 1, 2",0,V6,RE-4-3,1
BHG_DR,9,pats,tbl_ClaimLineItemActivity,CST,RMD,4,3,1,SQL,2,SAMMS,Data Source=BHGDALLSQL05\SQL2016SAMMS;Connection Timeout=60;Integrated Security=True;Encrypt=False;Initial Catalog=SAMMS-Richmond;,SAMMS-Richmond,Select,NULL,NULL,Richmond,1,1,dbo,tbl3pClaimLineItemActivity,pats,tbl_ClaimLineItemActivity,"CONVERT(date, liaDtm) = @WorkDate","Order by 1, 2",0,V6,RMD-4-3,1
BHG_DR,9,pats,tbl_ClaimLineItemActivity,CST,SFN,4,3,1,SQL,2,SAMMS,Data Source=BHGDALLSQL05\SQL2016SAMMS;Connection Timeout=60;Integrated Security=True;Encrypt=False;Initial Catalog=SAMMS-SFNv5;,SAMMS-SFNv5,Select,NULL,NULL,Springfield North,1,0,dbo,tbl3pClaimLineItemActivity,pats,tbl_ClaimLineItemActivity,"CONVERT(date, liaDtm) = @WorkDate","Order by 1, 2",0,V6,SFN-4-3,1
BHG_DR,9,pats,tbl_ClaimLineItemActivity,CST,SHP,4,3,1,SQL,2,SAMMS,Data Source=BHGDALLSQL05\SQL2016SAMMS;Connection Timeout=60;Integrated Security=True;Encrypt=False;Initial Catalog=SAMMS-Shreveport;,SAMMS-Shreveport,Select,NULL,NULL,Shreveport,1,1,dbo,tbl3pClaimLineItemActivity,pats,tbl_ClaimLineItemActivity,"CONVERT(date, liaDtm) = @WorkDate","Order by 1, 2",0,V6,SHP-4-3,1
BHG_DR,9,pats,tbl_ClaimLineItemActivity,EST,STN,4,3,1,SQL,2,SAMMS,Data Source=BHGDALLSQL05\SQL2016SAMMS;Connection Timeout=60;Integrated Security=True;Encrypt=False;Initial Catalog=SAMMS-Staunton;,SAMMS-Staunton,Select,NULL,NULL,Staunton,1,1,dbo,tbl3pClaimLineItemActivity,pats,tbl_ClaimLineItemActivity,"CONVERT(date, liaDtm) = @WorkDate","Order by 1, 2",0,V6,STN-4-3,1
BHG_DR,9,pats,tbl_ClaimLineItemActivity,CST,STVN,4,3,1,SQL,2,SAMMS,Data Source=BHGDALLSQL05\SQL2016SAMMS;Connection Timeout=60;Integrated Security=True;Encrypt=False;Initial Catalog=SAMMS-Stevenson;,SAMMS-Stevenson,Select,NULL,NULL,Stevenson,1,1,dbo,tbl3pClaimLineItemActivity,pats,tbl_ClaimLineItemActivity,"CONVERT(date, liaDtm) = @WorkDate","Order by 1, 2",0,V6,STVN-4-3,1
BHG_DR,9,pats,tbl_ClaimLineItemActivity,MST,TE,4,3,1,SQL,2,SAMMS,Data Source=BHGDALLSQL05\SQL2016SAMMS;Connection Timeout=60;Integrated Security=True;Encrypt=False;Initial Catalog=SAMMS-Tempe;,SAMMS-Tempe,Select,NULL,NULL,Tempe,1,1,dbo,tbl3pClaimLineItemActivity,pats,tbl_ClaimLineItemActivity,"CONVERT(date, liaDtm) = @WorkDate","Order by 1, 2",0,V6,TE-4-3,1
BHG_DR,9,pats,tbl_ClaimLineItemActivity,CST,TEX,4,3,1,SQL,2,SAMMS,Data Source=BHGDALLSQL05\SQL2016SAMMS;Connection Timeout=60;Integrated Security=True;Encrypt=False;Initial Catalog=SAMMS-Texarkana;,SAMMS-Texarkana,Select,NULL,NULL,Texarkana,1,1,dbo,tbl3pClaimLineItemActivity,pats,tbl_ClaimLineItemActivity,"CONVERT(date, liaDtm) = @WorkDate","Order by 1, 2",0,V6,TEX-4-3,1
BHG_DR,9,pats,tbl_ClaimLineItemActivity,CST,TTCA,4,3,1,SQL,2,SAMMS,Data Source=BHGDALLSQL05\SQL2016SAMMS;Connection Timeout=60;Integrated Security=True;Encrypt=False;Initial Catalog=SAMMS-BessemerV5;,SAMMS-BessemerV5,Select,2018-09-24,NULL,Bessemer,1,0,dbo,tbl3pClaimLineItemActivity,pats,tbl_ClaimLineItemActivity,"CONVERT(date, liaDtm) = @WorkDate","Order by 1, 2",0,V6,TTCA-4-3,1
BHG_DR,9,pats,tbl_ClaimLineItemActivity,CST,TTCB,4,3,1,SQL,2,SAMMS,Data Source=BHGDALLSQL05\SQL2016SAMMS;Connection Timeout=60;Integrated Security=True;Encrypt=False;Initial Catalog=SAMMS-CullmanV5;,SAMMS-CullmanV5,Select,2019-02-26,NULL,Cullman,1,0,dbo,tbl3pClaimLineItemActivity,pats,tbl_ClaimLineItemActivity,"CONVERT(date, liaDtm) = @WorkDate","Order by 1, 2",0,V6,TTCB-4-3,1
BHG_DR,9,pats,tbl_ClaimLineItemActivity,CST,TTCC,4,3,1,SQL,2,SAMMS,Data Source=BHGDALLSQL05\SQL2016SAMMS;Connection Timeout=60;Integrated Security=True;Encrypt=False;Initial Catalog=SAMMS-GrandBay;,SAMMS-GrandBay,Select,2019-12-31,NULL,Grand Bay,1,1,dbo,tbl3pClaimLineItemActivity,pats,tbl_ClaimLineItemActivity,"CONVERT(date, liaDtm) = @WorkDate","Order by 1, 2",0,V6,TTCC-4-3,1
BHG_DR,9,pats,tbl_ClaimLineItemActivity,MST,TU,4,3,1,SQL,2,SAMMS,Data Source=BHGDALLSQL05\SQL2016SAMMS;Connection Timeout=60;Integrated Security=True;Encrypt=False;Initial Catalog=SAMMS-Tucson;,SAMMS-Tucson,Select,NULL,NULL,Tucson,1,1,dbo,tbl3pClaimLineItemActivity,pats,tbl_ClaimLineItemActivity,"CONVERT(date, liaDtm) = @WorkDate","Order by 1, 2",0,V6,TU-4-3,1
BHG_DR,9,pats,tbl_ClaimLineItemActivity,EST,V1,4,3,1,SQL,2,SAMMS,Data Source=BHGDALLSQL05\SQL2016SAMMS;Connection Timeout=60;Integrated Security=True;Encrypt=False;Initial Catalog=SAMMS-VCPHCS-I-MemphisV5;,SAMMS-VCPHCS-I-MemphisV5,Select,NULL,NULL,Memphis South,1,0,dbo,tbl3pClaimLineItemActivity,pats,tbl_ClaimLineItemActivity,"CONVERT(date, liaDtm) = @WorkDate","Order by 1, 2",0,V6,V1-4-3,1
BHG_DR,9,pats,tbl_ClaimLineItemActivity,MST,V10,4,3,1,SQL,2,SAMMS,Data Source=BHGDALLSQL05\SQL2016SAMMS;Connection Timeout=60;Integrated Security=True;Encrypt=False;Initial Catalog=SAMMS-BoulderV5;,SAMMS-BoulderV5,Select,NULL,NULL,Longmont,1,1,dbo,tbl3pClaimLineItemActivity,pats,tbl_ClaimLineItemActivity,"CONVERT(date, liaDtm) = @WorkDate","Order by 1, 2",0,V6,V10-4-3,1
BHG_DR,9,pats,tbl_ClaimLineItemActivity,MST,V10A,4,3,1,SQL,2,SAMMS,Data Source=BHGDALLSQL05\SQL2016SAMMS;Connection Timeout=60;Integrated Security=True;Encrypt=False;Initial Catalog=SAMMS-FortCollinsV5;,SAMMS-FortCollinsV5,Select,NULL,NULL,Fort Collins,1,1,dbo,tbl3pClaimLineItemActivity,pats,tbl_ClaimLineItemActivity,"CONVERT(date, liaDtm) = @WorkDate","Order by 1, 2",0,V6,V10A-4-3,1
BHG_DR,9,pats,tbl_ClaimLineItemActivity,MST,V11,4,3,1,SQL,2,SAMMS,Data Source=BHGDALLSQL05\SQL2016SAMMS;Connection Timeout=60;Integrated Security=True;Encrypt=False;Initial Catalog=SAMMS-VCPHCS-XI-NorthDenverV5;,SAMMS-VCPHCS-XI-NorthDenverV5,Select,NULL,NULL,Westminster,1,1,dbo,tbl3pClaimLineItemActivity,pats,tbl_ClaimLineItemActivity,"CONVERT(date, liaDtm) = @WorkDate","Order by 1, 2",0,V6,V11-4-3,1
BHG_DR,9,pats,tbl_ClaimLineItemActivity,MST,V12,4,3,1,SQL,2,SAMMS,Data Source=BHGDALLSQL05\SQL2016SAMMS;Connection Timeout=60;Integrated Security=True;Encrypt=False;Initial Catalog=SAMMS-VCPHCS-XII-DowntownDenverV5;,SAMMS-VCPHCS-XII-DowntownDenverV5,Select,NULL,NULL,Downtown Denver,1,1,dbo,tbl3pClaimLineItemActivity,pats,tbl_ClaimLineItemActivity,"CONVERT(date, liaDtm) = @WorkDate","Order by 1, 2",0,V6,V12-4-3,1
BHG_DR,9,pats,tbl_ClaimLineItemActivity,MST,V12A,4,3,1,SQL,2,SAMMS,Data Source=BHGDALLSQL05\SQL2016SAMMS;Connection Timeout=60;Integrated Security=True;Encrypt=False;Initial Catalog=SAMMS-CentennialV5;,SAMMS-CentennialV5,Select,NULL,NULL,Centennial,1,1,dbo,tbl3pClaimLineItemActivity,pats,tbl_ClaimLineItemActivity,"CONVERT(date, liaDtm) = @WorkDate","Order by 1, 2",0,V6,V12A-4-3,1
BHG_DR,9,pats,tbl_ClaimLineItemActivity,CST,V14,4,3,1,SQL,2,SAMMS,Data Source=BHGDALLSQL05\SQL2016SAMMS;Connection Timeout=60;Integrated Security=True;Encrypt=False;Initial Catalog=SAMMS-VCPHCS-XIV-BridgewayV5;,SAMMS-VCPHCS-XIV-BridgewayV5,Select,NULL,NULL,Overland Park,1,0,dbo,tbl3pClaimLineItemActivity,pats,tbl_ClaimLineItemActivity,"CONVERT(date, liaDtm) = @WorkDate","Order by 1, 2",0,V6,V14-4-3,1
BHG_DR,9,pats,tbl_ClaimLineItemActivity,CST,V15,4,3,1,SQL,2,SAMMS,Data Source=BHGDALLSQL05\SQL2016SAMMS;Connection Timeout=60;Integrated Security=True;Encrypt=False;Initial Catalog=SAMMS-JoplinV5;,SAMMS-JoplinV5,Select,NULL,NULL,Joplin,1,0,dbo,tbl3pClaimLineItemActivity,pats,tbl_ClaimLineItemActivity,"CONVERT(date, liaDtm) = @WorkDate","Order by 1, 2",0,V6,V15-4-3,1
BHG_DR,9,pats,tbl_ClaimLineItemActivity,EST,V17,4,3,1,SQL,2,SAMMS,Data Source=BHGDALLSQL05\SQL2016SAMMS;Connection Timeout=60;Integrated Security=True;Encrypt=False;Initial Catalog=SAMMS-ColumbiaTNv5;,SAMMS-ColumbiaTNv5,Select,NULL,NULL,Columbia TN,1,0,dbo,tbl3pClaimLineItemActivity,pats,tbl_ClaimLineItemActivity,"CONVERT(date, liaDtm) = @WorkDate","Order by 1, 2",0,V6,V17-4-3,1
BHG_DR,9,pats,tbl_ClaimLineItemActivity,EST,V19,4,3,1,SQL,2,SAMMS,Data Source=BHGDALLSQL05\SQL2016SAMMS;Connection Timeout=60;Integrated Security=True;Encrypt=False;Initial Catalog=SAMMS-JacksonV5;,SAMMS-JacksonV5,Select,NULL,NULL,Jackson,1,0,dbo,tbl3pClaimLineItemActivity,pats,tbl_ClaimLineItemActivity,"CONVERT(date, liaDtm) = @WorkDate","Order by 1, 2",0,V6,V19-4-3,1
BHG_DR,9,pats,tbl_ClaimLineItemActivity,EST,V20,4,3,1,SQL,2,SAMMS,Data Source=BHGDALLSQL05\SQL2016SAMMS;Connection Timeout=60;Integrated Security=True;Encrypt=False;Initial Catalog=SAMMS-ParisV5;,SAMMS-ParisV5,Select,NULL,NULL,Paris,1,0,dbo,tbl3pClaimLineItemActivity,pats,tbl_ClaimLineItemActivity,"CONVERT(date, liaDtm) = @WorkDate","Order by 1, 2",0,V6,V20-4-3,1
BHG_DR,9,pats,tbl_ClaimLineItemActivity,EST,V21,4,3,1,SQL,2,SAMMS,Data Source=BHGDALLSQL05\SQL2016SAMMS;Connection Timeout=60;Integrated Security=True;Encrypt=False;Initial Catalog=SAMMS-RaleighV5;,SAMMS-RaleighV5,Select,NULL,NULL,Memphis North,1,0,dbo,tbl3pClaimLineItemActivity,pats,tbl_ClaimLineItemActivity,"CONVERT(date, liaDtm) = @WorkDate","Order by 1, 2",0,V6,V21-4-3,1
BHG_DR,9,pats,tbl_ClaimLineItemActivity,CST,V5,4,3,1,SQL,2,SAMMS,Data Source=BHGDALLSQL05\SQL2016SAMMS;Connection Timeout=60;Integrated Security=True;Encrypt=False;Initial Catalog=SAMMS-NONTCv5;,SAMMS-NONTCv5,Select,NULL,NULL,West Bank,1,1,dbo,tbl3pClaimLineItemActivity,pats,tbl_ClaimLineItemActivity,"CONVERT(date, liaDtm) = @WorkDate","Order by 1, 2",0,V6,V5-4-3,1
BHG_DR,9,pats,tbl_ClaimLineItemActivity,CST,V5B,4,3,1,SQL,2,SAMMS,Data Source=BHGDALLSQL05\SQL2016SAMMS;Connection Timeout=60;Integrated Security=True;Encrypt=False;Initial Catalog=SAMMS-HoumaV6;,SAMMS-HoumaV6,Select,NULL,NULL,Houma,1,0,dbo,tbl3pClaimLineItemActivity,pats,tbl_ClaimLineItemActivity,"CONVERT(date, liaDtm) = @WorkDate","Order by 1, 2",0,v6,V5B-4-3,1
BHG_DR,9,pats,tbl_ClaimLineItemActivity,CST,V6,4,3,1,SQL,2,SAMMS,Data Source=BHGDALLSQL05\SQL2016SAMMS;Connection Timeout=60;Integrated Security=True;Encrypt=False;Initial Catalog=SAMMS-LCv5;,SAMMS-LCv5,Select,NULL,NULL,Lake Charles,1,1,dbo,tbl3pClaimLineItemActivity,pats,tbl_ClaimLineItemActivity,"CONVERT(date, liaDtm) = @WorkDate","Order by 1, 2",0,V6,V6-4-3,1
BHG_DR,9,pats,tbl_ClaimLineItemActivity,EST,V8,4,3,1,SQL,2,SAMMS,Data Source=BHGDALLSQL05\SQL2016SAMMS;Connection Timeout=60;Integrated Security=True;Encrypt=False;Initial Catalog=SAMMS-VCPHCS-VIII-MemphisV5;,SAMMS-VCPHCS-VIII-MemphisV5,Select,NULL,NULL,Memphis Midtown,1,0,dbo,tbl3pClaimLineItemActivity,pats,tbl_ClaimLineItemActivity,"CONVERT(date, liaDtm) = @WorkDate","Order by 1, 2",0,V6,V8-4-3,1
BHG_DR,9,pats,tbl_ClaimLineItemActivity,EST,V9,4,3,1,SQL,2,SAMMS,Data Source=BHGDALLSQL05\SQL2016SAMMS;Connection Timeout=60;Integrated Security=True;Encrypt=False;Initial Catalog=SAMMS-NashvilleV5;,SAMMS-NashvilleV5,Select,NULL,NULL,Nashville,1,0,dbo,tbl3pClaimLineItemActivity,pats,tbl_ClaimLineItemActivity,"CONVERT(date, liaDtm) = @WorkDate","Order by 1, 2",0,V6,V9-4-3,1
BHG_DR,9,pats,tbl_ClaimLineItemActivity,CST,VBRA,4,3,1,SQL,2,SAMMS,Data Source=BHGDALLSQL05\SQL2016SAMMS;Connection Timeout=60;Integrated Security=True;Encrypt=False;Initial Catalog=SAMMS-BrainerdV6;,SAMMS-BrainerdV6,Select,2021-11-01,NULL,Brainerd,1,1,dbo,tbl3pClaimLineItemActivity,pats,tbl_ClaimLineItemActivity,"CONVERT(date, liaDtm) = @WorkDate","Order by 1, 2",0,V6,VBRA-4-3,1
BHG_DR,9,pats,tbl_ClaimLineItemActivity,CST,VBRP,4,3,1,SQL,2,SAMMS,Data Source=BHGDALLSQL05\SQL2016SAMMS;Connection Timeout=60;Integrated Security=True;Encrypt=False;Initial Catalog=SAMMS-BrooklynParkV6;,SAMMS-BrooklynParkV6,Select,2021-11-01,NULL,Brooklyn Park,1,1,dbo,tbl3pClaimLineItemActivity,pats,tbl_ClaimLineItemActivity,"CONVERT(date, liaDtm) = @WorkDate","Order by 1, 2",0,V6,VBRP-4-3,1
BHG_DR,9,pats,tbl_ClaimLineItemActivity,CST,VMIN,4,3,1,SQL,2,SAMMS,Data Source=BHGDALLSQL05\SQL2016SAMMS;Connection Timeout=60;Integrated Security=True;Encrypt=False;Initial Catalog=SAMMS-MinneapolisV6;,SAMMS-MinneapolisV6,Select,2021-11-01,NULL,Minneapolis,1,1,dbo,tbl3pClaimLineItemActivity,pats,tbl_ClaimLineItemActivity,"CONVERT(date, liaDtm) = @WorkDate","Order by 1, 2",0,V6,VMIN-4-3,1
BHG_DR,9,pats,tbl_ClaimLineItemActivity,CST,VWBY,4,3,1,SQL,2,SAMMS,Data Source=BHGDALLSQL05\SQL2016SAMMS;Connection Timeout=60;Integrated Security=True;Encrypt=False;Initial Catalog=SAMMS-WoodburyV6;,SAMMS-WoodburyV6,Select,2021-11-01,NULL,Woodbury,1,1,dbo,tbl3pClaimLineItemActivity,pats,tbl_ClaimLineItemActivity,"CONVERT(date, liaDtm) = @WorkDate","Order by 1, 2",0,V6,VWBY-4-3,1
BHG_DR,9,pats,tbl_ClaimLineItemActivity,EST,WIL,4,3,1,SQL,2,SAMMS,Data Source=BHGDALLSQL05\SQL2016SAMMS;Connection Timeout=60;Integrated Security=True;Encrypt=False;Initial Catalog=SAMMS-Wilson;,SAMMS-Wilson,Select,NULL,NULL,Wilson,1,1,dbo,tbl3pClaimLineItemActivity,pats,tbl_ClaimLineItemActivity,"CONVERT(date, liaDtm) = @WorkDate","Order by 1, 2",0,V6,WIL-4-3,1
BHG_DR,10,pats,tbl_Claims,EST,AHK,4,1,1,SQL,2,SAMMS,Data Source=BHGDALLSQL05\SQL2016SAMMS;Connection Timeout=60;Integrated Security=True;Encrypt=False;Initial Catalog=SAMMS-Ahoskie ;,"SAMMS-Ahoskie ",Select,NULL,NULL,Ahoskie,1,1,dbo,tbl3pClaim,pats,tbl_Claims,"Year(convert(date, tpcCreatedDate)) >= Year(@WorkDate)",Order by tpccltID,0,V6,AHK-4-1,1
BHG_DR,10,pats,tbl_Claims,MST,B12B,4,1,1,SQL,2,SAMMS,Data Source=BHGDALLSQL05\SQL2016SAMMS;Connection Timeout=60;Integrated Security=True;Encrypt=False;Initial Catalog=SAMMS-ColoradoSpringsV5;,SAMMS-ColoradoSpringsV5,Select,NULL,NULL,Colorado Springs,1,0,dbo,tbl3pClaim,pats,tbl_Claims,"Year(convert(date, tpcCreatedDate)) >= Year(@WorkDate)",Order by tpccltID,0,V6,B12B-4-1,1
BHG_DR,10,pats,tbl_Claims,CST,B24,4,1,1,SQL,2,SAMMS,Data Source=BHGDALLSQL05\SQL2016SAMMS;Connection Timeout=60;Integrated Security=True;Encrypt=False;Initial Catalog=SAMMS-PaintsvilleV5;,SAMMS-PaintsvilleV5,Select,NULL,NULL,Paintsville,1,1,dbo,tbl3pClaim,pats,tbl_Claims,"Year(convert(date, tpcCreatedDate)) >= Year(@WorkDate)",Order by tpccltID,0,V6,B24-4-1,1
BHG_DR,10,pats,tbl_Claims,CST,B25,4,1,1,SQL,2,SAMMS,Data Source=BHGDALLSQL05\SQL2016SAMMS;Connection Timeout=60;Integrated Security=True;Encrypt=False;Initial Catalog=SAMMS-PikevilleV5;,SAMMS-PikevilleV5,Select,NULL,NULL,Pikeville,1,1,dbo,tbl3pClaim,pats,tbl_Claims,"Year(convert(date, tpcCreatedDate)) >= Year(@WorkDate)",Order by tpccltID,0,V6,B25-4-1,1
BHG_DR,10,pats,tbl_Claims,CST,B26,4,1,1,SQL,2,SAMMS,Data Source=BHGDALLSQL05\SQL2016SAMMS;Connection Timeout=60;Integrated Security=True;Encrypt=False;Initial Catalog=SAMMS-HazardV5;,SAMMS-HazardV5,Select,NULL,NULL,Hazard,1,0,dbo,tbl3pClaim,pats,tbl_Claims,"Year(convert(date, tpcCreatedDate)) >= Year(@WorkDate)",Order by tpccltID,0,V6,B26-4-1,1
BHG_DR,10,pats,tbl_Claims,EST,B27,4,1,1,SQL,2,SAMMS,Data Source=BHGDALLSQL05\SQL2016SAMMS;Connection Timeout=60;Integrated Security=True;Encrypt=False;Initial Catalog=SAMMS-SavannahV6;,SAMMS-SavannahV6,Select,2022-09-14,NULL,Savannah,1,1,dbo,tbl3pClaim,pats,tbl_Claims,"Year(convert(date, tpcCreatedDate)) >= Year(@WorkDate)",Order by tpccltID,0,V6,B27-4-1,1
BHG_DR,10,pats,tbl_Claims,CST,B28,4,1,1,SQL,2,SAMMS,Data Source=BHGDALLSQL05\SQL2016SAMMS;Connection Timeout=60;Integrated Security=True;Encrypt=False;Initial Catalog=SAMMS-WestPlainesV5;,SAMMS-WestPlainesV5,Select,NULL,NULL,West Plains,1,0,dbo,tbl3pClaim,pats,tbl_Claims,"Year(convert(date, tpcCreatedDate)) >= Year(@WorkDate)",Order by tpccltID,0,V6,B28-4-1,1
BHG_DR,10,pats,tbl_Claims,CST,B29,4,1,1,SQL,2,SAMMS,Data Source=BHGDALLSQL05\SQL2016SAMMS;Connection Timeout=60;Integrated Security=True;Encrypt=False;Initial Catalog=SAMMS-PoplarBluffV5;,SAMMS-PoplarBluffV5,Select,NULL,NULL,Poplar Bluff,1,0,dbo,tbl3pClaim,pats,tbl_Claims,"Year(convert(date, tpcCreatedDate)) >= Year(@WorkDate)",Order by tpccltID,0,V6,B29-4-1,1
BHG_DR,10,pats,tbl_Claims,CST,B30,4,1,1,SQL,2,SAMMS,Data Source=BHGDALLSQL05\SQL2016SAMMS;Connection Timeout=60;Integrated Security=True;Encrypt=False;Initial Catalog=SAMMS-KCNv5;,SAMMS-KCNv5,Select,2016-02-01,NULL,KC North,1,0,dbo,tbl3pClaim,pats,tbl_Claims,"Year(convert(date, tpcCreatedDate)) >= Year(@WorkDate)",Order by tpccltID,0,V6,B30-4-1,1
BHG_DR,10,pats,tbl_Claims,EST,B31,4,1,1,SQL,2,SAMMS,Data Source=BHGDALLSQL05\SQL2016SAMMS;Connection Timeout=60;Integrated Security=True;Encrypt=False;Initial Catalog=SAMMS-DyersburgV5;,SAMMS-DyersburgV5,Select,NULL,NULL,Dyersburg,1,0,dbo,tbl3pClaim,pats,tbl_Claims,"Year(convert(date, tpcCreatedDate)) >= Year(@WorkDate)",Order by tpccltID,0,V6,B31-4-1,1
BHG_DR,10,pats,tbl_Claims,CST,B33,4,1,1,SQL,2,SAMMS,Data Source=BHGDALLSQL05\SQL2016SAMMS;Connection Timeout=60;Integrated Security=True;Encrypt=False;Initial Catalog=SAMMS-Paducah;,SAMMS-Paducah,Select,NULL,NULL,Paducah,1,0,dbo,tbl3pClaim,pats,tbl_Claims,"Year(convert(date, tpcCreatedDate)) >= Year(@WorkDate)",Order by tpccltID,0,V6,B33-4-1,1
BHG_DR,10,pats,tbl_Claims,CST,B34,4,1,1,SQL,2,SAMMS,Data Source=BHGDALLSQL05\SQL2016SAMMS;Connection Timeout=60;Integrated Security=True;Encrypt=False;Initial Catalog=SAMMS-CorbinV5;,SAMMS-CorbinV5,Select,NULL,NULL,Corbin,1,0,dbo,tbl3pClaim,pats,tbl_Claims,"Year(convert(date, tpcCreatedDate)) >= Year(@WorkDate)",Order by tpccltID,0,V6,B34-4-1,1
BHG_DR,10,pats,tbl_Claims,CST,B35,4,1,1,SQL,2,SAMMS,Data Source=BHGDALLSQL05\SQL2016SAMMS;Connection Timeout=60;Integrated Security=True;Encrypt=False;Initial Catalog=SAMMS-LexingtonV5;,SAMMS-LexingtonV5,Select,NULL,NULL,Lexington,1,1,dbo,tbl3pClaim,pats,tbl_Claims,"Year(convert(date, tpcCreatedDate)) >= Year(@WorkDate)",Order by tpccltID,0,V6,B35-4-1,1
BHG_DR,10,pats,tbl_Claims,CST,B35A,4,1,1,SQL,2,SAMMS,Data Source=BHGDALLSQL05\SQL2016SAMMS;Connection Timeout=60;Integrated Security=True;Encrypt=False;Initial Catalog=SAMMS-BereaV5;,SAMMS-BereaV5,Select,2018-06-01,NULL,Berea,1,0,dbo,tbl3pClaim,pats,tbl_Claims,"Year(convert(date, tpcCreatedDate)) >= Year(@WorkDate)",Order by tpccltID,0,V6,B35A-4-1,1
BHG_DR,10,pats,tbl_Claims,EST,B36,4,1,1,SQL,2,SAMMS,Data Source=BHGDALLSQL05\SQL2016SAMMS;Connection Timeout=60;Integrated Security=True;Encrypt=False;Initial Catalog=SAMMS-AshevilleV5;,SAMMS-AshevilleV5,Select,2015-09-07,NULL,Asheville,1,0,dbo,tbl3pClaim,pats,tbl_Claims,"Year(convert(date, tpcCreatedDate)) >= Year(@WorkDate)",Order by tpccltID,0,V6,B36-4-1,1
BHG_DR,10,pats,tbl_Claims,EST,B37,4,1,1,SQL,2,SAMMS,Data Source=BHGDALLSQL05\SQL2016SAMMS;Connection Timeout=60;Integrated Security=True;Encrypt=False;Initial Catalog=SAMMS-ClydeV5;,SAMMS-ClydeV5,Select,2015-09-07,NULL,Clyde,1,0,dbo,tbl3pClaim,pats,tbl_Claims,"Year(convert(date, tpcCreatedDate)) >= Year(@WorkDate)",Order by tpccltID,0,V6,B37-4-1,1
BHG_DR,10,pats,tbl_Claims,EST,B38,4,1,1,SQL,2,SAMMS,Data Source=BHGDALLSQL05\SQL2016SAMMS;Connection Timeout=60;Integrated Security=True;Encrypt=False;Initial Catalog=SAMMS-SpartanburgV5;,SAMMS-SpartanburgV5,Select,2016-07-25,NULL,Spartanburg,1,0,dbo,tbl3pClaim,pats,tbl_Claims,"Year(convert(date, tpcCreatedDate)) >= Year(@WorkDate)",Order by tpccltID,0,V6,B38-4-1,1
BHG_DR,10,pats,tbl_Claims,EST,B39,4,1,1,SQL,2,SAMMS,Data Source=BHGDALLSQL05\SQL2016SAMMS;Connection Timeout=60;Integrated Security=True;Encrypt=False;Initial Catalog=SAMMS-AikenV5;,SAMMS-AikenV5,Select,2016-07-25,NULL,Aiken,1,0,dbo,tbl3pClaim,pats,tbl_Claims,"Year(convert(date, tpcCreatedDate)) >= Year(@WorkDate)",Order by tpccltID,0,V6,B39-4-1,1
BHG_DR,10,pats,tbl_Claims,EST,B41,4,1,1,SQL,2,SAMMS,Data Source=BHGDALLSQL05\SQL2016SAMMS;Connection Timeout=60;Integrated Security=True;Encrypt=False;Initial Catalog=SAMMS-ChesapeakeV5;,SAMMS-ChesapeakeV5,Select,2016-10-24,NULL,Chesapeake,1,0,dbo,tbl3pClaim,pats,tbl_Claims,"Year(convert(date, tpcCreatedDate)) >= Year(@WorkDate)",Order by tpccltID,0,V6,B41-4-1,1
BHG_DR,10,pats,tbl_Claims,EST,B42,4,1,1,SQL,2,SAMMS,Data Source=BHGDALLSQL05\SQL2016SAMMS;Connection Timeout=60;Integrated Security=True;Encrypt=False;Initial Catalog=SAMMS-VirginiaBeachV5;,SAMMS-VirginiaBeachV5,Select,2016-10-24,NULL,Virginia Beach,1,0,dbo,tbl3pClaim,pats,tbl_Claims,"Year(convert(date, tpcCreatedDate)) >= Year(@WorkDate)",Order by tpccltID,0,V6,B42-4-1,1
BHG_DR,10,pats,tbl_Claims,EST,B42A,4,1,1,SQL,2,SAMMS,Data Source=BHGDALLSQL05\SQL2016SAMMS;Connection Timeout=60;Integrated Security=True;Encrypt=False;Initial Catalog=SAMMS-NewportNewsV5;,SAMMS-NewportNewsV5,Select,2018-12-06,NULL,Newport News,1,0,dbo,tbl3pClaim,pats,tbl_Claims,"Year(convert(date, tpcCreatedDate)) >= Year(@WorkDate)",Order by tpccltID,0,V6,B42A-4-1,1
BHG_DR,10,pats,tbl_Claims,EST,B42B,4,1,1,SQL,2,SAMMS,Data Source=BHGDALLSQL05\SQL2016SAMMS;Connection Timeout=60;Integrated Security=True;Encrypt=False;Initial Catalog=SAMMS-FranklinV5;,SAMMS-FranklinV5,Select,2018-12-19,NULL,Franklin,1,0,dbo,tbl3pClaim,pats,tbl_Claims,"Year(convert(date, tpcCreatedDate)) >= Year(@WorkDate)",Order by tpccltID,0,V6,B42B-4-1,1
BHG_DR,10,pats,tbl_Claims,EST,B42C,4,1,1,SQL,2,SAMMS,Data Source=BHGDALLSQL05\SQL2016SAMMS;Connection Timeout=60;Integrated Security=True;Encrypt=False;Initial Catalog=SAMMS-GlenAllenV5;,SAMMS-GlenAllenV5,Select,2019-07-17,NULL,Glen Allen,1,0,dbo,tbl3pClaim,pats,tbl_Claims,"Year(convert(date, tpcCreatedDate)) >= Year(@WorkDate)",Order by tpccltID,0,V6,B42C-4-1,1
BHG_DR,10,pats,tbl_Claims,EST,B42D,4,1,1,SQL,2,SAMMS,Data Source=BHGDALLSQL05\SQL2016SAMMS;Connection Timeout=60;Integrated Security=True;Encrypt=False;Initial Catalog=SAMMS-ChesapeakeSouthV5;,SAMMS-ChesapeakeSouthV5,Select,2019-06-11,NULL,Chesapeake South,1,0,dbo,tbl3pClaim,pats,tbl_Claims,"Year(convert(date, tpcCreatedDate)) >= Year(@WorkDate)",Order by tpccltID,0,V6,B42D-4-1,1
BHG_DR,10,pats,tbl_Claims,EST,B44,4,1,1,SQL,2,SAMMS,Data Source=BHGDALLSQL05\SQL2016SAMMS;Connection Timeout=60;Integrated Security=True;Encrypt=False;Initial Catalog=SAMMS-AlbanyV5;,SAMMS-AlbanyV5,Select,2017-06-19,NULL,Albany,1,0,dbo,tbl3pClaim,pats,tbl_Claims,"Year(convert(date, tpcCreatedDate)) >= Year(@WorkDate)",Order by tpccltID,0,V6,B44-4-1,1
BHG_DR,10,pats,tbl_Claims,EST,B45,4,1,1,SQL,2,SAMMS,Data Source=BHGDALLSQL05\SQL2016SAMMS;Connection Timeout=60;Integrated Security=True;Encrypt=False;Initial Catalog=SAMMS-TiftonV5;,SAMMS-TiftonV5,Select,2017-06-19,NULL,Tifton,1,0,dbo,tbl3pClaim,pats,tbl_Claims,"Year(convert(date, tpcCreatedDate)) >= Year(@WorkDate)",Order by tpccltID,0,V6,B45-4-1,1
BHG_DR,10,pats,tbl_Claims,CST,B46,4,1,1,SQL,2,SAMMS,Data Source=BHGDALLSQL05\SQL2016SAMMS;Connection Timeout=60;Integrated Security=True;Encrypt=False;Initial Catalog=SAMMS-WashingtonDCv5;,SAMMS-WashingtonDCv5,Select,2019-03-20,NULL,Washington DC,1,0,dbo,tbl3pClaim,pats,tbl_Claims,"Year(convert(date, tpcCreatedDate)) >= Year(@WorkDate)",Order by tpccltID,0,V6,B46-4-1,1
BHG_DR,10,pats,tbl_Claims,CST,B47,4,1,1,SQL,2,SAMMS,Data Source=BHGDALLSQL05\SQL2016SAMMS;Connection Timeout=60;Integrated Security=True;Encrypt=False;Initial Catalog=SAMMS-MobileV5;,SAMMS-MobileV5,Select,2019-09-10,NULL,Mobile,1,0,dbo,tbl3pClaim,pats,tbl_Claims,"Year(convert(date, tpcCreatedDate)) >= Year(@WorkDate)",Order by tpccltID,0,V6,B47-4-1,1
BHG_DR,10,pats,tbl_Claims,CST,B48,4,1,1,SQL,2,SAMMS,Data Source=BHGDALLSQL05\SQL2016SAMMS;Connection Timeout=60;Integrated Security=True;Encrypt=False;Initial Catalog=SAMMS-TuscaloosaV5;,SAMMS-TuscaloosaV5,Select,2017-11-19,NULL,Tuscaloosa,1,0,dbo,tbl3pClaim,pats,tbl_Claims,"Year(convert(date, tpcCreatedDate)) >= Year(@WorkDate)",Order by tpccltID,0,V6,B48-4-1,1
BHG_DR,10,pats,tbl_Claims,CST,B51,4,1,1,SQL,2,SAMMS,Data Source=BHGDALLSQL05\SQL2016SAMMS;Connection Timeout=60;Integrated Security=True;Encrypt=False;Initial Catalog=SAMMS-NorthLittleRockV6;,SAMMS-NorthLittleRockV6,Select,2019-11-15,NULL,N. Little Rock (OTP),1,0,dbo,tbl3pClaim,pats,tbl_Claims,"Year(convert(date, tpcCreatedDate)) >= Year(@WorkDate)",Order by tpccltID,0,V6,B51-4-1,1
BHG_DR,10,pats,tbl_Claims,EST,B52,4,1,1,SQL,2,SAMMS,Data Source=BHGDALLSQL05\SQL2016SAMMS;Connection Timeout=60;Integrated Security=True;Encrypt=False;Initial Catalog=SAMMS-JacksonGAV5;,SAMMS-JacksonGAV5,Select,2018-06-01,NULL,Jackson GA,1,0,dbo,tbl3pClaim,pats,tbl_Claims,"Year(convert(date, tpcCreatedDate)) >= Year(@WorkDate)",Order by tpccltID,0,V6,B52-4-1,1
BHG_DR,10,pats,tbl_Claims,CST,B54,4,1,1,SQL,2,SAMMS,Data Source=BHGDALLSQL05\SQL2016SAMMS;Connection Timeout=60;Integrated Security=True;Encrypt=False;Initial Catalog=SAMMS-GadsdenV5;,SAMMS-GadsdenV5,Select,2018-06-01,NULL,Gadsden,1,0,dbo,tbl3pClaim,pats,tbl_Claims,"Year(convert(date, tpcCreatedDate)) >= Year(@WorkDate)",Order by tpccltID,0,V6,B54-4-1,1
BHG_DR,10,pats,tbl_Claims,CST,B55,4,1,1,SQL,2,SAMMS,Data Source=BHGDALLSQL05\SQL2016SAMMS;Connection Timeout=60;Integrated Security=True;Encrypt=False;Initial Catalog=SAMMS-ShoalsV5;,SAMMS-ShoalsV5,Select,2018-04-22,NULL,Shoals,1,0,dbo,tbl3pClaim,pats,tbl_Claims,"Year(convert(date, tpcCreatedDate)) >= Year(@WorkDate)",Order by tpccltID,0,V6,B55-4-1,1
BHG_DR,10,pats,tbl_Claims,EST,B57,4,1,1,SQL,2,SAMMS,Data Source=BHGDALLSQL05\SQL2016SAMMS;Connection Timeout=60;Integrated Security=True;Encrypt=False;Initial Catalog=SAMMS-Pawtucket;,SAMMS-Pawtucket,Select,2020-09-04,NULL,Pawtucket,1,1,dbo,tbl3pClaim,pats,tbl_Claims,"Year(convert(date, tpcCreatedDate)) >= Year(@WorkDate)",Order by tpccltID,0,V6,B57-4-1,1
BHG_DR,10,pats,tbl_Claims,EST,B57A,4,1,1,SQL,2,SAMMS,Data Source=BHGDALLSQL05\SQL2016SAMMS;Connection Timeout=60;Integrated Security=True;Encrypt=False;Initial Catalog=SAMMS-Johnston;,SAMMS-Johnston,Select,2021-10-04,NULL,Johnston,1,1,dbo,tbl3pClaim,pats,tbl_Claims,"Year(convert(date, tpcCreatedDate)) >= Year(@WorkDate)",Order by tpccltID,0,V6,B57A-4-1,1
BHG_DR,10,pats,tbl_Claims,EST,B57B,4,1,1,SQL,2,SAMMS,Data Source=BHGDALLSQL05\SQL2016SAMMS;Connection Timeout=60;Integrated Security=True;Encrypt=False;Initial Catalog=SAMMS-Middletown;,SAMMS-Middletown,Select,2021-10-04,NULL,Middletown,1,1,dbo,tbl3pClaim,pats,tbl_Claims,"Year(convert(date, tpcCreatedDate)) >= Year(@WorkDate)",Order by tpccltID,0,V6,B57B-4-1,1
BHG_DR,10,pats,tbl_Claims,EST,B57C,4,1,1,SQL,2,SAMMS,Data Source=BHGDALLSQL05\SQL2016SAMMS;Connection Timeout=60;Integrated Security=True;Encrypt=False;Initial Catalog=SAMMS-Providence;,SAMMS-Providence,Select,2021-10-04,NULL,Providence,1,1,dbo,tbl3pClaim,pats,tbl_Claims,"Year(convert(date, tpcCreatedDate)) >= Year(@WorkDate)",Order by tpccltID,0,V6,B57C-4-1,1
BHG_DR,10,pats,tbl_Claims,EST,B57D,4,1,1,SQL,2,SAMMS,Data Source=BHGDALLSQL05\SQL2016SAMMS;Connection Timeout=60;Integrated Security=True;Encrypt=False;Initial Catalog=SAMMS-Westerly;,SAMMS-Westerly,Select,2021-10-04,NULL,Westerly,1,1,dbo,tbl3pClaim,pats,tbl_Claims,"Year(convert(date, tpcCreatedDate)) >= Year(@WorkDate)",Order by tpccltID,0,V6,B57D-4-1,1
BHG_DR,10,pats,tbl_Claims,EST,B66A,4,1,1,SQL,2,SAMMS,Data Source=BHGDALLSQL05\SQL2016SAMMS;Connection Timeout=60;Integrated Security=True;Encrypt=False;Initial Catalog=SAMMS-Bremen;,SAMMS-Bremen,Select,NULL,NULL,Bremen,1,1,dbo,tbl3pClaim,pats,tbl_Claims,"Year(convert(date, tpcCreatedDate)) >= Year(@WorkDate)",Order by tpccltID,0,V6,B66A-4-1,1
BHG_DR,10,pats,tbl_Claims,CST,B72,4,1,1,SQL,2,SAMMS,Data Source=BHGDALLSQL05\SQL2016SAMMS;Connection Timeout=60;Integrated Security=True;Encrypt=False;Initial Catalog=SAMMS-Mobile-OBOT;,SAMMS-Mobile-OBOT,Select,NULL,NULL,Mobile (OBOT),1,1,dbo,tbl3pClaim,pats,tbl_Claims,"Year(convert(date, tpcCreatedDate)) >= Year(@WorkDate)",Order by tpccltID,0,V6,B72-4-1,1
BHG_DR,10,pats,tbl_Claims,CST,B73,4,1,1,SQL,2,SAMMS,Data Source=BHGDALLSQL05\SQL2016SAMMS;Connection Timeout=60;Integrated Security=True;Encrypt=False;Initial Catalog=SAMMS-Montgomery;,SAMMS-Montgomery,Select,NULL,NULL,Montgomery,1,1,dbo,tbl3pClaim,pats,tbl_Claims,"Year(convert(date, tpcCreatedDate)) >= Year(@WorkDate)",Order by tpccltID,0,V6,B73-4-1,1
BHG_DR,10,pats,tbl_Claims,CST,B75,4,1,1,SQL,2,SAMMS,Data Source=BHGDALLSQL05\SQL2016SAMMS;Connection Timeout=60;Integrated Security=True;Encrypt=False;Initial Catalog=SAMMS-LawrenceV6;,SAMMS-LawrenceV6,Select,2021-11-09,NULL,Lawrence,1,0,dbo,tbl3pClaim,pats,tbl_Claims,"Year(convert(date, tpcCreatedDate)) >= Year(@WorkDate)",Order by tpccltID,0,V6,B75-4-1,1
BHG_DR,10,pats,tbl_Claims,CST,B76,4,1,1,SQL,2,SAMMS,Data Source=BHGDALLSQL05\SQL2016SAMMS;Connection Timeout=60;Integrated Security=True;Encrypt=False;Initial Catalog=SAMMS-Huntsville-OBOT;,SAMMS-Huntsville-OBOT,Select,NULL,NULL,Huntsville OBOT,1,0,dbo,tbl3pClaim,pats,tbl_Claims,"Year(convert(date, tpcCreatedDate)) >= Year(@WorkDate)",Order by tpccltID,0,V6,B76-4-1,1
BHG_DR,10,pats,tbl_Claims,CST,BAT,4,1,1,SQL,2,SAMMS,Data Source=BHGDALLSQL05\SQL2016SAMMS;Connection Timeout=60;Integrated Security=True;Encrypt=False;Initial Catalog=SAMMS-Batesville;,SAMMS-Batesville,Select,NULL,NULL,Batesville,1,1,dbo,tbl3pClaim,pats,tbl_Claims,"Year(convert(date, tpcCreatedDate)) >= Year(@WorkDate)",Order by tpccltID,0,V6,BAT-4-1,1
BHG_DR,10,pats,tbl_Claims,CST,BG,4,1,1,SQL,2,SAMMS,Data Source=BHGDALLSQL05\SQL2016SAMMS;Connection Timeout=60;Integrated Security=True;Encrypt=False;Initial Catalog=SAMMS-BowlingGreen;,SAMMS-BowlingGreen,Select,NULL,NULL,Bowling Green,1,1,dbo,tbl3pClaim,pats,tbl_Claims,"Year(convert(date, tpcCreatedDate)) >= Year(@WorkDate)",Order by tpccltID,0,V6,BG-4-1,1
BHG_DR,10,pats,tbl_Claims,MST,BOI,4,1,1,SQL,2,SAMMS,Data Source=BHGDALLSQL05\SQL2016SAMMS;Connection Timeout=60;Integrated Security=True;Encrypt=False;Initial Catalog=SAMMS-Boise;,SAMMS-Boise,Select,NULL,NULL,Boise,1,1,dbo,tbl3pClaim,pats,tbl_Claims,"Year(convert(date, tpcCreatedDate)) >= Year(@WorkDate)",Order by tpccltID,0,V6,BOI-4-1,1
BHG_DR,10,pats,tbl_Claims,MST,CBCO,4,1,1,SQL,2,SAMMS,Data Source=BHGDALLSQL05\SQL2016SAMMS;Connection Timeout=60;Integrated Security=True;Encrypt=False;Initial Catalog=SAMMS-CoeurdAleneV6;,SAMMS-CoeurdAleneV6,Select,NULL,NULL,Coeur d'Alene,1,1,dbo,tbl3pClaim,pats,tbl_Claims,"Year(convert(date, tpcCreatedDate)) >= Year(@WorkDate)",Order by tpccltID,0,V6,CBCO-4-1,1
BHG_DR,10,pats,tbl_Claims,CST,CON,4,1,1,SQL,2,SAMMS,Data Source=BHGDALLSQL05\SQL2016SAMMS;Connection Timeout=60;Integrated Security=True;Encrypt=False;Initial Catalog=SAMMS-Conway;,SAMMS-Conway,Select,NULL,NULL,Conway,1,1,dbo,tbl3pClaim,pats,tbl_Claims,"Year(convert(date, tpcCreatedDate)) >= Year(@WorkDate)",Order by tpccltID,0,V6,CON-4-1,1
BHG_DR,10,pats,tbl_Claims,EST,D07,4,1,1,SQL,2,SAMMS,Data Source=BHGDALLSQL05\SQL2016SAMMS;Connection Timeout=60;Integrated Security=True;Encrypt=False;Initial Catalog=SAMMS-KnoxvilleV6;,SAMMS-KnoxvilleV6,Select,NULL,NULL,Medical Services Knox TN,1,1,dbo,tbl3pClaim,pats,tbl_Claims,"Year(convert(date, tpcCreatedDate)) >= Year(@WorkDate)",Order by tpccltID,0,V6,D07-4-1,1
BHG_DR,10,pats,tbl_Claims,EST,D08,4,1,1,SQL,2,SAMMS,Data Source=BHGDALLSQL05\SQL2016SAMMS;Connection Timeout=60;Integrated Security=True;Encrypt=False;Initial Catalog=SAMMS-MadisonV6;,SAMMS-MadisonV6,Select,NULL,NULL,Madison,1,1,dbo,tbl3pClaim,pats,tbl_Claims,"Year(convert(date, tpcCreatedDate)) >= Year(@WorkDate)",Order by tpccltID,0,V6,D08-4-1,1
BHG_DR,10,pats,tbl_Claims,EST,D09,4,1,1,SQL,2,SAMMS,Data Source=BHGDALLSQL05\SQL2016SAMMS;Connection Timeout=60;Integrated Security=True;Encrypt=False;Initial Catalog=SAMMS-MurfreesboroV6;,SAMMS-MurfreesboroV6,Select,NULL,NULL,Murfreesboro,1,1,dbo,tbl3pClaim,pats,tbl_Claims,"Year(convert(date, tpcCreatedDate)) >= Year(@WorkDate)",Order by tpccltID,0,V6,D09-4-1,1
BHG_DR,10,pats,tbl_Claims,CST,DA,4,1,1,SQL,2,SAMMS,Data Source=BHGDALLSQL05\SQL2016SAMMS;Connection Timeout=60;Integrated Security=True;Encrypt=False;Initial Catalog=SAMMS-Davenport;,SAMMS-Davenport,Select,NULL,NULL,Davenport,1,1,dbo,tbl3pClaim,pats,tbl_Claims,"Year(convert(date, tpcCreatedDate)) >= Year(@WorkDate)",Order by tpccltID,0,V6,DA-4-1,1
BHG_DR,10,pats,tbl_Claims,CST,DM,4,1,1,SQL,2,SAMMS,Data Source=BHGDALLSQL05\SQL2016SAMMS;Connection Timeout=60;Integrated Security=True;Encrypt=False;Initial Catalog=SAMMS-DesMoines;,SAMMS-DesMoines,Select,NULL,NULL,Des Moines,1,1,dbo,tbl3pClaim,pats,tbl_Claims,"Year(convert(date, tpcCreatedDate)) >= Year(@WorkDate)",Order by tpccltID,0,V6,DM-4-1,1
BHG_DR,10,pats,tbl_Claims,CST,DRD-CO,4,1,1,SQL,2,SAMMS,Data Source=BHGDALLSQL05\SQL2016SAMMS;Connection Timeout=60;Integrated Security=True;Encrypt=False;Initial Catalog=SAMMS-ColumbiaV5;,SAMMS-ColumbiaV5,Select,NULL,NULL,Columbia MO,1,0,dbo,tbl3pClaim,pats,tbl_Claims,"Year(convert(date, tpcCreatedDate)) >= Year(@WorkDate)",Order by tpccltID,0,V6,DRD-CO-4-1,1
BHG_DR,10,pats,tbl_Claims,CST,DRD-KC,4,1,1,SQL,2,SAMMS,Data Source=BHGDALLSQL05\SQL2016SAMMS;Connection Timeout=60;Integrated Security=True;Encrypt=False;Initial Catalog=SAMMS-KCv5;,SAMMS-KCv5,Select,NULL,NULL,KC,1,0,dbo,tbl3pClaim,pats,tbl_Claims,"Year(convert(date, tpcCreatedDate)) >= Year(@WorkDate)",Order by tpccltID,0,V6,DRD-KC-4-1,1
BHG_DR,10,pats,tbl_Claims,EST,DRD-KVB,4,1,1,SQL,2,SAMMS,Data Source=BHGDALLSQL05\SQL2016SAMMS;Connection Timeout=60;Integrated Security=True;Encrypt=False;Initial Catalog=SAMMS-KVBv5;,SAMMS-KVBv5,Select,NULL,NULL,KVB,1,0,dbo,tbl3pClaim,pats,tbl_Claims,"Year(convert(date, tpcCreatedDate)) >= Year(@WorkDate)",Order by tpccltID,0,V6,DRD-KVB-4-1,1
BHG_DR,10,pats,tbl_Claims,EST,DRD-KVC,4,1,1,SQL,2,SAMMS,Data Source=BHGDALLSQL05\SQL2016SAMMS;Connection Timeout=60;Integrated Security=True;Encrypt=False;Initial Catalog=SAMMS-KVCv5;,SAMMS-KVCv5,Select,NULL,NULL,KVC,1,0,dbo,tbl3pClaim,pats,tbl_Claims,"Year(convert(date, tpcCreatedDate)) >= Year(@WorkDate)",Order by tpccltID,0,V6,DRD-KVC-4-1,1
BHG_DR,10,pats,tbl_Claims,CST,DRD-NOLA,4,1,1,SQL,2,SAMMS,Data Source=BHGDALLSQL05\SQL2016SAMMS;Connection Timeout=60;Integrated Security=True;Encrypt=False;Initial Catalog=SAMMS-NOLAv5;,SAMMS-NOLAv5,Select,1985-01-01,NULL,NOLA,1,1,dbo,tbl3pClaim,pats,tbl_Claims,"Year(convert(date, tpcCreatedDate)) >= Year(@WorkDate)",Order by tpccltID,0,V6,DRD-NOLA-4-1,1
BHG_DR,10,pats,tbl_Claims,CST,DRD-SF,4,1,1,SQL,2,SAMMS,Data Source=BHGDALLSQL05\SQL2016SAMMS;Connection Timeout=60;Integrated Security=True;Encrypt=False;Initial Catalog=SAMMS-SFv5;,SAMMS-SFv5,Select,NULL,NULL,Springfield,1,0,dbo,tbl3pClaim,pats,tbl_Claims,"Year(convert(date, tpcCreatedDate)) >= Year(@WorkDate)",Order by tpccltID,0,V6,DRD-SF-4-1,1
BHG_DR,10,pats,tbl_Claims,EST,ELC,4,1,1,SQL,2,SAMMS,Data Source=BHGDALLSQL05\SQL2016SAMMS;Connection Timeout=60;Integrated Security=True;Encrypt=False;Initial Catalog=SAMMS-ElizabethCity ;,"SAMMS-ElizabethCity ",Select,NULL,NULL,Elizabeth City,1,1,dbo,tbl3pClaim,pats,tbl_Claims,"Year(convert(date, tpcCreatedDate)) >= Year(@WorkDate)",Order by tpccltID,0,V6,ELC-4-1,1
BHG_DR,10,pats,tbl_Claims,CST,ET,4,1,1,SQL,2,SAMMS,Data Source=BHGDALLSQL05\SQL2016SAMMS;Connection Timeout=60;Integrated Security=True;Encrypt=False;Initial Catalog=SAMMS-Elizabethtown;,SAMMS-Elizabethtown,Select,NULL,NULL,Elizabethtown,1,1,dbo,tbl3pClaim,pats,tbl_Claims,"Year(convert(date, tpcCreatedDate)) >= Year(@WorkDate)",Order by tpccltID,0,V6,ET-4-1,1
BHG_DR,10,pats,tbl_Claims,CST,FAY,4,1,1,SQL,2,SAMMS,Data Source=BHGDALLSQL05\SQL2016SAMMS;Connection Timeout=60;Integrated Security=True;Encrypt=False;Initial Catalog=SAMMS-Fayetteville;,SAMMS-Fayetteville,Select,2019-08-15,NULL,Fayetteville,1,1,dbo,tbl3pClaim,pats,tbl_Claims,"Year(convert(date, tpcCreatedDate)) >= Year(@WorkDate)",Order by tpccltID,0,V6,FAY-4-1,1
BHG_DR,10,pats,tbl_Claims,CST,FR,4,1,1,SQL,2,SAMMS,Data Source=BHGDALLSQL05\SQL2016SAMMS;Connection Timeout=60;Integrated Security=True;Encrypt=False;Initial Catalog=SAMMS-Frankfort;,SAMMS-Frankfort,Select,NULL,NULL,Frankfort,1,1,dbo,tbl3pClaim,pats,tbl_Claims,"Year(convert(date, tpcCreatedDate)) >= Year(@WorkDate)",Order by tpccltID,0,V6,FR-4-1,1
BHG_DR,10,pats,tbl_Claims,CST,FS,4,1,1,SQL,2,SAMMS,Data Source=BHGDALLSQL05\SQL2016SAMMS;Connection Timeout=60;Integrated Security=True;Encrypt=False;Initial Catalog=SAMMS-FortSmith;,SAMMS-FortSmith,Select,2019-08-15,NULL,Fort Smith,1,1,dbo,tbl3pClaim,pats,tbl_Claims,"Year(convert(date, tpcCreatedDate)) >= Year(@WorkDate)",Order by tpccltID,0,V6,FS-4-1,1
BHG_DR,10,pats,tbl_Claims,EST,FW,4,1,1,SQL,2,SAMMS,Data Source=BHGDALLSQL05\SQL2016SAMMS;Connection Timeout=60;Integrated Security=True;Encrypt=False;Initial Catalog=SAMMS-FortWayne;,SAMMS-FortWayne,Select,NULL,NULL,Fort Wayne,1,1,dbo,tbl3pClaim,pats,tbl_Claims,"Year(convert(date, tpcCreatedDate)) >= Year(@WorkDate)",Order by tpccltID,0,V6,FW-4-1,1
BHG_DR,10,pats,tbl_Claims,EST,GAL,4,1,1,SQL,2,SAMMS,Data Source=BHGDALLSQL05\SQL2016SAMMS;Connection Timeout=60;Integrated Security=True;Encrypt=False;Initial Catalog=SAMMS-Gaylord ;,"SAMMS-Gaylord ",Select,NULL,NULL,Gaylord,1,1,dbo,tbl3pClaim,pats,tbl_Claims,"Year(convert(date, tpcCreatedDate)) >= Year(@WorkDate)",Order by tpccltID,0,V6,GAL-4-1,1
BHG_DR,10,pats,tbl_Claims,EST,GRC,4,1,1,SQL,2,SAMMS,Data Source=BHGDALLSQL05\SQL2016SAMMS;Connection Timeout=60;Integrated Security=True;Encrypt=False;Initial Catalog=SAMMS-GreenfieldV5;,SAMMS-GreenfieldV5,Select,2018-12-05,NULL,Greenfield,0,0,dbo,tbl3pClaim,pats,tbl_Claims,"Year(convert(date, tpcCreatedDate)) >= Year(@WorkDate)",Order by tpccltID,0,V6,GRC-4-1,1
BHG_DR,10,pats,tbl_Claims,EST,HGT,4,1,1,SQL,2,SAMMS,Data Source=BHGDALLSQL05\SQL2016SAMMS;Connection Timeout=60;Integrated Security=True;Encrypt=False;Initial Catalog=SAMMS-Hagerstown;,SAMMS-Hagerstown,Select,NULL,NULL,Hagerstown,1,0,dbo,tbl3pClaim,pats,tbl_Claims,"Year(convert(date, tpcCreatedDate)) >= Year(@WorkDate)",Order by tpccltID,0,V6,HGT-4-1,1
BHG_DR,10,pats,tbl_Claims,CST,HNT,4,1,1,SQL,2,SAMMS,Data Source=BHGDALLSQL05\SQL2016SAMMS;Connection Timeout=60;Integrated Security=True;Encrypt=False;Initial Catalog=SAMMS-Huntsville;,SAMMS-Huntsville,Select,NULL,NULL,Huntsville,1,1,dbo,tbl3pClaim,pats,tbl_Claims,"Year(convert(date, tpcCreatedDate)) >= Year(@WorkDate)",Order by tpccltID,0,V6,HNT-4-1,1
BHG_DR,10,pats,tbl_Claims,CST,HS,4,1,1,SQL,2,SAMMS,Data Source=BHGDALLSQL05\SQL2016SAMMS;Connection Timeout=60;Integrated Security=True;Encrypt=False;Initial Catalog=SAMMS-HotSprings;,SAMMS-HotSprings,Select,2019-08-15,NULL,Hot Springs,1,1,dbo,tbl3pClaim,pats,tbl_Claims,"Year(convert(date, tpcCreatedDate)) >= Year(@WorkDate)",Order by tpccltID,0,V6,HS-4-1,1
BHG_DR,10,pats,tbl_Claims,CST,JON,4,1,1,SQL,2,SAMMS,Data Source=BHGDALLSQL05\SQL2016SAMMS;Connection Timeout=60;Integrated Security=True;Encrypt=False;Initial Catalog=SAMMS-Jonesboro;,SAMMS-Jonesboro,Select,NULL,NULL,Jonesboro,1,1,dbo,tbl3pClaim,pats,tbl_Claims,"Year(convert(date, tpcCreatedDate)) >= Year(@WorkDate)",Order by tpccltID,0,V6,JON-4-1,1
BHG_DR,10,pats,tbl_Claims,EST,Lab,4,1,1,SQL,2,SAMMS,Data Source=BHGDALLSQL05\SQL2016SAMMS;Connection Timeout=60;Integrated Security=True;Encrypt=False;Initial Catalog=SAMMS-LabV5-V2;,SAMMS-LabV5-V2,Select,NULL,NULL,Reference Lab,1,0,dbo,tbl3pClaim,pats,tbl_Claims,"Year(convert(date, tpcCreatedDate)) >= Year(@WorkDate)",Order by tpccltID,0,V6,Lab-4-1,1
BHG_DR,10,pats,tbl_Claims,EST,LAN,4,1,1,SQL,2,SAMMS,Data Source=BHGDALLSQL05\SQL2016SAMMS;Connection Timeout=60;Integrated Security=True;Encrypt=False;Initial Catalog=SAMMS-Lansing ;,"SAMMS-Lansing ",Select,NULL,NULL,Lansing,1,1,dbo,tbl3pClaim,pats,tbl_Claims,"Year(convert(date, tpcCreatedDate)) >= Year(@WorkDate)",Order by tpccltID,0,V6,LAN-4-1,1
BHG_DR,10,pats,tbl_Claims,CST,LO,4,1,1,SQL,2,SAMMS,Data Source=BHGDALLSQL05\SQL2016SAMMS;Connection Timeout=60;Integrated Security=True;Encrypt=False;Initial Catalog=SAMMS-Louisville;,SAMMS-Louisville,Select,NULL,NULL,Louisville,1,1,dbo,tbl3pClaim,pats,tbl_Claims,"Year(convert(date, tpcCreatedDate)) >= Year(@WorkDate)",Order by tpccltID,0,V6,LO-4-1,1
BHG_DR,10,pats,tbl_Claims,PST,LV1,4,1,1,SQL,2,SAMMS,Data Source=BHGDALLSQL05\SQL2016SAMMS;Connection Timeout=60;Integrated Security=True;Encrypt=False;Initial Catalog=SAMMS-Cheyenne;,SAMMS-Cheyenne,Select,NULL,NULL,Cheyenne,1,1,dbo,tbl3pClaim,pats,tbl_Claims,"Year(convert(date, tpcCreatedDate)) >= Year(@WorkDate)",Order by tpccltID,0,V6,LV1-4-1,1
BHG_DR,10,pats,tbl_Claims,PST,LV2,4,1,1,SQL,2,SAMMS,Data Source=BHGDALLSQL05\SQL2016SAMMS;Connection Timeout=60;Integrated Security=True;Encrypt=False;Initial Catalog=SAMMS-DesertInn;,SAMMS-DesertInn,Select,NULL,NULL,Desert Inn,1,1,dbo,tbl3pClaim,pats,tbl_Claims,"Year(convert(date, tpcCreatedDate)) >= Year(@WorkDate)",Order by tpccltID,0,V6,LV2-4-1,1
BHG_DR,10,pats,tbl_Claims,PST,LV3,4,1,1,SQL,2,SAMMS,Data Source=BHGDALLSQL05\SQL2016SAMMS;Connection Timeout=60;Integrated Security=True;Encrypt=False;Initial Catalog=SAMMS-McDaniel;,SAMMS-McDaniel,Select,NULL,NULL,McDaniel,1,1,dbo,tbl3pClaim,pats,tbl_Claims,"Year(convert(date, tpcCreatedDate)) >= Year(@WorkDate)",Order by tpccltID,0,V6,LV3-4-1,1
BHG_DR,10,pats,tbl_Claims,CST,MNRE,4,1,1,SQL,2,SAMMS,Data Source=BHGDALLSQL05\SQL2016SAMMS;Connection Timeout=60;Integrated Security=True;Encrypt=False;Initial Catalog=SAMMS-Monroe;,SAMMS-Monroe,Select,NULL,NULL,Monroe,1,1,dbo,tbl3pClaim,pats,tbl_Claims,"Year(convert(date, tpcCreatedDate)) >= Year(@WorkDate)",Order by tpccltID,0,V6,MNRE-4-1,1
BHG_DR,10,pats,tbl_Claims,EST,MP,4,1,1,SQL,2,SAMMS,Data Source=BHGDALLSQL05\SQL2016SAMMS;Connection Timeout=60;Integrated Security=True;Encrypt=False;Initial Catalog=SAMMS-MtPleasant ;,"SAMMS-MtPleasant ",Select,NULL,NULL,Mt. Pleasant,1,1,dbo,tbl3pClaim,pats,tbl_Claims,"Year(convert(date, tpcCreatedDate)) >= Year(@WorkDate)",Order by tpccltID,0,V6,MP-4-1,1
BHG_DR,10,pats,tbl_Claims,MST,MRD,4,1,1,SQL,2,SAMMS,Data Source=BHGDALLSQL05\SQL2016SAMMS;Connection Timeout=60;Integrated Security=True;Encrypt=False;Initial Catalog=SAMMS-Meridian;,SAMMS-Meridian,Select,NULL,NULL,Meridian,1,1,dbo,tbl3pClaim,pats,tbl_Claims,"Year(convert(date, tpcCreatedDate)) >= Year(@WorkDate)",Order by tpccltID,0,V6,MRD-4-1,1
BHG_DR,10,pats,tbl_Claims,EST,NC,4,1,1,SQL,2,SAMMS,Data Source=BHGDALLSQL05\SQL2016SAMMS;Connection Timeout=60;Integrated Security=True;Encrypt=False;Initial Catalog=SAMMS-NorthCharleston;,SAMMS-NorthCharleston,Select,NULL,NULL,North Charleston,1,1,dbo,tbl3pClaim,pats,tbl_Claims,"Year(convert(date, tpcCreatedDate)) >= Year(@WorkDate)",Order by tpccltID,0,V6,NC-4-1,1
BHG_DR,10,pats,tbl_Claims,CST,NLR,4,1,1,SQL,2,SAMMS,Data Source=BHGDALLSQL05\SQL2016SAMMS;Connection Timeout=60;Integrated Security=True;Encrypt=False;Initial Catalog=SAMMS-NLROBOT;,SAMMS-NLROBOT,Select,2019-08-15,NULL,N. Little Rock,1,1,dbo,tbl3pClaim,pats,tbl_Claims,"Year(convert(date, tpcCreatedDate)) >= Year(@WorkDate)",Order by tpccltID,0,V6,NLR-4-1,1
BHG_DR,10,pats,tbl_Claims,MST,PH,4,1,1,SQL,2,SAMMS,Data Source=BHGDALLSQL05\SQL2016SAMMS;Connection Timeout=60;Integrated Security=True;Encrypt=False;Initial Catalog=SAMMS-Phoenix;,SAMMS-Phoenix,Select,NULL,NULL,Phoenix,1,1,dbo,tbl3pClaim,pats,tbl_Claims,"Year(convert(date, tpcCreatedDate)) >= Year(@WorkDate)",Order by tpccltID,0,V6,PH-4-1,1
BHG_DR,10,pats,tbl_Claims,PST,RE,4,1,1,SQL,2,SAMMS,Data Source=BHGDALLSQL05\SQL2016SAMMS;Connection Timeout=60;Integrated Security=True;Encrypt=False;Initial Catalog=SAMMS-Reno;,SAMMS-Reno,Select,NULL,NULL,Reno,1,1,dbo,tbl3pClaim,pats,tbl_Claims,"Year(convert(date, tpcCreatedDate)) >= Year(@WorkDate)",Order by tpccltID,0,V6,RE-4-1,1
BHG_DR,10,pats,tbl_Claims,CST,RMD,4,1,1,SQL,2,SAMMS,Data Source=BHGDALLSQL05\SQL2016SAMMS;Connection Timeout=60;Integrated Security=True;Encrypt=False;Initial Catalog=SAMMS-Richmond;,SAMMS-Richmond,Select,NULL,NULL,Richmond,1,1,dbo,tbl3pClaim,pats,tbl_Claims,"Year(convert(date, tpcCreatedDate)) >= Year(@WorkDate)",Order by tpccltID,0,V6,RMD-4-1,1
BHG_DR,10,pats,tbl_Claims,CST,SFN,4,1,1,SQL,2,SAMMS,Data Source=BHGDALLSQL05\SQL2016SAMMS;Connection Timeout=60;Integrated Security=True;Encrypt=False;Initial Catalog=SAMMS-SFNv5;,SAMMS-SFNv5,Select,NULL,NULL,Springfield North,1,0,dbo,tbl3pClaim,pats,tbl_Claims,"Year(convert(date, tpcCreatedDate)) >= Year(@WorkDate)",Order by tpccltID,0,V6,SFN-4-1,1
BHG_DR,10,pats,tbl_Claims,CST,SHP,4,1,1,SQL,2,SAMMS,Data Source=BHGDALLSQL05\SQL2016SAMMS;Connection Timeout=60;Integrated Security=True;Encrypt=False;Initial Catalog=SAMMS-Shreveport;,SAMMS-Shreveport,Select,NULL,NULL,Shreveport,1,1,dbo,tbl3pClaim,pats,tbl_Claims,"Year(convert(date, tpcCreatedDate)) >= Year(@WorkDate)",Order by tpccltID,0,V6,SHP-4-1,1
BHG_DR,10,pats,tbl_Claims,EST,STN,4,1,1,SQL,2,SAMMS,Data Source=BHGDALLSQL05\SQL2016SAMMS;Connection Timeout=60;Integrated Security=True;Encrypt=False;Initial Catalog=SAMMS-Staunton;,SAMMS-Staunton,Select,NULL,NULL,Staunton,1,1,dbo,tbl3pClaim,pats,tbl_Claims,"Year(convert(date, tpcCreatedDate)) >= Year(@WorkDate)",Order by tpccltID,0,V6,STN-4-1,1
BHG_DR,10,pats,tbl_Claims,CST,STVN,4,1,1,SQL,2,SAMMS,Data Source=BHGDALLSQL05\SQL2016SAMMS;Connection Timeout=60;Integrated Security=True;Encrypt=False;Initial Catalog=SAMMS-Stevenson;,SAMMS-Stevenson,Select,NULL,NULL,Stevenson,1,1,dbo,tbl3pClaim,pats,tbl_Claims,"Year(convert(date, tpcCreatedDate)) >= Year(@WorkDate)",Order by tpccltID,0,V6,STVN-4-1,1
BHG_DR,10,pats,tbl_Claims,MST,TE,4,1,1,SQL,2,SAMMS,Data Source=BHGDALLSQL05\SQL2016SAMMS;Connection Timeout=60;Integrated Security=True;Encrypt=False;Initial Catalog=SAMMS-Tempe;,SAMMS-Tempe,Select,NULL,NULL,Tempe,1,1,dbo,tbl3pClaim,pats,tbl_Claims,"Year(convert(date, tpcCreatedDate)) >= Year(@WorkDate)",Order by tpccltID,0,V6,TE-4-1,1
BHG_DR,10,pats,tbl_Claims,CST,TEX,4,1,1,SQL,2,SAMMS,Data Source=BHGDALLSQL05\SQL2016SAMMS;Connection Timeout=60;Integrated Security=True;Encrypt=False;Initial Catalog=SAMMS-Texarkana;,SAMMS-Texarkana,Select,NULL,NULL,Texarkana,1,1,dbo,tbl3pClaim,pats,tbl_Claims,"Year(convert(date, tpcCreatedDate)) >= Year(@WorkDate)",Order by tpccltID,0,V6,TEX-4-1,1
BHG_DR,10,pats,tbl_Claims,CST,TTCA,4,1,1,SQL,2,SAMMS,Data Source=BHGDALLSQL05\SQL2016SAMMS;Connection Timeout=60;Integrated Security=True;Encrypt=False;Initial Catalog=SAMMS-BessemerV5;,SAMMS-BessemerV5,Select,2018-09-24,NULL,Bessemer,1,0,dbo,tbl3pClaim,pats,tbl_Claims,"Year(convert(date, tpcCreatedDate)) >= Year(@WorkDate)",Order by tpccltID,0,V6,TTCA-4-1,1
BHG_DR,10,pats,tbl_Claims,CST,TTCB,4,1,1,SQL,2,SAMMS,Data Source=BHGDALLSQL05\SQL2016SAMMS;Connection Timeout=60;Integrated Security=True;Encrypt=False;Initial Catalog=SAMMS-CullmanV5;,SAMMS-CullmanV5,Select,2019-02-26,NULL,Cullman,1,0,dbo,tbl3pClaim,pats,tbl_Claims,"Year(convert(date, tpcCreatedDate)) >= Year(@WorkDate)",Order by tpccltID,0,V6,TTCB-4-1,1
BHG_DR,10,pats,tbl_Claims,CST,TTCC,4,1,1,SQL,2,SAMMS,Data Source=BHGDALLSQL05\SQL2016SAMMS;Connection Timeout=60;Integrated Security=True;Encrypt=False;Initial Catalog=SAMMS-GrandBay;,SAMMS-GrandBay,Select,2019-12-31,NULL,Grand Bay,1,1,dbo,tbl3pClaim,pats,tbl_Claims,"Year(convert(date, tpcCreatedDate)) >= Year(@WorkDate)",Order by tpccltID,0,V6,TTCC-4-1,1
BHG_DR,10,pats,tbl_Claims,MST,TU,4,1,1,SQL,2,SAMMS,Data Source=BHGDALLSQL05\SQL2016SAMMS;Connection Timeout=60;Integrated Security=True;Encrypt=False;Initial Catalog=SAMMS-Tucson;,SAMMS-Tucson,Select,NULL,NULL,Tucson,1,1,dbo,tbl3pClaim,pats,tbl_Claims,"Year(convert(date, tpcCreatedDate)) >= Year(@WorkDate)",Order by tpccltID,0,V6,TU-4-1,1
BHG_DR,10,pats,tbl_Claims,EST,V1,4,1,1,SQL,2,SAMMS,Data Source=BHGDALLSQL05\SQL2016SAMMS;Connection Timeout=60;Integrated Security=True;Encrypt=False;Initial Catalog=SAMMS-VCPHCS-I-MemphisV5;,SAMMS-VCPHCS-I-MemphisV5,Select,NULL,NULL,Memphis South,1,0,dbo,tbl3pClaim,pats,tbl_Claims,"Year(convert(date, tpcCreatedDate)) >= Year(@WorkDate)",Order by tpccltID,0,V6,V1-4-1,1
BHG_DR,10,pats,tbl_Claims,MST,V10,4,1,1,SQL,2,SAMMS,Data Source=BHGDALLSQL05\SQL2016SAMMS;Connection Timeout=60;Integrated Security=True;Encrypt=False;Initial Catalog=SAMMS-BoulderV5;,SAMMS-BoulderV5,Select,NULL,NULL,Longmont,1,1,dbo,tbl3pClaim,pats,tbl_Claims,"Year(convert(date, tpcCreatedDate)) >= Year(@WorkDate)",Order by tpccltID,0,V6,V10-4-1,1
BHG_DR,10,pats,tbl_Claims,MST,V10A,4,1,1,SQL,2,SAMMS,Data Source=BHGDALLSQL05\SQL2016SAMMS;Connection Timeout=60;Integrated Security=True;Encrypt=False;Initial Catalog=SAMMS-FortCollinsV5;,SAMMS-FortCollinsV5,Select,NULL,NULL,Fort Collins,1,1,dbo,tbl3pClaim,pats,tbl_Claims,"Year(convert(date, tpcCreatedDate)) >= Year(@WorkDate)",Order by tpccltID,0,V6,V10A-4-1,1
BHG_DR,10,pats,tbl_Claims,MST,V11,4,1,1,SQL,2,SAMMS,Data Source=BHGDALLSQL05\SQL2016SAMMS;Connection Timeout=60;Integrated Security=True;Encrypt=False;Initial Catalog=SAMMS-VCPHCS-XI-NorthDenverV5;,SAMMS-VCPHCS-XI-NorthDenverV5,Select,NULL,NULL,Westminster,1,1,dbo,tbl3pClaim,pats,tbl_Claims,"Year(convert(date, tpcCreatedDate)) >= Year(@WorkDate)",Order by tpccltID,0,V6,V11-4-1,1
BHG_DR,10,pats,tbl_Claims,MST,V12,4,1,1,SQL,2,SAMMS,Data Source=BHGDALLSQL05\SQL2016SAMMS;Connection Timeout=60;Integrated Security=True;Encrypt=False;Initial Catalog=SAMMS-VCPHCS-XII-DowntownDenverV5;,SAMMS-VCPHCS-XII-DowntownDenverV5,Select,NULL,NULL,Downtown Denver,1,1,dbo,tbl3pClaim,pats,tbl_Claims,"Year(convert(date, tpcCreatedDate)) >= Year(@WorkDate)",Order by tpccltID,0,V6,V12-4-1,1
BHG_DR,10,pats,tbl_Claims,MST,V12A,4,1,1,SQL,2,SAMMS,Data Source=BHGDALLSQL05\SQL2016SAMMS;Connection Timeout=60;Integrated Security=True;Encrypt=False;Initial Catalog=SAMMS-CentennialV5;,SAMMS-CentennialV5,Select,NULL,NULL,Centennial,1,1,dbo,tbl3pClaim,pats,tbl_Claims,"Year(convert(date, tpcCreatedDate)) >= Year(@WorkDate)",Order by tpccltID,0,V6,V12A-4-1,1
BHG_DR,10,pats,tbl_Claims,CST,V14,4,1,1,SQL,2,SAMMS,Data Source=BHGDALLSQL05\SQL2016SAMMS;Connection Timeout=60;Integrated Security=True;Encrypt=False;Initial Catalog=SAMMS-VCPHCS-XIV-BridgewayV5;,SAMMS-VCPHCS-XIV-BridgewayV5,Select,NULL,NULL,Overland Park,1,0,dbo,tbl3pClaim,pats,tbl_Claims,"Year(convert(date, tpcCreatedDate)) >= Year(@WorkDate)",Order by tpccltID,0,V6,V14-4-1,1
BHG_DR,10,pats,tbl_Claims,CST,V15,4,1,1,SQL,2,SAMMS,Data Source=BHGDALLSQL05\SQL2016SAMMS;Connection Timeout=60;Integrated Security=True;Encrypt=False;Initial Catalog=SAMMS-JoplinV5;,SAMMS-JoplinV5,Select,NULL,NULL,Joplin,1,0,dbo,tbl3pClaim,pats,tbl_Claims,"Year(convert(date, tpcCreatedDate)) >= Year(@WorkDate)",Order by tpccltID,0,V6,V15-4-1,1
BHG_DR,10,pats,tbl_Claims,EST,V17,4,1,1,SQL,2,SAMMS,Data Source=BHGDALLSQL05\SQL2016SAMMS;Connection Timeout=60;Integrated Security=True;Encrypt=False;Initial Catalog=SAMMS-ColumbiaTNv5;,SAMMS-ColumbiaTNv5,Select,NULL,NULL,Columbia TN,1,0,dbo,tbl3pClaim,pats,tbl_Claims,"Year(convert(date, tpcCreatedDate)) >= Year(@WorkDate)",Order by tpccltID,0,V6,V17-4-1,1
BHG_DR,10,pats,tbl_Claims,EST,V19,4,1,1,SQL,2,SAMMS,Data Source=BHGDALLSQL05\SQL2016SAMMS;Connection Timeout=60;Integrated Security=True;Encrypt=False;Initial Catalog=SAMMS-JacksonV5;,SAMMS-JacksonV5,Select,NULL,NULL,Jackson,1,0,dbo,tbl3pClaim,pats,tbl_Claims,"Year(convert(date, tpcCreatedDate)) >= Year(@WorkDate)",Order by tpccltID,0,V6,V19-4-1,1
BHG_DR,10,pats,tbl_Claims,EST,V20,4,1,1,SQL,2,SAMMS,Data Source=BHGDALLSQL05\SQL2016SAMMS;Connection Timeout=60;Integrated Security=True;Encrypt=False;Initial Catalog=SAMMS-ParisV5;,SAMMS-ParisV5,Select,NULL,NULL,Paris,1,0,dbo,tbl3pClaim,pats,tbl_Claims,"Year(convert(date, tpcCreatedDate)) >= Year(@WorkDate)",Order by tpccltID,0,V6,V20-4-1,1
BHG_DR,10,pats,tbl_Claims,EST,V21,4,1,1,SQL,2,SAMMS,Data Source=BHGDALLSQL05\SQL2016SAMMS;Connection Timeout=60;Integrated Security=True;Encrypt=False;Initial Catalog=SAMMS-RaleighV5;,SAMMS-RaleighV5,Select,NULL,NULL,Memphis North,1,0,dbo,tbl3pClaim,pats,tbl_Claims,"Year(convert(date, tpcCreatedDate)) >= Year(@WorkDate)",Order by tpccltID,0,V6,V21-4-1,1
BHG_DR,10,pats,tbl_Claims,CST,V5,4,1,1,SQL,2,SAMMS,Data Source=BHGDALLSQL05\SQL2016SAMMS;Connection Timeout=60;Integrated Security=True;Encrypt=False;Initial Catalog=SAMMS-NONTCv5;,SAMMS-NONTCv5,Select,NULL,NULL,West Bank,1,1,dbo,tbl3pClaim,pats,tbl_Claims,"Year(convert(date, tpcCreatedDate)) >= Year(@WorkDate)",Order by tpccltID,0,V6,V5-4-1,1
BHG_DR,10,pats,tbl_Claims,CST,V5B,4,1,1,SQL,2,SAMMS,Data Source=BHGDALLSQL05\SQL2016SAMMS;Connection Timeout=60;Integrated Security=True;Encrypt=False;Initial Catalog=SAMMS-HoumaV6;,SAMMS-HoumaV6,Select,NULL,NULL,Houma,1,0,dbo,tbl3pClaim,pats,tbl_Claims,"Year(convert(date, tpcCreatedDate)) >= Year(@WorkDate)",Order by tpccltID,0,v6,V5B-4-1,1
BHG_DR,10,pats,tbl_Claims,CST,V6,4,1,1,SQL,2,SAMMS,Data Source=BHGDALLSQL05\SQL2016SAMMS;Connection Timeout=60;Integrated Security=True;Encrypt=False;Initial Catalog=SAMMS-LCv5;,SAMMS-LCv5,Select,NULL,NULL,Lake Charles,1,1,dbo,tbl3pClaim,pats,tbl_Claims,"Year(convert(date, tpcCreatedDate)) >= Year(@WorkDate)",Order by tpccltID,0,V6,V6-4-1,1
BHG_DR,10,pats,tbl_Claims,EST,V8,4,1,1,SQL,2,SAMMS,Data Source=BHGDALLSQL05\SQL2016SAMMS;Connection Timeout=60;Integrated Security=True;Encrypt=False;Initial Catalog=SAMMS-VCPHCS-VIII-MemphisV5;,SAMMS-VCPHCS-VIII-MemphisV5,Select,NULL,NULL,Memphis Midtown,1,0,dbo,tbl3pClaim,pats,tbl_Claims,"Year(convert(date, tpcCreatedDate)) >= Year(@WorkDate)",Order by tpccltID,0,V6,V8-4-1,1
BHG_DR,10,pats,tbl_Claims,EST,V9,4,1,1,SQL,2,SAMMS,Data Source=BHGDALLSQL05\SQL2016SAMMS;Connection Timeout=60;Integrated Security=True;Encrypt=False;Initial Catalog=SAMMS-NashvilleV5;,SAMMS-NashvilleV5,Select,NULL,NULL,Nashville,1,0,dbo,tbl3pClaim,pats,tbl_Claims,"Year(convert(date, tpcCreatedDate)) >= Year(@WorkDate)",Order by tpccltID,0,V6,V9-4-1,1
BHG_DR,10,pats,tbl_Claims,CST,VBRA,4,1,1,SQL,2,SAMMS,Data Source=BHGDALLSQL05\SQL2016SAMMS;Connection Timeout=60;Integrated Security=True;Encrypt=False;Initial Catalog=SAMMS-BrainerdV6;,SAMMS-BrainerdV6,Select,2021-11-01,NULL,Brainerd,1,1,dbo,tbl3pClaim,pats,tbl_Claims,"Year(convert(date, tpcCreatedDate)) >= Year(@WorkDate)",Order by tpccltID,0,V6,VBRA-4-1,1
BHG_DR,10,pats,tbl_Claims,CST,VBRP,4,1,1,SQL,2,SAMMS,Data Source=BHGDALLSQL05\SQL2016SAMMS;Connection Timeout=60;Integrated Security=True;Encrypt=False;Initial Catalog=SAMMS-BrooklynParkV6;,SAMMS-BrooklynParkV6,Select,2021-11-01,NULL,Brooklyn Park,1,1,dbo,tbl3pClaim,pats,tbl_Claims,"Year(convert(date, tpcCreatedDate)) >= Year(@WorkDate)",Order by tpccltID,0,V6,VBRP-4-1,1
BHG_DR,10,pats,tbl_Claims,CST,VMIN,4,1,1,SQL,2,SAMMS,Data Source=BHGDALLSQL05\SQL2016SAMMS;Connection Timeout=60;Integrated Security=True;Encrypt=False;Initial Catalog=SAMMS-MinneapolisV6;,SAMMS-MinneapolisV6,Select,2021-11-01,NULL,Minneapolis,1,1,dbo,tbl3pClaim,pats,tbl_Claims,"Year(convert(date, tpcCreatedDate)) >= Year(@WorkDate)",Order by tpccltID,0,V6,VMIN-4-1,1
BHG_DR,10,pats,tbl_Claims,CST,VWBY,4,1,1,SQL,2,SAMMS,Data Source=BHGDALLSQL05\SQL2016SAMMS;Connection Timeout=60;Integrated Security=True;Encrypt=False;Initial Catalog=SAMMS-WoodburyV6;,SAMMS-WoodburyV6,Select,2021-11-01,NULL,Woodbury,1,1,dbo,tbl3pClaim,pats,tbl_Claims,"Year(convert(date, tpcCreatedDate)) >= Year(@WorkDate)",Order by tpccltID,0,V6,VWBY-4-1,1
BHG_DR,10,pats,tbl_Claims,EST,WIL,4,1,1,SQL,2,SAMMS,Data Source=BHGDALLSQL05\SQL2016SAMMS;Connection Timeout=60;Integrated Security=True;Encrypt=False;Initial Catalog=SAMMS-Wilson;,SAMMS-Wilson,Select,NULL,NULL,Wilson,1,1,dbo,tbl3pClaim,pats,tbl_Claims,"Year(convert(date, tpcCreatedDate)) >= Year(@WorkDate)",Order by tpccltID,0,V6,WIL-4-1,1
BHG_DR,11,pats,tbl_PayerClient,EST,AHK,1,6,1,SQL,2,SAMMS,Data Source=BHGDALLSQL05\SQL2016SAMMS;Connection Timeout=60;Integrated Security=True;Encrypt=False;Initial Catalog=SAMMS-Ahoskie ;,"SAMMS-Ahoskie ",Select,NULL,NULL,Ahoskie,1,1,dbo,tblPayerClt,pats,tbl_PayerClient,"pyid in (select distinct pyID from dbo.tblPayerCltHistory where pyDtm >= DateAdd(d, -360, @WorkDate)) or pyACTIVE = 1 or isnull(pyEND, GetDate()) >= DateAdd(d, -360, @WorkDate) or pyEnd >= DateAdd(d, -360, @WorkDate)",Order by pyID,0,V6,AHK-1-6,NULL
BHG_DR,11,pats,tbl_PayerClient,MST,B12B,1,6,1,SQL,2,SAMMS,Data Source=BHGDALLSQL05\SQL2016SAMMS;Connection Timeout=60;Integrated Security=True;Encrypt=False;Initial Catalog=SAMMS-ColoradoSpringsV5;,SAMMS-ColoradoSpringsV5,Select,NULL,NULL,Colorado Springs,1,0,dbo,tblPayerClt,pats,tbl_PayerClient,"pyid in (select distinct pyID from dbo.tblPayerCltHistory where pyDtm >= DateAdd(d, -360, @WorkDate)) or pyACTIVE = 1 or isnull(pyEND, GetDate()) >= DateAdd(d, -360, @WorkDate) or pyEnd >= DateAdd(d, -360, @WorkDate)",Order by pyID,0,V6,B12B-1-6,NULL
BHG_DR,11,pats,tbl_PayerClient,CST,B24,1,6,1,SQL,2,SAMMS,Data Source=BHGDALLSQL05\SQL2016SAMMS;Connection Timeout=60;Integrated Security=True;Encrypt=False;Initial Catalog=SAMMS-PaintsvilleV5;,SAMMS-PaintsvilleV5,Select,NULL,NULL,Paintsville,1,1,dbo,tblPayerClt,pats,tbl_PayerClient,"pyid in (select distinct pyID from dbo.tblPayerCltHistory where pyDtm >= DateAdd(d, -360, @WorkDate)) or pyACTIVE = 1 or isnull(pyEND, GetDate()) >= DateAdd(d, -360, @WorkDate) or pyEnd >= DateAdd(d, -360, @WorkDate)",Order by pyID,0,V6,B24-1-6,NULL
BHG_DR,11,pats,tbl_PayerClient,CST,B25,1,6,1,SQL,2,SAMMS,Data Source=BHGDALLSQL05\SQL2016SAMMS;Connection Timeout=60;Integrated Security=True;Encrypt=False;Initial Catalog=SAMMS-PikevilleV5;,SAMMS-PikevilleV5,Select,NULL,NULL,Pikeville,1,1,dbo,tblPayerClt,pats,tbl_PayerClient,"pyid in (select distinct pyID from dbo.tblPayerCltHistory where pyDtm >= DateAdd(d, -360, @WorkDate)) or pyACTIVE = 1 or isnull(pyEND, GetDate()) >= DateAdd(d, -360, @WorkDate) or pyEnd >= DateAdd(d, -360, @WorkDate)",Order by pyID,0,V6,B25-1-6,NULL
BHG_DR,11,pats,tbl_PayerClient,CST,B26,1,6,1,SQL,2,SAMMS,Data Source=BHGDALLSQL05\SQL2016SAMMS;Connection Timeout=60;Integrated Security=True;Encrypt=False;Initial Catalog=SAMMS-HazardV5;,SAMMS-HazardV5,Select,NULL,NULL,Hazard,1,0,dbo,tblPayerClt,pats,tbl_PayerClient,"pyid in (select distinct pyID from dbo.tblPayerCltHistory where pyDtm >= DateAdd(d, -360, @WorkDate)) or pyACTIVE = 1 or isnull(pyEND, GetDate()) >= DateAdd(d, -360, @WorkDate) or pyEnd >= DateAdd(d, -360, @WorkDate)",Order by pyID,0,V6,B26-1-6,NULL
BHG_DR,11,pats,tbl_PayerClient,EST,B27,1,6,1,SQL,2,SAMMS,Data Source=BHGDALLSQL05\SQL2016SAMMS;Connection Timeout=60;Integrated Security=True;Encrypt=False;Initial Catalog=SAMMS-SavannahV6;,SAMMS-SavannahV6,Select,2022-09-14,NULL,Savannah,1,1,dbo,tblPayerClt,pats,tbl_PayerClient,"pyid in (select distinct pyID from dbo.tblPayerCltHistory where pyDtm >= DateAdd(d, -360, @WorkDate)) or pyACTIVE = 1 or isnull(pyEND, GetDate()) >= DateAdd(d, -360, @WorkDate) or pyEnd >= DateAdd(d, -360, @WorkDate)",Order by pyID,0,V6,B27-1-6,NULL
BHG_DR,11,pats,tbl_PayerClient,CST,B28,1,6,1,SQL,2,SAMMS,Data Source=BHGDALLSQL05\SQL2016SAMMS;Connection Timeout=60;Integrated Security=True;Encrypt=False;Initial Catalog=SAMMS-WestPlainesV5;,SAMMS-WestPlainesV5,Select,NULL,NULL,West Plains,1,0,dbo,tblPayerClt,pats,tbl_PayerClient,"pyid in (select distinct pyID from dbo.tblPayerCltHistory where pyDtm >= DateAdd(d, -360, @WorkDate)) or pyACTIVE = 1 or isnull(pyEND, GetDate()) >= DateAdd(d, -360, @WorkDate) or pyEnd >= DateAdd(d, -360, @WorkDate)",Order by pyID,0,V6,B28-1-6,NULL
BHG_DR,11,pats,tbl_PayerClient,CST,B29,1,6,1,SQL,2,SAMMS,Data Source=BHGDALLSQL05\SQL2016SAMMS;Connection Timeout=60;Integrated Security=True;Encrypt=False;Initial Catalog=SAMMS-PoplarBluffV5;,SAMMS-PoplarBluffV5,Select,NULL,NULL,Poplar Bluff,1,0,dbo,tblPayerClt,pats,tbl_PayerClient,"pyid in (select distinct pyID from dbo.tblPayerCltHistory where pyDtm >= DateAdd(d, -360, @WorkDate)) or pyACTIVE = 1 or isnull(pyEND, GetDate()) >= DateAdd(d, -360, @WorkDate) or pyEnd >= DateAdd(d, -360, @WorkDate)",Order by pyID,0,V6,B29-1-6,NULL
BHG_DR,11,pats,tbl_PayerClient,CST,B30,1,6,1,SQL,2,SAMMS,Data Source=BHGDALLSQL05\SQL2016SAMMS;Connection Timeout=60;Integrated Security=True;Encrypt=False;Initial Catalog=SAMMS-KCNv5;,SAMMS-KCNv5,Select,2016-02-01,NULL,KC North,1,0,dbo,tblPayerClt,pats,tbl_PayerClient,"pyid in (select distinct pyID from dbo.tblPayerCltHistory where pyDtm >= DateAdd(d, -360, @WorkDate)) or pyACTIVE = 1 or isnull(pyEND, GetDate()) >= DateAdd(d, -360, @WorkDate) or pyEnd >= DateAdd(d, -360, @WorkDate)",Order by pyID,0,V6,B30-1-6,NULL
BHG_DR,11,pats,tbl_PayerClient,EST,B31,1,6,1,SQL,2,SAMMS,Data Source=BHGDALLSQL05\SQL2016SAMMS;Connection Timeout=60;Integrated Security=True;Encrypt=False;Initial Catalog=SAMMS-DyersburgV5;,SAMMS-DyersburgV5,Select,NULL,NULL,Dyersburg,1,0,dbo,tblPayerClt,pats,tbl_PayerClient,"pyid in (select distinct pyID from dbo.tblPayerCltHistory where pyDtm >= DateAdd(d, -360, @WorkDate)) or pyACTIVE = 1 or isnull(pyEND, GetDate()) >= DateAdd(d, -360, @WorkDate) or pyEnd >= DateAdd(d, -360, @WorkDate)",Order by pyID,0,V6,B31-1-6,NULL
BHG_DR,11,pats,tbl_PayerClient,CST,B33,1,6,1,SQL,2,SAMMS,Data Source=BHGDALLSQL05\SQL2016SAMMS;Connection Timeout=60;Integrated Security=True;Encrypt=False;Initial Catalog=SAMMS-Paducah;,SAMMS-Paducah,Select,NULL,NULL,Paducah,1,0,dbo,tblPayerClt,pats,tbl_PayerClient,"pyid in (select distinct pyID from dbo.tblPayerCltHistory where pyDtm >= DateAdd(d, -360, @WorkDate)) or pyACTIVE = 1 or isnull(pyEND, GetDate()) >= DateAdd(d, -360, @WorkDate) or pyEnd >= DateAdd(d, -360, @WorkDate)",Order by pyID,0,V6,B33-1-6,NULL
BHG_DR,11,pats,tbl_PayerClient,CST,B34,1,6,1,SQL,2,SAMMS,Data Source=BHGDALLSQL05\SQL2016SAMMS;Connection Timeout=60;Integrated Security=True;Encrypt=False;Initial Catalog=SAMMS-CorbinV5;,SAMMS-CorbinV5,Select,NULL,NULL,Corbin,1,0,dbo,tblPayerClt,pats,tbl_PayerClient,"pyid in (select distinct pyID from dbo.tblPayerCltHistory where pyDtm >= DateAdd(d, -360, @WorkDate)) or pyACTIVE = 1 or isnull(pyEND, GetDate()) >= DateAdd(d, -360, @WorkDate) or pyEnd >= DateAdd(d, -360, @WorkDate)",Order by pyID,0,V6,B34-1-6,NULL
BHG_DR,11,pats,tbl_PayerClient,CST,B35,1,6,1,SQL,2,SAMMS,Data Source=BHGDALLSQL05\SQL2016SAMMS;Connection Timeout=60;Integrated Security=True;Encrypt=False;Initial Catalog=SAMMS-LexingtonV5;,SAMMS-LexingtonV5,Select,NULL,NULL,Lexington,1,1,dbo,tblPayerClt,pats,tbl_PayerClient,"pyid in (select distinct pyID from dbo.tblPayerCltHistory where pyDtm >= DateAdd(d, -360, @WorkDate)) or pyACTIVE = 1 or isnull(pyEND, GetDate()) >= DateAdd(d, -360, @WorkDate) or pyEnd >= DateAdd(d, -360, @WorkDate)",Order by pyID,0,V6,B35-1-6,NULL
BHG_DR,11,pats,tbl_PayerClient,CST,B35A,1,6,1,SQL,2,SAMMS,Data Source=BHGDALLSQL05\SQL2016SAMMS;Connection Timeout=60;Integrated Security=True;Encrypt=False;Initial Catalog=SAMMS-BereaV5;,SAMMS-BereaV5,Select,2018-06-01,NULL,Berea,1,0,dbo,tblPayerClt,pats,tbl_PayerClient,"pyid in (select distinct pyID from dbo.tblPayerCltHistory where pyDtm >= DateAdd(d, -360, @WorkDate)) or pyACTIVE = 1 or isnull(pyEND, GetDate()) >= DateAdd(d, -360, @WorkDate) or pyEnd >= DateAdd(d, -360, @WorkDate)",Order by pyID,0,V6,B35A-1-6,NULL
BHG_DR,11,pats,tbl_PayerClient,EST,B36,1,6,1,SQL,2,SAMMS,Data Source=BHGDALLSQL05\SQL2016SAMMS;Connection Timeout=60;Integrated Security=True;Encrypt=False;Initial Catalog=SAMMS-AshevilleV5;,SAMMS-AshevilleV5,Select,2015-09-07,NULL,Asheville,1,0,dbo,tblPayerClt,pats,tbl_PayerClient,"pyid in (select distinct pyID from dbo.tblPayerCltHistory where pyDtm >= DateAdd(d, -360, @WorkDate)) or pyACTIVE = 1 or isnull(pyEND, GetDate()) >= DateAdd(d, -360, @WorkDate) or pyEnd >= DateAdd(d, -360, @WorkDate)",Order by pyID,0,V6,B36-1-6,NULL
BHG_DR,11,pats,tbl_PayerClient,EST,B37,1,6,1,SQL,2,SAMMS,Data Source=BHGDALLSQL05\SQL2016SAMMS;Connection Timeout=60;Integrated Security=True;Encrypt=False;Initial Catalog=SAMMS-ClydeV5;,SAMMS-ClydeV5,Select,2015-09-07,NULL,Clyde,1,0,dbo,tblPayerClt,pats,tbl_PayerClient,"pyid in (select distinct pyID from dbo.tblPayerCltHistory where pyDtm >= DateAdd(d, -360, @WorkDate)) or pyACTIVE = 1 or isnull(pyEND, GetDate()) >= DateAdd(d, -360, @WorkDate) or pyEnd >= DateAdd(d, -360, @WorkDate)",Order by pyID,0,V6,B37-1-6,NULL
BHG_DR,11,pats,tbl_PayerClient,EST,B38,1,6,1,SQL,2,SAMMS,Data Source=BHGDALLSQL05\SQL2016SAMMS;Connection Timeout=60;Integrated Security=True;Encrypt=False;Initial Catalog=SAMMS-SpartanburgV5;,SAMMS-SpartanburgV5,Select,2016-07-25,NULL,Spartanburg,1,0,dbo,tblPayerClt,pats,tbl_PayerClient,"pyid in (select distinct pyID from dbo.tblPayerCltHistory where pyDtm >= DateAdd(d, -360, @WorkDate)) or pyACTIVE = 1 or isnull(pyEND, GetDate()) >= DateAdd(d, -360, @WorkDate) or pyEnd >= DateAdd(d, -360, @WorkDate)",Order by pyID,0,V6,B38-1-6,NULL
BHG_DR,11,pats,tbl_PayerClient,EST,B39,1,6,1,SQL,2,SAMMS,Data Source=BHGDALLSQL05\SQL2016SAMMS;Connection Timeout=60;Integrated Security=True;Encrypt=False;Initial Catalog=SAMMS-AikenV5;,SAMMS-AikenV5,Select,2016-07-25,NULL,Aiken,1,0,dbo,tblPayerClt,pats,tbl_PayerClient,"pyid in (select distinct pyID from dbo.tblPayerCltHistory where pyDtm >= DateAdd(d, -360, @WorkDate)) or pyACTIVE = 1 or isnull(pyEND, GetDate()) >= DateAdd(d, -360, @WorkDate) or pyEnd >= DateAdd(d, -360, @WorkDate)",Order by pyID,0,V6,B39-1-6,NULL
BHG_DR,11,pats,tbl_PayerClient,EST,B41,1,6,1,SQL,2,SAMMS,Data Source=BHGDALLSQL05\SQL2016SAMMS;Connection Timeout=60;Integrated Security=True;Encrypt=False;Initial Catalog=SAMMS-ChesapeakeV5;,SAMMS-ChesapeakeV5,Select,2016-10-24,NULL,Chesapeake,1,0,dbo,tblPayerClt,pats,tbl_PayerClient,"pyid in (select distinct pyID from dbo.tblPayerCltHistory where pyDtm >= DateAdd(d, -360, @WorkDate)) or pyACTIVE = 1 or isnull(pyEND, GetDate()) >= DateAdd(d, -360, @WorkDate) or pyEnd >= DateAdd(d, -360, @WorkDate)",Order by pyID,0,V6,B41-1-6,NULL
BHG_DR,11,pats,tbl_PayerClient,EST,B42,1,6,1,SQL,2,SAMMS,Data Source=BHGDALLSQL05\SQL2016SAMMS;Connection Timeout=60;Integrated Security=True;Encrypt=False;Initial Catalog=SAMMS-VirginiaBeachV5;,SAMMS-VirginiaBeachV5,Select,2016-10-24,NULL,Virginia Beach,1,0,dbo,tblPayerClt,pats,tbl_PayerClient,"pyid in (select distinct pyID from dbo.tblPayerCltHistory where pyDtm >= DateAdd(d, -360, @WorkDate)) or pyACTIVE = 1 or isnull(pyEND, GetDate()) >= DateAdd(d, -360, @WorkDate) or pyEnd >= DateAdd(d, -360, @WorkDate)",Order by pyID,0,V6,B42-1-6,NULL
BHG_DR,11,pats,tbl_PayerClient,EST,B42A,1,6,1,SQL,2,SAMMS,Data Source=BHGDALLSQL05\SQL2016SAMMS;Connection Timeout=60;Integrated Security=True;Encrypt=False;Initial Catalog=SAMMS-NewportNewsV5;,SAMMS-NewportNewsV5,Select,2018-12-06,NULL,Newport News,1,0,dbo,tblPayerClt,pats,tbl_PayerClient,"pyid in (select distinct pyID from dbo.tblPayerCltHistory where pyDtm >= DateAdd(d, -360, @WorkDate)) or pyACTIVE = 1 or isnull(pyEND, GetDate()) >= DateAdd(d, -360, @WorkDate) or pyEnd >= DateAdd(d, -360, @WorkDate)",Order by pyID,0,V6,B42A-1-6,NULL
BHG_DR,11,pats,tbl_PayerClient,EST,B42B,1,6,1,SQL,2,SAMMS,Data Source=BHGDALLSQL05\SQL2016SAMMS;Connection Timeout=60;Integrated Security=True;Encrypt=False;Initial Catalog=SAMMS-FranklinV5;,SAMMS-FranklinV5,Select,2018-12-19,NULL,Franklin,1,0,dbo,tblPayerClt,pats,tbl_PayerClient,"pyid in (select distinct pyID from dbo.tblPayerCltHistory where pyDtm >= DateAdd(d, -360, @WorkDate)) or pyACTIVE = 1 or isnull(pyEND, GetDate()) >= DateAdd(d, -360, @WorkDate) or pyEnd >= DateAdd(d, -360, @WorkDate)",Order by pyID,0,V6,B42B-1-6,NULL
BHG_DR,11,pats,tbl_PayerClient,EST,B42C,1,6,1,SQL,2,SAMMS,Data Source=BHGDALLSQL05\SQL2016SAMMS;Connection Timeout=60;Integrated Security=True;Encrypt=False;Initial Catalog=SAMMS-GlenAllenV5;,SAMMS-GlenAllenV5,Select,2019-07-17,NULL,Glen Allen,1,0,dbo,tblPayerClt,pats,tbl_PayerClient,"pyid in (select distinct pyID from dbo.tblPayerCltHistory where pyDtm >= DateAdd(d, -360, @WorkDate)) or pyACTIVE = 1 or isnull(pyEND, GetDate()) >= DateAdd(d, -360, @WorkDate) or pyEnd >= DateAdd(d, -360, @WorkDate)",Order by pyID,0,V6,B42C-1-6,NULL
BHG_DR,11,pats,tbl_PayerClient,EST,B42D,1,6,1,SQL,2,SAMMS,Data Source=BHGDALLSQL05\SQL2016SAMMS;Connection Timeout=60;Integrated Security=True;Encrypt=False;Initial Catalog=SAMMS-ChesapeakeSouthV5;,SAMMS-ChesapeakeSouthV5,Select,2019-06-11,NULL,Chesapeake South,1,0,dbo,tblPayerClt,pats,tbl_PayerClient,"pyid in (select distinct pyID from dbo.tblPayerCltHistory where pyDtm >= DateAdd(d, -360, @WorkDate)) or pyACTIVE = 1 or isnull(pyEND, GetDate()) >= DateAdd(d, -360, @WorkDate) or pyEnd >= DateAdd(d, -360, @WorkDate)",Order by pyID,0,V6,B42D-1-6,NULL
BHG_DR,11,pats,tbl_PayerClient,EST,B44,1,6,1,SQL,2,SAMMS,Data Source=BHGDALLSQL05\SQL2016SAMMS;Connection Timeout=60;Integrated Security=True;Encrypt=False;Initial Catalog=SAMMS-AlbanyV5;,SAMMS-AlbanyV5,Select,2017-06-19,NULL,Albany,1,0,dbo,tblPayerClt,pats,tbl_PayerClient,"pyid in (select distinct pyID from dbo.tblPayerCltHistory where pyDtm >= DateAdd(d, -360, @WorkDate)) or pyACTIVE = 1 or isnull(pyEND, GetDate()) >= DateAdd(d, -360, @WorkDate) or pyEnd >= DateAdd(d, -360, @WorkDate)",Order by pyID,0,V6,B44-1-6,NULL
BHG_DR,11,pats,tbl_PayerClient,EST,B45,1,6,1,SQL,2,SAMMS,Data Source=BHGDALLSQL05\SQL2016SAMMS;Connection Timeout=60;Integrated Security=True;Encrypt=False;Initial Catalog=SAMMS-TiftonV5;,SAMMS-TiftonV5,Select,2017-06-19,NULL,Tifton,1,0,dbo,tblPayerClt,pats,tbl_PayerClient,"pyid in (select distinct pyID from dbo.tblPayerCltHistory where pyDtm >= DateAdd(d, -360, @WorkDate)) or pyACTIVE = 1 or isnull(pyEND, GetDate()) >= DateAdd(d, -360, @WorkDate) or pyEnd >= DateAdd(d, -360, @WorkDate)",Order by pyID,0,V6,B45-1-6,NULL
BHG_DR,11,pats,tbl_PayerClient,CST,B46,1,6,1,SQL,2,SAMMS,Data Source=BHGDALLSQL05\SQL2016SAMMS;Connection Timeout=60;Integrated Security=True;Encrypt=False;Initial Catalog=SAMMS-WashingtonDCv5;,SAMMS-WashingtonDCv5,Select,2019-03-20,NULL,Washington DC,1,0,dbo,tblPayerClt,pats,tbl_PayerClient,"pyid in (select distinct pyID from dbo.tblPayerCltHistory where pyDtm >= DateAdd(d, -360, @WorkDate)) or pyACTIVE = 1 or isnull(pyEND, GetDate()) >= DateAdd(d, -360, @WorkDate) or pyEnd >= DateAdd(d, -360, @WorkDate)",Order by pyID,0,V6,B46-1-6,NULL
BHG_DR,11,pats,tbl_PayerClient,CST,B47,1,6,1,SQL,2,SAMMS,Data Source=BHGDALLSQL05\SQL2016SAMMS;Connection Timeout=60;Integrated Security=True;Encrypt=False;Initial Catalog=SAMMS-MobileV5;,SAMMS-MobileV5,Select,2019-09-10,NULL,Mobile,1,0,dbo,tblPayerClt,pats,tbl_PayerClient,"pyid in (select distinct pyID from dbo.tblPayerCltHistory where pyDtm >= DateAdd(d, -360, @WorkDate)) or pyACTIVE = 1 or isnull(pyEND, GetDate()) >= DateAdd(d, -360, @WorkDate) or pyEnd >= DateAdd(d, -360, @WorkDate)",Order by pyID,0,V6,B47-1-6,NULL
BHG_DR,11,pats,tbl_PayerClient,CST,B48,1,6,1,SQL,2,SAMMS,Data Source=BHGDALLSQL05\SQL2016SAMMS;Connection Timeout=60;Integrated Security=True;Encrypt=False;Initial Catalog=SAMMS-TuscaloosaV5;,SAMMS-TuscaloosaV5,Select,2017-11-19,NULL,Tuscaloosa,1,0,dbo,tblPayerClt,pats,tbl_PayerClient,"pyid in (select distinct pyID from dbo.tblPayerCltHistory where pyDtm >= DateAdd(d, -360, @WorkDate)) or pyACTIVE = 1 or isnull(pyEND, GetDate()) >= DateAdd(d, -360, @WorkDate) or pyEnd >= DateAdd(d, -360, @WorkDate)",Order by pyID,0,V6,B48-1-6,NULL
BHG_DR,11,pats,tbl_PayerClient,CST,B51,1,6,1,SQL,2,SAMMS,Data Source=BHGDALLSQL05\SQL2016SAMMS;Connection Timeout=60;Integrated Security=True;Encrypt=False;Initial Catalog=SAMMS-NorthLittleRockV6;,SAMMS-NorthLittleRockV6,Select,2019-11-15,NULL,N. Little Rock (OTP),1,0,dbo,tblPayerClt,pats,tbl_PayerClient,"pyid in (select distinct pyID from dbo.tblPayerCltHistory where pyDtm >= DateAdd(d, -360, @WorkDate)) or pyACTIVE = 1 or isnull(pyEND, GetDate()) >= DateAdd(d, -360, @WorkDate) or pyEnd >= DateAdd(d, -360, @WorkDate)",Order by pyID,0,V6,B51-1-6,NULL
BHG_DR,11,pats,tbl_PayerClient,EST,B52,1,6,1,SQL,2,SAMMS,Data Source=BHGDALLSQL05\SQL2016SAMMS;Connection Timeout=60;Integrated Security=True;Encrypt=False;Initial Catalog=SAMMS-JacksonGAV5;,SAMMS-JacksonGAV5,Select,2018-06-01,NULL,Jackson GA,1,0,dbo,tblPayerClt,pats,tbl_PayerClient,"pyid in (select distinct pyID from dbo.tblPayerCltHistory where pyDtm >= DateAdd(d, -360, @WorkDate)) or pyACTIVE = 1 or isnull(pyEND, GetDate()) >= DateAdd(d, -360, @WorkDate) or pyEnd >= DateAdd(d, -360, @WorkDate)",Order by pyID,0,V6,B52-1-6,NULL
BHG_DR,11,pats,tbl_PayerClient,CST,B54,1,6,1,SQL,2,SAMMS,Data Source=BHGDALLSQL05\SQL2016SAMMS;Connection Timeout=60;Integrated Security=True;Encrypt=False;Initial Catalog=SAMMS-GadsdenV5;,SAMMS-GadsdenV5,Select,2018-06-01,NULL,Gadsden,1,0,dbo,tblPayerClt,pats,tbl_PayerClient,"pyid in (select distinct pyID from dbo.tblPayerCltHistory where pyDtm >= DateAdd(d, -360, @WorkDate)) or pyACTIVE = 1 or isnull(pyEND, GetDate()) >= DateAdd(d, -360, @WorkDate) or pyEnd >= DateAdd(d, -360, @WorkDate)",Order by pyID,0,V6,B54-1-6,NULL
BHG_DR,11,pats,tbl_PayerClient,CST,B55,1,6,1,SQL,2,SAMMS,Data Source=BHGDALLSQL05\SQL2016SAMMS;Connection Timeout=60;Integrated Security=True;Encrypt=False;Initial Catalog=SAMMS-ShoalsV5;,SAMMS-ShoalsV5,Select,2018-04-22,NULL,Shoals,1,0,dbo,tblPayerClt,pats,tbl_PayerClient,"pyid in (select distinct pyID from dbo.tblPayerCltHistory where pyDtm >= DateAdd(d, -360, @WorkDate)) or pyACTIVE = 1 or isnull(pyEND, GetDate()) >= DateAdd(d, -360, @WorkDate) or pyEnd >= DateAdd(d, -360, @WorkDate)",Order by pyID,0,V6,B55-1-6,NULL
BHG_DR,11,pats,tbl_PayerClient,EST,B57,1,6,1,SQL,2,SAMMS,Data Source=BHGDALLSQL05\SQL2016SAMMS;Connection Timeout=60;Integrated Security=True;Encrypt=False;Initial Catalog=SAMMS-Pawtucket;,SAMMS-Pawtucket,Select,2020-09-04,NULL,Pawtucket,1,1,dbo,tblPayerClt,pats,tbl_PayerClient,"pyid in (select distinct pyID from dbo.tblPayerCltHistory where pyDtm >= DateAdd(d, -360, @WorkDate)) or pyACTIVE = 1 or isnull(pyEND, GetDate()) >= DateAdd(d, -360, @WorkDate) or pyEnd >= DateAdd(d, -360, @WorkDate)",Order by pyID,0,V6,B57-1-6,NULL
BHG_DR,11,pats,tbl_PayerClient,EST,B57A,1,6,1,SQL,2,SAMMS,Data Source=BHGDALLSQL05\SQL2016SAMMS;Connection Timeout=60;Integrated Security=True;Encrypt=False;Initial Catalog=SAMMS-Johnston;,SAMMS-Johnston,Select,2021-10-04,NULL,Johnston,1,1,dbo,tblPayerClt,pats,tbl_PayerClient,"pyid in (select distinct pyID from dbo.tblPayerCltHistory where pyDtm >= DateAdd(d, -360, @WorkDate)) or pyACTIVE = 1 or isnull(pyEND, GetDate()) >= DateAdd(d, -360, @WorkDate) or pyEnd >= DateAdd(d, -360, @WorkDate)",Order by pyID,0,V6,B57A-1-6,NULL
BHG_DR,11,pats,tbl_PayerClient,EST,B57B,1,6,1,SQL,2,SAMMS,Data Source=BHGDALLSQL05\SQL2016SAMMS;Connection Timeout=60;Integrated Security=True;Encrypt=False;Initial Catalog=SAMMS-Middletown;,SAMMS-Middletown,Select,2021-10-04,NULL,Middletown,1,1,dbo,tblPayerClt,pats,tbl_PayerClient,"pyid in (select distinct pyID from dbo.tblPayerCltHistory where pyDtm >= DateAdd(d, -360, @WorkDate)) or pyACTIVE = 1 or isnull(pyEND, GetDate()) >= DateAdd(d, -360, @WorkDate) or pyEnd >= DateAdd(d, -360, @WorkDate)",Order by pyID,0,V6,B57B-1-6,NULL
BHG_DR,11,pats,tbl_PayerClient,EST,B57C,1,6,1,SQL,2,SAMMS,Data Source=BHGDALLSQL05\SQL2016SAMMS;Connection Timeout=60;Integrated Security=True;Encrypt=False;Initial Catalog=SAMMS-Providence;,SAMMS-Providence,Select,2021-10-04,NULL,Providence,1,1,dbo,tblPayerClt,pats,tbl_PayerClient,"pyid in (select distinct pyID from dbo.tblPayerCltHistory where pyDtm >= DateAdd(d, -360, @WorkDate)) or pyACTIVE = 1 or isnull(pyEND, GetDate()) >= DateAdd(d, -360, @WorkDate) or pyEnd >= DateAdd(d, -360, @WorkDate)",Order by pyID,0,V6,B57C-1-6,NULL
BHG_DR,11,pats,tbl_PayerClient,EST,B57D,1,6,1,SQL,2,SAMMS,Data Source=BHGDALLSQL05\SQL2016SAMMS;Connection Timeout=60;Integrated Security=True;Encrypt=False;Initial Catalog=SAMMS-Westerly;,SAMMS-Westerly,Select,2021-10-04,NULL,Westerly,1,1,dbo,tblPayerClt,pats,tbl_PayerClient,"pyid in (select distinct pyID from dbo.tblPayerCltHistory where pyDtm >= DateAdd(d, -360, @WorkDate)) or pyACTIVE = 1 or isnull(pyEND, GetDate()) >= DateAdd(d, -360, @WorkDate) or pyEnd >= DateAdd(d, -360, @WorkDate)",Order by pyID,0,V6,B57D-1-6,NULL
BHG_DR,11,pats,tbl_PayerClient,EST,B66A,1,6,1,SQL,2,SAMMS,Data Source=BHGDALLSQL05\SQL2016SAMMS;Connection Timeout=60;Integrated Security=True;Encrypt=False;Initial Catalog=SAMMS-Bremen;,SAMMS-Bremen,Select,NULL,NULL,Bremen,1,1,dbo,tblPayerClt,pats,tbl_PayerClient,"pyid in (select distinct pyID from dbo.tblPayerCltHistory where pyDtm >= DateAdd(d, -360, @WorkDate)) or pyACTIVE = 1 or isnull(pyEND, GetDate()) >= DateAdd(d, -360, @WorkDate) or pyEnd >= DateAdd(d, -360, @WorkDate)",Order by pyID,0,V6,B66A-1-6,NULL
BHG_DR,11,pats,tbl_PayerClient,CST,B72,1,6,1,SQL,2,SAMMS,Data Source=BHGDALLSQL05\SQL2016SAMMS;Connection Timeout=60;Integrated Security=True;Encrypt=False;Initial Catalog=SAMMS-Mobile-OBOT;,SAMMS-Mobile-OBOT,Select,NULL,NULL,Mobile (OBOT),1,1,dbo,tblPayerClt,pats,tbl_PayerClient,"pyid in (select distinct pyID from dbo.tblPayerCltHistory where pyDtm >= DateAdd(d, -360, @WorkDate)) or pyACTIVE = 1 or isnull(pyEND, GetDate()) >= DateAdd(d, -360, @WorkDate) or pyEnd >= DateAdd(d, -360, @WorkDate)",Order by pyID,0,V6,B72-1-6,NULL
BHG_DR,11,pats,tbl_PayerClient,CST,B73,1,6,1,SQL,2,SAMMS,Data Source=BHGDALLSQL05\SQL2016SAMMS;Connection Timeout=60;Integrated Security=True;Encrypt=False;Initial Catalog=SAMMS-Montgomery;,SAMMS-Montgomery,Select,NULL,NULL,Montgomery,1,1,dbo,tblPayerClt,pats,tbl_PayerClient,"pyid in (select distinct pyID from dbo.tblPayerCltHistory where pyDtm >= DateAdd(d, -360, @WorkDate)) or pyACTIVE = 1 or isnull(pyEND, GetDate()) >= DateAdd(d, -360, @WorkDate) or pyEnd >= DateAdd(d, -360, @WorkDate)",Order by pyID,0,V6,B73-1-6,NULL
BHG_DR,11,pats,tbl_PayerClient,CST,B75,1,6,1,SQL,2,SAMMS,Data Source=BHGDALLSQL05\SQL2016SAMMS;Connection Timeout=60;Integrated Security=True;Encrypt=False;Initial Catalog=SAMMS-LawrenceV6;,SAMMS-LawrenceV6,Select,2021-11-09,NULL,Lawrence,1,0,dbo,tblPayerClt,pats,tbl_PayerClient,"pyid in (select distinct pyID from dbo.tblPayerCltHistory where pyDtm >= DateAdd(d, -360, @WorkDate)) or pyACTIVE = 1 or isnull(pyEND, GetDate()) >= DateAdd(d, -360, @WorkDate) or pyEnd >= DateAdd(d, -360, @WorkDate)",Order by pyID,0,V6,B75-1-6,NULL
BHG_DR,11,pats,tbl_PayerClient,CST,B76,1,6,1,SQL,2,SAMMS,Data Source=BHGDALLSQL05\SQL2016SAMMS;Connection Timeout=60;Integrated Security=True;Encrypt=False;Initial Catalog=SAMMS-Huntsville-OBOT;,SAMMS-Huntsville-OBOT,Select,NULL,NULL,Huntsville OBOT,1,0,dbo,tblPayerClt,pats,tbl_PayerClient,"pyid in (select distinct pyID from dbo.tblPayerCltHistory where pyDtm >= DateAdd(d, -360, @WorkDate)) or pyACTIVE = 1 or isnull(pyEND, GetDate()) >= DateAdd(d, -360, @WorkDate) or pyEnd >= DateAdd(d, -360, @WorkDate)",Order by pyID,0,V6,B76-1-6,NULL
BHG_DR,11,pats,tbl_PayerClient,CST,BAT,1,6,1,SQL,2,SAMMS,Data Source=BHGDALLSQL05\SQL2016SAMMS;Connection Timeout=60;Integrated Security=True;Encrypt=False;Initial Catalog=SAMMS-Batesville;,SAMMS-Batesville,Select,NULL,NULL,Batesville,1,1,dbo,tblPayerClt,pats,tbl_PayerClient,"pyid in (select distinct pyID from dbo.tblPayerCltHistory where pyDtm >= DateAdd(d, -360, @WorkDate)) or pyACTIVE = 1 or isnull(pyEND, GetDate()) >= DateAdd(d, -360, @WorkDate) or pyEnd >= DateAdd(d, -360, @WorkDate)",Order by pyID,0,V6,BAT-1-6,NULL
BHG_DR,11,pats,tbl_PayerClient,CST,BG,1,6,1,SQL,2,SAMMS,Data Source=BHGDALLSQL05\SQL2016SAMMS;Connection Timeout=60;Integrated Security=True;Encrypt=False;Initial Catalog=SAMMS-BowlingGreen;,SAMMS-BowlingGreen,Select,NULL,NULL,Bowling Green,1,1,dbo,tblPayerClt,pats,tbl_PayerClient,"pyid in (select distinct pyID from dbo.tblPayerCltHistory where pyDtm >= DateAdd(d, -360, @WorkDate)) or pyACTIVE = 1 or isnull(pyEND, GetDate()) >= DateAdd(d, -360, @WorkDate) or pyEnd >= DateAdd(d, -360, @WorkDate)",Order by pyID,0,V6,BG-1-6,NULL
BHG_DR,11,pats,tbl_PayerClient,MST,BOI,1,6,1,SQL,2,SAMMS,Data Source=BHGDALLSQL05\SQL2016SAMMS;Connection Timeout=60;Integrated Security=True;Encrypt=False;Initial Catalog=SAMMS-Boise;,SAMMS-Boise,Select,NULL,NULL,Boise,1,1,dbo,tblPayerClt,pats,tbl_PayerClient,"pyid in (select distinct pyID from dbo.tblPayerCltHistory where pyDtm >= DateAdd(d, -360, @WorkDate)) or pyACTIVE = 1 or isnull(pyEND, GetDate()) >= DateAdd(d, -360, @WorkDate) or pyEnd >= DateAdd(d, -360, @WorkDate)",Order by pyID,0,V6,BOI-1-6,NULL
BHG_DR,11,pats,tbl_PayerClient,MST,CBCO,1,6,1,SQL,2,SAMMS,Data Source=BHGDALLSQL05\SQL2016SAMMS;Connection Timeout=60;Integrated Security=True;Encrypt=False;Initial Catalog=SAMMS-CoeurdAleneV6;,SAMMS-CoeurdAleneV6,Select,NULL,NULL,Coeur d'Alene,1,1,dbo,tblPayerClt,pats,tbl_PayerClient,"pyid in (select distinct pyID from dbo.tblPayerCltHistory where pyDtm >= DateAdd(d, -360, @WorkDate)) or pyACTIVE = 1 or isnull(pyEND, GetDate()) >= DateAdd(d, -360, @WorkDate) or pyEnd >= DateAdd(d, -360, @WorkDate)",Order by pyID,0,V6,CBCO-1-6,NULL
BHG_DR,11,pats,tbl_PayerClient,CST,CON,1,6,1,SQL,2,SAMMS,Data Source=BHGDALLSQL05\SQL2016SAMMS;Connection Timeout=60;Integrated Security=True;Encrypt=False;Initial Catalog=SAMMS-Conway;,SAMMS-Conway,Select,NULL,NULL,Conway,1,1,dbo,tblPayerClt,pats,tbl_PayerClient,"pyid in (select distinct pyID from dbo.tblPayerCltHistory where pyDtm >= DateAdd(d, -360, @WorkDate)) or pyACTIVE = 1 or isnull(pyEND, GetDate()) >= DateAdd(d, -360, @WorkDate) or pyEnd >= DateAdd(d, -360, @WorkDate)",Order by pyID,0,V6,CON-1-6,NULL
BHG_DR,11,pats,tbl_PayerClient,EST,D07,1,6,1,SQL,2,SAMMS,Data Source=BHGDALLSQL05\SQL2016SAMMS;Connection Timeout=60;Integrated Security=True;Encrypt=False;Initial Catalog=SAMMS-KnoxvilleV6;,SAMMS-KnoxvilleV6,Select,NULL,NULL,Medical Services Knox TN,1,1,dbo,tblPayerClt,pats,tbl_PayerClient,"pyid in (select distinct pyID from dbo.tblPayerCltHistory where pyDtm >= DateAdd(d, -360, @WorkDate)) or pyACTIVE = 1 or isnull(pyEND, GetDate()) >= DateAdd(d, -360, @WorkDate) or pyEnd >= DateAdd(d, -360, @WorkDate)",Order by pyID,0,V6,D07-1-6,NULL
BHG_DR,11,pats,tbl_PayerClient,EST,D08,1,6,1,SQL,2,SAMMS,Data Source=BHGDALLSQL05\SQL2016SAMMS;Connection Timeout=60;Integrated Security=True;Encrypt=False;Initial Catalog=SAMMS-MadisonV6;,SAMMS-MadisonV6,Select,NULL,NULL,Madison,1,1,dbo,tblPayerClt,pats,tbl_PayerClient,"pyid in (select distinct pyID from dbo.tblPayerCltHistory where pyDtm >= DateAdd(d, -360, @WorkDate)) or pyACTIVE = 1 or isnull(pyEND, GetDate()) >= DateAdd(d, -360, @WorkDate) or pyEnd >= DateAdd(d, -360, @WorkDate)",Order by pyID,0,V6,D08-1-6,NULL
BHG_DR,11,pats,tbl_PayerClient,EST,D09,1,6,1,SQL,2,SAMMS,Data Source=BHGDALLSQL05\SQL2016SAMMS;Connection Timeout=60;Integrated Security=True;Encrypt=False;Initial Catalog=SAMMS-MurfreesboroV6;,SAMMS-MurfreesboroV6,Select,NULL,NULL,Murfreesboro,1,1,dbo,tblPayerClt,pats,tbl_PayerClient,"pyid in (select distinct pyID from dbo.tblPayerCltHistory where pyDtm >= DateAdd(d, -360, @WorkDate)) or pyACTIVE = 1 or isnull(pyEND, GetDate()) >= DateAdd(d, -360, @WorkDate) or pyEnd >= DateAdd(d, -360, @WorkDate)",Order by pyID,0,V6,D09-1-6,NULL
BHG_DR,11,pats,tbl_PayerClient,CST,DA,1,6,1,SQL,2,SAMMS,Data Source=BHGDALLSQL05\SQL2016SAMMS;Connection Timeout=60;Integrated Security=True;Encrypt=False;Initial Catalog=SAMMS-Davenport;,SAMMS-Davenport,Select,NULL,NULL,Davenport,1,1,dbo,tblPayerClt,pats,tbl_PayerClient,"pyid in (select distinct pyID from dbo.tblPayerCltHistory where pyDtm >= DateAdd(d, -360, @WorkDate)) or pyACTIVE = 1 or isnull(pyEND, GetDate()) >= DateAdd(d, -360, @WorkDate) or pyEnd >= DateAdd(d, -360, @WorkDate)",Order by pyID,0,V6,DA-1-6,NULL
BHG_DR,11,pats,tbl_PayerClient,CST,DM,1,6,1,SQL,2,SAMMS,Data Source=BHGDALLSQL05\SQL2016SAMMS;Connection Timeout=60;Integrated Security=True;Encrypt=False;Initial Catalog=SAMMS-DesMoines;,SAMMS-DesMoines,Select,NULL,NULL,Des Moines,1,1,dbo,tblPayerClt,pats,tbl_PayerClient,"pyid in (select distinct pyID from dbo.tblPayerCltHistory where pyDtm >= DateAdd(d, -360, @WorkDate)) or pyACTIVE = 1 or isnull(pyEND, GetDate()) >= DateAdd(d, -360, @WorkDate) or pyEnd >= DateAdd(d, -360, @WorkDate)",Order by pyID,0,V6,DM-1-6,NULL
BHG_DR,11,pats,tbl_PayerClient,CST,DRD-CO,1,6,1,SQL,2,SAMMS,Data Source=BHGDALLSQL05\SQL2016SAMMS;Connection Timeout=60;Integrated Security=True;Encrypt=False;Initial Catalog=SAMMS-ColumbiaV5;,SAMMS-ColumbiaV5,Select,NULL,NULL,Columbia MO,1,0,dbo,tblPayerClt,pats,tbl_PayerClient,"pyid in (select distinct pyID from dbo.tblPayerCltHistory where pyDtm >= DateAdd(d, -360, @WorkDate)) or pyACTIVE = 1 or isnull(pyEND, GetDate()) >= DateAdd(d, -360, @WorkDate) or pyEnd >= DateAdd(d, -360, @WorkDate)",Order by pyID,0,V6,DRD-CO-1-6,NULL
BHG_DR,11,pats,tbl_PayerClient,CST,DRD-KC,1,6,1,SQL,2,SAMMS,Data Source=BHGDALLSQL05\SQL2016SAMMS;Connection Timeout=60;Integrated Security=True;Encrypt=False;Initial Catalog=SAMMS-KCv5;,SAMMS-KCv5,Select,NULL,NULL,KC,1,0,dbo,tblPayerClt,pats,tbl_PayerClient,"pyid in (select distinct pyID from dbo.tblPayerCltHistory where pyDtm >= DateAdd(d, -360, @WorkDate)) or pyACTIVE = 1 or isnull(pyEND, GetDate()) >= DateAdd(d, -360, @WorkDate) or pyEnd >= DateAdd(d, -360, @WorkDate)",Order by pyID,0,V6,DRD-KC-1-6,NULL
BHG_DR,11,pats,tbl_PayerClient,EST,DRD-KVB,1,6,1,SQL,2,SAMMS,Data Source=BHGDALLSQL05\SQL2016SAMMS;Connection Timeout=60;Integrated Security=True;Encrypt=False;Initial Catalog=SAMMS-KVBv5;,SAMMS-KVBv5,Select,NULL,NULL,KVB,1,0,dbo,tblPayerClt,pats,tbl_PayerClient,"pyid in (select distinct pyID from dbo.tblPayerCltHistory where pyDtm >= DateAdd(d, -360, @WorkDate)) or pyACTIVE = 1 or isnull(pyEND, GetDate()) >= DateAdd(d, -360, @WorkDate) or pyEnd >= DateAdd(d, -360, @WorkDate)",Order by pyID,0,V6,DRD-KVB-1-6,NULL
BHG_DR,11,pats,tbl_PayerClient,EST,DRD-KVC,1,6,1,SQL,2,SAMMS,Data Source=BHGDALLSQL05\SQL2016SAMMS;Connection Timeout=60;Integrated Security=True;Encrypt=False;Initial Catalog=SAMMS-KVCv5;,SAMMS-KVCv5,Select,NULL,NULL,KVC,1,0,dbo,tblPayerClt,pats,tbl_PayerClient,"pyid in (select distinct pyID from dbo.tblPayerCltHistory where pyDtm >= DateAdd(d, -360, @WorkDate)) or pyACTIVE = 1 or isnull(pyEND, GetDate()) >= DateAdd(d, -360, @WorkDate) or pyEnd >= DateAdd(d, -360, @WorkDate)",Order by pyID,0,V6,DRD-KVC-1-6,NULL
BHG_DR,11,pats,tbl_PayerClient,CST,DRD-NOLA,1,6,1,SQL,2,SAMMS,Data Source=BHGDALLSQL05\SQL2016SAMMS;Connection Timeout=60;Integrated Security=True;Encrypt=False;Initial Catalog=SAMMS-NOLAv5;,SAMMS-NOLAv5,Select,1985-01-01,NULL,NOLA,1,1,dbo,tblPayerClt,pats,tbl_PayerClient,"pyid in (select distinct pyID from dbo.tblPayerCltHistory where pyDtm >= DateAdd(d, -360, @WorkDate)) or pyACTIVE = 1 or isnull(pyEND, GetDate()) >= DateAdd(d, -360, @WorkDate) or pyEnd >= DateAdd(d, -360, @WorkDate)",Order by pyID,0,V6,DRD-NOLA-1-6,NULL
BHG_DR,11,pats,tbl_PayerClient,CST,DRD-SF,1,6,1,SQL,2,SAMMS,Data Source=BHGDALLSQL05\SQL2016SAMMS;Connection Timeout=60;Integrated Security=True;Encrypt=False;Initial Catalog=SAMMS-SFv5;,SAMMS-SFv5,Select,NULL,NULL,Springfield,1,0,dbo,tblPayerClt,pats,tbl_PayerClient,"pyid in (select distinct pyID from dbo.tblPayerCltHistory where pyDtm >= DateAdd(d, -360, @WorkDate)) or pyACTIVE = 1 or isnull(pyEND, GetDate()) >= DateAdd(d, -360, @WorkDate) or pyEnd >= DateAdd(d, -360, @WorkDate)",Order by pyID,0,V6,DRD-SF-1-6,NULL
BHG_DR,11,pats,tbl_PayerClient,EST,ELC,1,6,1,SQL,2,SAMMS,Data Source=BHGDALLSQL05\SQL2016SAMMS;Connection Timeout=60;Integrated Security=True;Encrypt=False;Initial Catalog=SAMMS-ElizabethCity ;,"SAMMS-ElizabethCity ",Select,NULL,NULL,Elizabeth City,1,1,dbo,tblPayerClt,pats,tbl_PayerClient,"pyid in (select distinct pyID from dbo.tblPayerCltHistory where pyDtm >= DateAdd(d, -360, @WorkDate)) or pyACTIVE = 1 or isnull(pyEND, GetDate()) >= DateAdd(d, -360, @WorkDate) or pyEnd >= DateAdd(d, -360, @WorkDate)",Order by pyID,0,V6,ELC-1-6,NULL
BHG_DR,11,pats,tbl_PayerClient,CST,ET,1,6,1,SQL,2,SAMMS,Data Source=BHGDALLSQL05\SQL2016SAMMS;Connection Timeout=60;Integrated Security=True;Encrypt=False;Initial Catalog=SAMMS-Elizabethtown;,SAMMS-Elizabethtown,Select,NULL,NULL,Elizabethtown,1,1,dbo,tblPayerClt,pats,tbl_PayerClient,"pyid in (select distinct pyID from dbo.tblPayerCltHistory where pyDtm >= DateAdd(d, -360, @WorkDate)) or pyACTIVE = 1 or isnull(pyEND, GetDate()) >= DateAdd(d, -360, @WorkDate) or pyEnd >= DateAdd(d, -360, @WorkDate)",Order by pyID,0,V6,ET-1-6,NULL
BHG_DR,11,pats,tbl_PayerClient,CST,FAY,1,6,1,SQL,2,SAMMS,Data Source=BHGDALLSQL05\SQL2016SAMMS;Connection Timeout=60;Integrated Security=True;Encrypt=False;Initial Catalog=SAMMS-Fayetteville;,SAMMS-Fayetteville,Select,2019-08-15,NULL,Fayetteville,1,1,dbo,tblPayerClt,pats,tbl_PayerClient,"pyid in (select distinct pyID from dbo.tblPayerCltHistory where pyDtm >= DateAdd(d, -360, @WorkDate)) or pyACTIVE = 1 or isnull(pyEND, GetDate()) >= DateAdd(d, -360, @WorkDate) or pyEnd >= DateAdd(d, -360, @WorkDate)",Order by pyID,0,V6,FAY-1-6,NULL
BHG_DR,11,pats,tbl_PayerClient,CST,FR,1,6,1,SQL,2,SAMMS,Data Source=BHGDALLSQL05\SQL2016SAMMS;Connection Timeout=60;Integrated Security=True;Encrypt=False;Initial Catalog=SAMMS-Frankfort;,SAMMS-Frankfort,Select,NULL,NULL,Frankfort,1,1,dbo,tblPayerClt,pats,tbl_PayerClient,"pyid in (select distinct pyID from dbo.tblPayerCltHistory where pyDtm >= DateAdd(d, -360, @WorkDate)) or pyACTIVE = 1 or isnull(pyEND, GetDate()) >= DateAdd(d, -360, @WorkDate) or pyEnd >= DateAdd(d, -360, @WorkDate)",Order by pyID,0,V6,FR-1-6,NULL
BHG_DR,11,pats,tbl_PayerClient,CST,FS,1,6,1,SQL,2,SAMMS,Data Source=BHGDALLSQL05\SQL2016SAMMS;Connection Timeout=60;Integrated Security=True;Encrypt=False;Initial Catalog=SAMMS-FortSmith;,SAMMS-FortSmith,Select,2019-08-15,NULL,Fort Smith,1,1,dbo,tblPayerClt,pats,tbl_PayerClient,"pyid in (select distinct pyID from dbo.tblPayerCltHistory where pyDtm >= DateAdd(d, -360, @WorkDate)) or pyACTIVE = 1 or isnull(pyEND, GetDate()) >= DateAdd(d, -360, @WorkDate) or pyEnd >= DateAdd(d, -360, @WorkDate)",Order by pyID,0,V6,FS-1-6,NULL
BHG_DR,11,pats,tbl_PayerClient,EST,FW,1,6,1,SQL,2,SAMMS,Data Source=BHGDALLSQL05\SQL2016SAMMS;Connection Timeout=60;Integrated Security=True;Encrypt=False;Initial Catalog=SAMMS-FortWayne;,SAMMS-FortWayne,Select,NULL,NULL,Fort Wayne,1,1,dbo,tblPayerClt,pats,tbl_PayerClient,"pyid in (select distinct pyID from dbo.tblPayerCltHistory where pyDtm >= DateAdd(d, -360, @WorkDate)) or pyACTIVE = 1 or isnull(pyEND, GetDate()) >= DateAdd(d, -360, @WorkDate) or pyEnd >= DateAdd(d, -360, @WorkDate)",Order by pyID,0,V6,FW-1-6,NULL
BHG_DR,11,pats,tbl_PayerClient,EST,GAL,1,6,1,SQL,2,SAMMS,Data Source=BHGDALLSQL05\SQL2016SAMMS;Connection Timeout=60;Integrated Security=True;Encrypt=False;Initial Catalog=SAMMS-Gaylord ;,"SAMMS-Gaylord ",Select,NULL,NULL,Gaylord,1,1,dbo,tblPayerClt,pats,tbl_PayerClient,"pyid in (select distinct pyID from dbo.tblPayerCltHistory where pyDtm >= DateAdd(d, -360, @WorkDate)) or pyACTIVE = 1 or isnull(pyEND, GetDate()) >= DateAdd(d, -360, @WorkDate) or pyEnd >= DateAdd(d, -360, @WorkDate)",Order by pyID,0,V6,GAL-1-6,NULL
BHG_DR,11,pats,tbl_PayerClient,EST,GRC,1,6,1,SQL,2,SAMMS,Data Source=BHGDALLSQL05\SQL2016SAMMS;Connection Timeout=60;Integrated Security=True;Encrypt=False;Initial Catalog=SAMMS-GreenfieldV5;,SAMMS-GreenfieldV5,Select,2018-12-05,NULL,Greenfield,0,0,dbo,tblPayerClt,pats,tbl_PayerClient,"pyid in (select distinct pyID from dbo.tblPayerCltHistory where pyDtm >= DateAdd(d, -360, @WorkDate)) or pyACTIVE = 1 or isnull(pyEND, GetDate()) >= DateAdd(d, -360, @WorkDate) or pyEnd >= DateAdd(d, -360, @WorkDate)",Order by pyID,0,V6,GRC-1-6,NULL
BHG_DR,11,pats,tbl_PayerClient,EST,HGT,1,6,1,SQL,2,SAMMS,Data Source=BHGDALLSQL05\SQL2016SAMMS;Connection Timeout=60;Integrated Security=True;Encrypt=False;Initial Catalog=SAMMS-Hagerstown;,SAMMS-Hagerstown,Select,NULL,NULL,Hagerstown,1,0,dbo,tblPayerClt,pats,tbl_PayerClient,"pyid in (select distinct pyID from dbo.tblPayerCltHistory where pyDtm >= DateAdd(d, -360, @WorkDate)) or pyACTIVE = 1 or isnull(pyEND, GetDate()) >= DateAdd(d, -360, @WorkDate) or pyEnd >= DateAdd(d, -360, @WorkDate)",Order by pyID,0,V6,HGT-1-6,NULL
BHG_DR,11,pats,tbl_PayerClient,CST,HNT,1,6,1,SQL,2,SAMMS,Data Source=BHGDALLSQL05\SQL2016SAMMS;Connection Timeout=60;Integrated Security=True;Encrypt=False;Initial Catalog=SAMMS-Huntsville;,SAMMS-Huntsville,Select,NULL,NULL,Huntsville,1,1,dbo,tblPayerClt,pats,tbl_PayerClient,"pyid in (select distinct pyID from dbo.tblPayerCltHistory where pyDtm >= DateAdd(d, -360, @WorkDate)) or pyACTIVE = 1 or isnull(pyEND, GetDate()) >= DateAdd(d, -360, @WorkDate) or pyEnd >= DateAdd(d, -360, @WorkDate)",Order by pyID,0,V6,HNT-1-6,NULL
BHG_DR,11,pats,tbl_PayerClient,CST,HS,1,6,1,SQL,2,SAMMS,Data Source=BHGDALLSQL05\SQL2016SAMMS;Connection Timeout=60;Integrated Security=True;Encrypt=False;Initial Catalog=SAMMS-HotSprings;,SAMMS-HotSprings,Select,2019-08-15,NULL,Hot Springs,1,1,dbo,tblPayerClt,pats,tbl_PayerClient,"pyid in (select distinct pyID from dbo.tblPayerCltHistory where pyDtm >= DateAdd(d, -360, @WorkDate)) or pyACTIVE = 1 or isnull(pyEND, GetDate()) >= DateAdd(d, -360, @WorkDate) or pyEnd >= DateAdd(d, -360, @WorkDate)",Order by pyID,0,V6,HS-1-6,NULL
BHG_DR,11,pats,tbl_PayerClient,CST,JON,1,6,1,SQL,2,SAMMS,Data Source=BHGDALLSQL05\SQL2016SAMMS;Connection Timeout=60;Integrated Security=True;Encrypt=False;Initial Catalog=SAMMS-Jonesboro;,SAMMS-Jonesboro,Select,NULL,NULL,Jonesboro,1,1,dbo,tblPayerClt,pats,tbl_PayerClient,"pyid in (select distinct pyID from dbo.tblPayerCltHistory where pyDtm >= DateAdd(d, -360, @WorkDate)) or pyACTIVE = 1 or isnull(pyEND, GetDate()) >= DateAdd(d, -360, @WorkDate) or pyEnd >= DateAdd(d, -360, @WorkDate)",Order by pyID,0,V6,JON-1-6,NULL
BHG_DR,11,pats,tbl_PayerClient,EST,Lab,1,6,1,SQL,2,SAMMS,Data Source=BHGDALLSQL05\SQL2016SAMMS;Connection Timeout=60;Integrated Security=True;Encrypt=False;Initial Catalog=SAMMS-LabV5-V2;,SAMMS-LabV5-V2,Select,NULL,NULL,Reference Lab,1,0,dbo,tblPayerClt,pats,tbl_PayerClient,"pyid in (select distinct pyID from dbo.tblPayerCltHistory where pyDtm >= DateAdd(d, -360, @WorkDate)) or pyACTIVE = 1 or isnull(pyEND, GetDate()) >= DateAdd(d, -360, @WorkDate) or pyEnd >= DateAdd(d, -360, @WorkDate)",Order by pyID,0,V6,Lab-1-6,NULL
BHG_DR,11,pats,tbl_PayerClient,EST,LAN,1,6,1,SQL,2,SAMMS,Data Source=BHGDALLSQL05\SQL2016SAMMS;Connection Timeout=60;Integrated Security=True;Encrypt=False;Initial Catalog=SAMMS-Lansing ;,"SAMMS-Lansing ",Select,NULL,NULL,Lansing,1,1,dbo,tblPayerClt,pats,tbl_PayerClient,"pyid in (select distinct pyID from dbo.tblPayerCltHistory where pyDtm >= DateAdd(d, -360, @WorkDate)) or pyACTIVE = 1 or isnull(pyEND, GetDate()) >= DateAdd(d, -360, @WorkDate) or pyEnd >= DateAdd(d, -360, @WorkDate)",Order by pyID,0,V6,LAN-1-6,NULL
BHG_DR,11,pats,tbl_PayerClient,CST,LO,1,6,1,SQL,2,SAMMS,Data Source=BHGDALLSQL05\SQL2016SAMMS;Connection Timeout=60;Integrated Security=True;Encrypt=False;Initial Catalog=SAMMS-Louisville;,SAMMS-Louisville,Select,NULL,NULL,Louisville,1,1,dbo,tblPayerClt,pats,tbl_PayerClient,"pyid in (select distinct pyID from dbo.tblPayerCltHistory where pyDtm >= DateAdd(d, -360, @WorkDate)) or pyACTIVE = 1 or isnull(pyEND, GetDate()) >= DateAdd(d, -360, @WorkDate) or pyEnd >= DateAdd(d, -360, @WorkDate)",Order by pyID,0,V6,LO-1-6,NULL
BHG_DR,11,pats,tbl_PayerClient,PST,LV1,1,6,1,SQL,2,SAMMS,Data Source=BHGDALLSQL05\SQL2016SAMMS;Connection Timeout=60;Integrated Security=True;Encrypt=False;Initial Catalog=SAMMS-Cheyenne;,SAMMS-Cheyenne,Select,NULL,NULL,Cheyenne,1,1,dbo,tblPayerClt,pats,tbl_PayerClient,"pyid in (select distinct pyID from dbo.tblPayerCltHistory where pyDtm >= DateAdd(d, -360, @WorkDate)) or pyACTIVE = 1 or isnull(pyEND, GetDate()) >= DateAdd(d, -360, @WorkDate) or pyEnd >= DateAdd(d, -360, @WorkDate)",Order by pyID,0,V6,LV1-1-6,NULL
BHG_DR,11,pats,tbl_PayerClient,PST,LV2,1,6,1,SQL,2,SAMMS,Data Source=BHGDALLSQL05\SQL2016SAMMS;Connection Timeout=60;Integrated Security=True;Encrypt=False;Initial Catalog=SAMMS-DesertInn;,SAMMS-DesertInn,Select,NULL,NULL,Desert Inn,1,1,dbo,tblPayerClt,pats,tbl_PayerClient,"pyid in (select distinct pyID from dbo.tblPayerCltHistory where pyDtm >= DateAdd(d, -360, @WorkDate)) or pyACTIVE = 1 or isnull(pyEND, GetDate()) >= DateAdd(d, -360, @WorkDate) or pyEnd >= DateAdd(d, -360, @WorkDate)",Order by pyID,0,V6,LV2-1-6,NULL
BHG_DR,11,pats,tbl_PayerClient,PST,LV3,1,6,1,SQL,2,SAMMS,Data Source=BHGDALLSQL05\SQL2016SAMMS;Connection Timeout=60;Integrated Security=True;Encrypt=False;Initial Catalog=SAMMS-McDaniel;,SAMMS-McDaniel,Select,NULL,NULL,McDaniel,1,1,dbo,tblPayerClt,pats,tbl_PayerClient,"pyid in (select distinct pyID from dbo.tblPayerCltHistory where pyDtm >= DateAdd(d, -360, @WorkDate)) or pyACTIVE = 1 or isnull(pyEND, GetDate()) >= DateAdd(d, -360, @WorkDate) or pyEnd >= DateAdd(d, -360, @WorkDate)",Order by pyID,0,V6,LV3-1-6,NULL
BHG_DR,11,pats,tbl_PayerClient,CST,MNRE,1,6,1,SQL,2,SAMMS,Data Source=BHGDALLSQL05\SQL2016SAMMS;Connection Timeout=60;Integrated Security=True;Encrypt=False;Initial Catalog=SAMMS-Monroe;,SAMMS-Monroe,Select,NULL,NULL,Monroe,1,1,dbo,tblPayerClt,pats,tbl_PayerClient,"pyid in (select distinct pyID from dbo.tblPayerCltHistory where pyDtm >= DateAdd(d, -360, @WorkDate)) or pyACTIVE = 1 or isnull(pyEND, GetDate()) >= DateAdd(d, -360, @WorkDate) or pyEnd >= DateAdd(d, -360, @WorkDate)",Order by pyID,0,V6,MNRE-1-6,NULL
BHG_DR,11,pats,tbl_PayerClient,EST,MP,1,6,1,SQL,2,SAMMS,Data Source=BHGDALLSQL05\SQL2016SAMMS;Connection Timeout=60;Integrated Security=True;Encrypt=False;Initial Catalog=SAMMS-MtPleasant ;,"SAMMS-MtPleasant ",Select,NULL,NULL,Mt. Pleasant,1,1,dbo,tblPayerClt,pats,tbl_PayerClient,"pyid in (select distinct pyID from dbo.tblPayerCltHistory where pyDtm >= DateAdd(d, -360, @WorkDate)) or pyACTIVE = 1 or isnull(pyEND, GetDate()) >= DateAdd(d, -360, @WorkDate) or pyEnd >= DateAdd(d, -360, @WorkDate)",Order by pyID,0,V6,MP-1-6,NULL
BHG_DR,11,pats,tbl_PayerClient,MST,MRD,1,6,1,SQL,2,SAMMS,Data Source=BHGDALLSQL05\SQL2016SAMMS;Connection Timeout=60;Integrated Security=True;Encrypt=False;Initial Catalog=SAMMS-Meridian;,SAMMS-Meridian,Select,NULL,NULL,Meridian,1,1,dbo,tblPayerClt,pats,tbl_PayerClient,"pyid in (select distinct pyID from dbo.tblPayerCltHistory where pyDtm >= DateAdd(d, -360, @WorkDate)) or pyACTIVE = 1 or isnull(pyEND, GetDate()) >= DateAdd(d, -360, @WorkDate) or pyEnd >= DateAdd(d, -360, @WorkDate)",Order by pyID,0,V6,MRD-1-6,NULL
BHG_DR,11,pats,tbl_PayerClient,EST,NC,1,6,1,SQL,2,SAMMS,Data Source=BHGDALLSQL05\SQL2016SAMMS;Connection Timeout=60;Integrated Security=True;Encrypt=False;Initial Catalog=SAMMS-NorthCharleston;,SAMMS-NorthCharleston,Select,NULL,NULL,North Charleston,1,1,dbo,tblPayerClt,pats,tbl_PayerClient,"pyid in (select distinct pyID from dbo.tblPayerCltHistory where pyDtm >= DateAdd(d, -360, @WorkDate)) or pyACTIVE = 1 or isnull(pyEND, GetDate()) >= DateAdd(d, -360, @WorkDate) or pyEnd >= DateAdd(d, -360, @WorkDate)",Order by pyID,0,V6,NC-1-6,NULL
BHG_DR,11,pats,tbl_PayerClient,CST,NLR,1,6,1,SQL,2,SAMMS,Data Source=BHGDALLSQL05\SQL2016SAMMS;Connection Timeout=60;Integrated Security=True;Encrypt=False;Initial Catalog=SAMMS-NLROBOT;,SAMMS-NLROBOT,Select,2019-08-15,NULL,N. Little Rock,1,1,dbo,tblPayerClt,pats,tbl_PayerClient,"pyid in (select distinct pyID from dbo.tblPayerCltHistory where pyDtm >= DateAdd(d, -360, @WorkDate)) or pyACTIVE = 1 or isnull(pyEND, GetDate()) >= DateAdd(d, -360, @WorkDate) or pyEnd >= DateAdd(d, -360, @WorkDate)",Order by pyID,0,V6,NLR-1-6,NULL
BHG_DR,11,pats,tbl_PayerClient,MST,PH,1,6,1,SQL,2,SAMMS,Data Source=BHGDALLSQL05\SQL2016SAMMS;Connection Timeout=60;Integrated Security=True;Encrypt=False;Initial Catalog=SAMMS-Phoenix;,SAMMS-Phoenix,Select,NULL,NULL,Phoenix,1,1,dbo,tblPayerClt,pats,tbl_PayerClient,"pyid in (select distinct pyID from dbo.tblPayerCltHistory where pyDtm >= DateAdd(d, -360, @WorkDate)) or pyACTIVE = 1 or isnull(pyEND, GetDate()) >= DateAdd(d, -360, @WorkDate) or pyEnd >= DateAdd(d, -360, @WorkDate)",Order by pyID,0,V6,PH-1-6,NULL
BHG_DR,11,pats,tbl_PayerClient,PST,RE,1,6,1,SQL,2,SAMMS,Data Source=BHGDALLSQL05\SQL2016SAMMS;Connection Timeout=60;Integrated Security=True;Encrypt=False;Initial Catalog=SAMMS-Reno;,SAMMS-Reno,Select,NULL,NULL,Reno,1,1,dbo,tblPayerClt,pats,tbl_PayerClient,"pyid in (select distinct pyID from dbo.tblPayerCltHistory where pyDtm >= DateAdd(d, -360, @WorkDate)) or pyACTIVE = 1 or isnull(pyEND, GetDate()) >= DateAdd(d, -360, @WorkDate) or pyEnd >= DateAdd(d, -360, @WorkDate)",Order by pyID,0,V6,RE-1-6,NULL
BHG_DR,11,pats,tbl_PayerClient,CST,RMD,1,6,1,SQL,2,SAMMS,Data Source=BHGDALLSQL05\SQL2016SAMMS;Connection Timeout=60;Integrated Security=True;Encrypt=False;Initial Catalog=SAMMS-Richmond;,SAMMS-Richmond,Select,NULL,NULL,Richmond,1,1,dbo,tblPayerClt,pats,tbl_PayerClient,"pyid in (select distinct pyID from dbo.tblPayerCltHistory where pyDtm >= DateAdd(d, -360, @WorkDate)) or pyACTIVE = 1 or isnull(pyEND, GetDate()) >= DateAdd(d, -360, @WorkDate) or pyEnd >= DateAdd(d, -360, @WorkDate)",Order by pyID,0,V6,RMD-1-6,NULL
BHG_DR,11,pats,tbl_PayerClient,CST,SFN,1,6,1,SQL,2,SAMMS,Data Source=BHGDALLSQL05\SQL2016SAMMS;Connection Timeout=60;Integrated Security=True;Encrypt=False;Initial Catalog=SAMMS-SFNv5;,SAMMS-SFNv5,Select,NULL,NULL,Springfield North,1,0,dbo,tblPayerClt,pats,tbl_PayerClient,"pyid in (select distinct pyID from dbo.tblPayerCltHistory where pyDtm >= DateAdd(d, -360, @WorkDate)) or pyACTIVE = 1 or isnull(pyEND, GetDate()) >= DateAdd(d, -360, @WorkDate) or pyEnd >= DateAdd(d, -360, @WorkDate)",Order by pyID,0,V6,SFN-1-6,NULL
BHG_DR,11,pats,tbl_PayerClient,CST,SHP,1,6,1,SQL,2,SAMMS,Data Source=BHGDALLSQL05\SQL2016SAMMS;Connection Timeout=60;Integrated Security=True;Encrypt=False;Initial Catalog=SAMMS-Shreveport;,SAMMS-Shreveport,Select,NULL,NULL,Shreveport,1,1,dbo,tblPayerClt,pats,tbl_PayerClient,"pyid in (select distinct pyID from dbo.tblPayerCltHistory where pyDtm >= DateAdd(d, -360, @WorkDate)) or pyACTIVE = 1 or isnull(pyEND, GetDate()) >= DateAdd(d, -360, @WorkDate) or pyEnd >= DateAdd(d, -360, @WorkDate)",Order by pyID,0,V6,SHP-1-6,NULL
BHG_DR,11,pats,tbl_PayerClient,EST,STN,1,6,1,SQL,2,SAMMS,Data Source=BHGDALLSQL05\SQL2016SAMMS;Connection Timeout=60;Integrated Security=True;Encrypt=False;Initial Catalog=SAMMS-Staunton;,SAMMS-Staunton,Select,NULL,NULL,Staunton,1,1,dbo,tblPayerClt,pats,tbl_PayerClient,"pyid in (select distinct pyID from dbo.tblPayerCltHistory where pyDtm >= DateAdd(d, -360, @WorkDate)) or pyACTIVE = 1 or isnull(pyEND, GetDate()) >= DateAdd(d, -360, @WorkDate) or pyEnd >= DateAdd(d, -360, @WorkDate)",Order by pyID,0,V6,STN-1-6,NULL
BHG_DR,11,pats,tbl_PayerClient,CST,STVN,1,6,1,SQL,2,SAMMS,Data Source=BHGDALLSQL05\SQL2016SAMMS;Connection Timeout=60;Integrated Security=True;Encrypt=False;Initial Catalog=SAMMS-Stevenson;,SAMMS-Stevenson,Select,NULL,NULL,Stevenson,1,1,dbo,tblPayerClt,pats,tbl_PayerClient,"pyid in (select distinct pyID from dbo.tblPayerCltHistory where pyDtm >= DateAdd(d, -360, @WorkDate)) or pyACTIVE = 1 or isnull(pyEND, GetDate()) >= DateAdd(d, -360, @WorkDate) or pyEnd >= DateAdd(d, -360, @WorkDate)",Order by pyID,0,V6,STVN-1-6,NULL
BHG_DR,11,pats,tbl_PayerClient,MST,TE,1,6,1,SQL,2,SAMMS,Data Source=BHGDALLSQL05\SQL2016SAMMS;Connection Timeout=60;Integrated Security=True;Encrypt=False;Initial Catalog=SAMMS-Tempe;,SAMMS-Tempe,Select,NULL,NULL,Tempe,1,1,dbo,tblPayerClt,pats,tbl_PayerClient,"pyid in (select distinct pyID from dbo.tblPayerCltHistory where pyDtm >= DateAdd(d, -360, @WorkDate)) or pyACTIVE = 1 or isnull(pyEND, GetDate()) >= DateAdd(d, -360, @WorkDate) or pyEnd >= DateAdd(d, -360, @WorkDate)",Order by pyID,0,V6,TE-1-6,NULL
BHG_DR,11,pats,tbl_PayerClient,CST,TEX,1,6,1,SQL,2,SAMMS,Data Source=BHGDALLSQL05\SQL2016SAMMS;Connection Timeout=60;Integrated Security=True;Encrypt=False;Initial Catalog=SAMMS-Texarkana;,SAMMS-Texarkana,Select,NULL,NULL,Texarkana,1,1,dbo,tblPayerClt,pats,tbl_PayerClient,"pyid in (select distinct pyID from dbo.tblPayerCltHistory where pyDtm >= DateAdd(d, -360, @WorkDate)) or pyACTIVE = 1 or isnull(pyEND, GetDate()) >= DateAdd(d, -360, @WorkDate) or pyEnd >= DateAdd(d, -360, @WorkDate)",Order by pyID,0,V6,TEX-1-6,NULL
BHG_DR,11,pats,tbl_PayerClient,CST,TTCA,1,6,1,SQL,2,SAMMS,Data Source=BHGDALLSQL05\SQL2016SAMMS;Connection Timeout=60;Integrated Security=True;Encrypt=False;Initial Catalog=SAMMS-BessemerV5;,SAMMS-BessemerV5,Select,2018-09-24,NULL,Bessemer,1,0,dbo,tblPayerClt,pats,tbl_PayerClient,"pyid in (select distinct pyID from dbo.tblPayerCltHistory where pyDtm >= DateAdd(d, -360, @WorkDate)) or pyACTIVE = 1 or isnull(pyEND, GetDate()) >= DateAdd(d, -360, @WorkDate) or pyEnd >= DateAdd(d, -360, @WorkDate)",Order by pyID,0,V6,TTCA-1-6,NULL
BHG_DR,11,pats,tbl_PayerClient,CST,TTCB,1,6,1,SQL,2,SAMMS,Data Source=BHGDALLSQL05\SQL2016SAMMS;Connection Timeout=60;Integrated Security=True;Encrypt=False;Initial Catalog=SAMMS-CullmanV5;,SAMMS-CullmanV5,Select,2019-02-26,NULL,Cullman,1,0,dbo,tblPayerClt,pats,tbl_PayerClient,"pyid in (select distinct pyID from dbo.tblPayerCltHistory where pyDtm >= DateAdd(d, -360, @WorkDate)) or pyACTIVE = 1 or isnull(pyEND, GetDate()) >= DateAdd(d, -360, @WorkDate) or pyEnd >= DateAdd(d, -360, @WorkDate)",Order by pyID,0,V6,TTCB-1-6,NULL
BHG_DR,11,pats,tbl_PayerClient,CST,TTCC,1,6,1,SQL,2,SAMMS,Data Source=BHGDALLSQL05\SQL2016SAMMS;Connection Timeout=60;Integrated Security=True;Encrypt=False;Initial Catalog=SAMMS-GrandBay;,SAMMS-GrandBay,Select,2019-12-31,NULL,Grand Bay,1,1,dbo,tblPayerClt,pats,tbl_PayerClient,"pyid in (select distinct pyID from dbo.tblPayerCltHistory where pyDtm >= DateAdd(d, -360, @WorkDate)) or pyACTIVE = 1 or isnull(pyEND, GetDate()) >= DateAdd(d, -360, @WorkDate) or pyEnd >= DateAdd(d, -360, @WorkDate)",Order by pyID,0,V6,TTCC-1-6,NULL
BHG_DR,11,pats,tbl_PayerClient,MST,TU,1,6,1,SQL,2,SAMMS,Data Source=BHGDALLSQL05\SQL2016SAMMS;Connection Timeout=60;Integrated Security=True;Encrypt=False;Initial Catalog=SAMMS-Tucson;,SAMMS-Tucson,Select,NULL,NULL,Tucson,1,1,dbo,tblPayerClt,pats,tbl_PayerClient,"pyid in (select distinct pyID from dbo.tblPayerCltHistory where pyDtm >= DateAdd(d, -360, @WorkDate)) or pyACTIVE = 1 or isnull(pyEND, GetDate()) >= DateAdd(d, -360, @WorkDate) or pyEnd >= DateAdd(d, -360, @WorkDate)",Order by pyID,0,V6,TU-1-6,NULL
BHG_DR,11,pats,tbl_PayerClient,EST,V1,1,6,1,SQL,2,SAMMS,Data Source=BHGDALLSQL05\SQL2016SAMMS;Connection Timeout=60;Integrated Security=True;Encrypt=False;Initial Catalog=SAMMS-VCPHCS-I-MemphisV5;,SAMMS-VCPHCS-I-MemphisV5,Select,NULL,NULL,Memphis South,1,0,dbo,tblPayerClt,pats,tbl_PayerClient,"pyid in (select distinct pyID from dbo.tblPayerCltHistory where pyDtm >= DateAdd(d, -360, @WorkDate)) or pyACTIVE = 1 or isnull(pyEND, GetDate()) >= DateAdd(d, -360, @WorkDate) or pyEnd >= DateAdd(d, -360, @WorkDate)",Order by pyID,0,V6,V1-1-6,NULL
BHG_DR,11,pats,tbl_PayerClient,MST,V10,1,6,1,SQL,2,SAMMS,Data Source=BHGDALLSQL05\SQL2016SAMMS;Connection Timeout=60;Integrated Security=True;Encrypt=False;Initial Catalog=SAMMS-BoulderV5;,SAMMS-BoulderV5,Select,NULL,NULL,Longmont,1,1,dbo,tblPayerClt,pats,tbl_PayerClient,"pyid in (select distinct pyID from dbo.tblPayerCltHistory where pyDtm >= DateAdd(d, -360, @WorkDate)) or pyACTIVE = 1 or isnull(pyEND, GetDate()) >= DateAdd(d, -360, @WorkDate) or pyEnd >= DateAdd(d, -360, @WorkDate)",Order by pyID,0,V6,V10-1-6,NULL
BHG_DR,11,pats,tbl_PayerClient,MST,V10A,1,6,1,SQL,2,SAMMS,Data Source=BHGDALLSQL05\SQL2016SAMMS;Connection Timeout=60;Integrated Security=True;Encrypt=False;Initial Catalog=SAMMS-FortCollinsV5;,SAMMS-FortCollinsV5,Select,NULL,NULL,Fort Collins,1,1,dbo,tblPayerClt,pats,tbl_PayerClient,"pyid in (select distinct pyID from dbo.tblPayerCltHistory where pyDtm >= DateAdd(d, -360, @WorkDate)) or pyACTIVE = 1 or isnull(pyEND, GetDate()) >= DateAdd(d, -360, @WorkDate) or pyEnd >= DateAdd(d, -360, @WorkDate)",Order by pyID,0,V6,V10A-1-6,NULL
BHG_DR,11,pats,tbl_PayerClient,MST,V11,1,6,1,SQL,2,SAMMS,Data Source=BHGDALLSQL05\SQL2016SAMMS;Connection Timeout=60;Integrated Security=True;Encrypt=False;Initial Catalog=SAMMS-VCPHCS-XI-NorthDenverV5;,SAMMS-VCPHCS-XI-NorthDenverV5,Select,NULL,NULL,Westminster,1,1,dbo,tblPayerClt,pats,tbl_PayerClient,"pyid in (select distinct pyID from dbo.tblPayerCltHistory where pyDtm >= DateAdd(d, -360, @WorkDate)) or pyACTIVE = 1 or isnull(pyEND, GetDate()) >= DateAdd(d, -360, @WorkDate) or pyEnd >= DateAdd(d, -360, @WorkDate)",Order by pyID,0,V6,V11-1-6,NULL
BHG_DR,11,pats,tbl_PayerClient,MST,V12,1,6,1,SQL,2,SAMMS,Data Source=BHGDALLSQL05\SQL2016SAMMS;Connection Timeout=60;Integrated Security=True;Encrypt=False;Initial Catalog=SAMMS-VCPHCS-XII-DowntownDenverV5;,SAMMS-VCPHCS-XII-DowntownDenverV5,Select,NULL,NULL,Downtown Denver,1,1,dbo,tblPayerClt,pats,tbl_PayerClient,"pyid in (select distinct pyID from dbo.tblPayerCltHistory where pyDtm >= DateAdd(d, -360, @WorkDate)) or pyACTIVE = 1 or isnull(pyEND, GetDate()) >= DateAdd(d, -360, @WorkDate) or pyEnd >= DateAdd(d, -360, @WorkDate)",Order by pyID,0,V6,V12-1-6,NULL
BHG_DR,11,pats,tbl_PayerClient,MST,V12A,1,6,1,SQL,2,SAMMS,Data Source=BHGDALLSQL05\SQL2016SAMMS;Connection Timeout=60;Integrated Security=True;Encrypt=False;Initial Catalog=SAMMS-CentennialV5;,SAMMS-CentennialV5,Select,NULL,NULL,Centennial,1,1,dbo,tblPayerClt,pats,tbl_PayerClient,"pyid in (select distinct pyID from dbo.tblPayerCltHistory where pyDtm >= DateAdd(d, -360, @WorkDate)) or pyACTIVE = 1 or isnull(pyEND, GetDate()) >= DateAdd(d, -360, @WorkDate) or pyEnd >= DateAdd(d, -360, @WorkDate)",Order by pyID,0,V6,V12A-1-6,NULL
BHG_DR,11,pats,tbl_PayerClient,CST,V14,1,6,1,SQL,2,SAMMS,Data Source=BHGDALLSQL05\SQL2016SAMMS;Connection Timeout=60;Integrated Security=True;Encrypt=False;Initial Catalog=SAMMS-VCPHCS-XIV-BridgewayV5;,SAMMS-VCPHCS-XIV-BridgewayV5,Select,NULL,NULL,Overland Park,1,0,dbo,tblPayerClt,pats,tbl_PayerClient,"pyid in (select distinct pyID from dbo.tblPayerCltHistory where pyDtm >= DateAdd(d, -360, @WorkDate)) or pyACTIVE = 1 or isnull(pyEND, GetDate()) >= DateAdd(d, -360, @WorkDate) or pyEnd >= DateAdd(d, -360, @WorkDate)",Order by pyID,0,V6,V14-1-6,NULL
BHG_DR,11,pats,tbl_PayerClient,CST,V15,1,6,1,SQL,2,SAMMS,Data Source=BHGDALLSQL05\SQL2016SAMMS;Connection Timeout=60;Integrated Security=True;Encrypt=False;Initial Catalog=SAMMS-JoplinV5;,SAMMS-JoplinV5,Select,NULL,NULL,Joplin,1,0,dbo,tblPayerClt,pats,tbl_PayerClient,"pyid in (select distinct pyID from dbo.tblPayerCltHistory where pyDtm >= DateAdd(d, -360, @WorkDate)) or pyACTIVE = 1 or isnull(pyEND, GetDate()) >= DateAdd(d, -360, @WorkDate) or pyEnd >= DateAdd(d, -360, @WorkDate)",Order by pyID,0,V6,V15-1-6,NULL
BHG_DR,11,pats,tbl_PayerClient,EST,V17,1,6,1,SQL,2,SAMMS,Data Source=BHGDALLSQL05\SQL2016SAMMS;Connection Timeout=60;Integrated Security=True;Encrypt=False;Initial Catalog=SAMMS-ColumbiaTNv5;,SAMMS-ColumbiaTNv5,Select,NULL,NULL,Columbia TN,1,0,dbo,tblPayerClt,pats,tbl_PayerClient,"pyid in (select distinct pyID from dbo.tblPayerCltHistory where pyDtm >= DateAdd(d, -360, @WorkDate)) or pyACTIVE = 1 or isnull(pyEND, GetDate()) >= DateAdd(d, -360, @WorkDate) or pyEnd >= DateAdd(d, -360, @WorkDate)",Order by pyID,0,V6,V17-1-6,NULL
BHG_DR,11,pats,tbl_PayerClient,EST,V19,1,6,1,SQL,2,SAMMS,Data Source=BHGDALLSQL05\SQL2016SAMMS;Connection Timeout=60;Integrated Security=True;Encrypt=False;Initial Catalog=SAMMS-JacksonV5;,SAMMS-JacksonV5,Select,NULL,NULL,Jackson,1,0,dbo,tblPayerClt,pats,tbl_PayerClient,"pyid in (select distinct pyID from dbo.tblPayerCltHistory where pyDtm >= DateAdd(d, -360, @WorkDate)) or pyACTIVE = 1 or isnull(pyEND, GetDate()) >= DateAdd(d, -360, @WorkDate) or pyEnd >= DateAdd(d, -360, @WorkDate)",Order by pyID,0,V6,V19-1-6,NULL
BHG_DR,11,pats,tbl_PayerClient,EST,V20,1,6,1,SQL,2,SAMMS,Data Source=BHGDALLSQL05\SQL2016SAMMS;Connection Timeout=60;Integrated Security=True;Encrypt=False;Initial Catalog=SAMMS-ParisV5;,SAMMS-ParisV5,Select,NULL,NULL,Paris,1,0,dbo,tblPayerClt,pats,tbl_PayerClient,"pyid in (select distinct pyID from dbo.tblPayerCltHistory where pyDtm >= DateAdd(d, -360, @WorkDate)) or pyACTIVE = 1 or isnull(pyEND, GetDate()) >= DateAdd(d, -360, @WorkDate) or pyEnd >= DateAdd(d, -360, @WorkDate)",Order by pyID,0,V6,V20-1-6,NULL
BHG_DR,11,pats,tbl_PayerClient,EST,V21,1,6,1,SQL,2,SAMMS,Data Source=BHGDALLSQL05\SQL2016SAMMS;Connection Timeout=60;Integrated Security=True;Encrypt=False;Initial Catalog=SAMMS-RaleighV5;,SAMMS-RaleighV5,Select,NULL,NULL,Memphis North,1,0,dbo,tblPayerClt,pats,tbl_PayerClient,"pyid in (select distinct pyID from dbo.tblPayerCltHistory where pyDtm >= DateAdd(d, -360, @WorkDate)) or pyACTIVE = 1 or isnull(pyEND, GetDate()) >= DateAdd(d, -360, @WorkDate) or pyEnd >= DateAdd(d, -360, @WorkDate)",Order by pyID,0,V6,V21-1-6,NULL
BHG_DR,11,pats,tbl_PayerClient,CST,V5,1,6,1,SQL,2,SAMMS,Data Source=BHGDALLSQL05\SQL2016SAMMS;Connection Timeout=60;Integrated Security=True;Encrypt=False;Initial Catalog=SAMMS-NONTCv5;,SAMMS-NONTCv5,Select,NULL,NULL,West Bank,1,1,dbo,tblPayerClt,pats,tbl_PayerClient,"pyid in (select distinct pyID from dbo.tblPayerCltHistory where pyDtm >= DateAdd(d, -360, @WorkDate)) or pyACTIVE = 1 or isnull(pyEND, GetDate()) >= DateAdd(d, -360, @WorkDate) or pyEnd >= DateAdd(d, -360, @WorkDate)",Order by pyID,0,V6,V5-1-6,NULL
BHG_DR,11,pats,tbl_PayerClient,CST,V5B,1,6,1,SQL,2,SAMMS,Data Source=BHGDALLSQL05\SQL2016SAMMS;Connection Timeout=60;Integrated Security=True;Encrypt=False;Initial Catalog=SAMMS-HoumaV6;,SAMMS-HoumaV6,Select,NULL,NULL,Houma,1,0,dbo,tblPayerClt,pats,tbl_PayerClient,"pyid in (select distinct pyID from dbo.tblPayerCltHistory where pyDtm >= DateAdd(d, -360, @WorkDate)) or pyACTIVE = 1 or isnull(pyEND, GetDate()) >= DateAdd(d, -360, @WorkDate) or pyEnd >= DateAdd(d, -360, @WorkDate)",Order by pyID,0,v6,V5B-1-6,NULL
BHG_DR,11,pats,tbl_PayerClient,CST,V6,1,6,1,SQL,2,SAMMS,Data Source=BHGDALLSQL05\SQL2016SAMMS;Connection Timeout=60;Integrated Security=True;Encrypt=False;Initial Catalog=SAMMS-LCv5;,SAMMS-LCv5,Select,NULL,NULL,Lake Charles,1,1,dbo,tblPayerClt,pats,tbl_PayerClient,"pyid in (select distinct pyID from dbo.tblPayerCltHistory where pyDtm >= DateAdd(d, -360, @WorkDate)) or pyACTIVE = 1 or isnull(pyEND, GetDate()) >= DateAdd(d, -360, @WorkDate) or pyEnd >= DateAdd(d, -360, @WorkDate)",Order by pyID,0,V6,V6-1-6,NULL
BHG_DR,11,pats,tbl_PayerClient,EST,V8,1,6,1,SQL,2,SAMMS,Data Source=BHGDALLSQL05\SQL2016SAMMS;Connection Timeout=60;Integrated Security=True;Encrypt=False;Initial Catalog=SAMMS-VCPHCS-VIII-MemphisV5;,SAMMS-VCPHCS-VIII-MemphisV5,Select,NULL,NULL,Memphis Midtown,1,0,dbo,tblPayerClt,pats,tbl_PayerClient,"pyid in (select distinct pyID from dbo.tblPayerCltHistory where pyDtm >= DateAdd(d, -360, @WorkDate)) or pyACTIVE = 1 or isnull(pyEND, GetDate()) >= DateAdd(d, -360, @WorkDate) or pyEnd >= DateAdd(d, -360, @WorkDate)",Order by pyID,0,V6,V8-1-6,NULL
BHG_DR,11,pats,tbl_PayerClient,EST,V9,1,6,1,SQL,2,SAMMS,Data Source=BHGDALLSQL05\SQL2016SAMMS;Connection Timeout=60;Integrated Security=True;Encrypt=False;Initial Catalog=SAMMS-NashvilleV5;,SAMMS-NashvilleV5,Select,NULL,NULL,Nashville,1,0,dbo,tblPayerClt,pats,tbl_PayerClient,"pyid in (select distinct pyID from dbo.tblPayerCltHistory where pyDtm >= DateAdd(d, -360, @WorkDate)) or pyACTIVE = 1 or isnull(pyEND, GetDate()) >= DateAdd(d, -360, @WorkDate) or pyEnd >= DateAdd(d, -360, @WorkDate)",Order by pyID,0,V6,V9-1-6,NULL
BHG_DR,11,pats,tbl_PayerClient,CST,VBRA,1,6,1,SQL,2,SAMMS,Data Source=BHGDALLSQL05\SQL2016SAMMS;Connection Timeout=60;Integrated Security=True;Encrypt=False;Initial Catalog=SAMMS-BrainerdV6;,SAMMS-BrainerdV6,Select,2021-11-01,NULL,Brainerd,1,1,dbo,tblPayerClt,pats,tbl_PayerClient,"pyid in (select distinct pyID from dbo.tblPayerCltHistory where pyDtm >= DateAdd(d, -360, @WorkDate)) or pyACTIVE = 1 or isnull(pyEND, GetDate()) >= DateAdd(d, -360, @WorkDate) or pyEnd >= DateAdd(d, -360, @WorkDate)",Order by pyID,0,V6,VBRA-1-6,NULL
BHG_DR,11,pats,tbl_PayerClient,CST,VBRP,1,6,1,SQL,2,SAMMS,Data Source=BHGDALLSQL05\SQL2016SAMMS;Connection Timeout=60;Integrated Security=True;Encrypt=False;Initial Catalog=SAMMS-BrooklynParkV6;,SAMMS-BrooklynParkV6,Select,2021-11-01,NULL,Brooklyn Park,1,1,dbo,tblPayerClt,pats,tbl_PayerClient,"pyid in (select distinct pyID from dbo.tblPayerCltHistory where pyDtm >= DateAdd(d, -360, @WorkDate)) or pyACTIVE = 1 or isnull(pyEND, GetDate()) >= DateAdd(d, -360, @WorkDate) or pyEnd >= DateAdd(d, -360, @WorkDate)",Order by pyID,0,V6,VBRP-1-6,NULL
BHG_DR,11,pats,tbl_PayerClient,CST,VMIN,1,6,1,SQL,2,SAMMS,Data Source=BHGDALLSQL05\SQL2016SAMMS;Connection Timeout=60;Integrated Security=True;Encrypt=False;Initial Catalog=SAMMS-MinneapolisV6;,SAMMS-MinneapolisV6,Select,2021-11-01,NULL,Minneapolis,1,1,dbo,tblPayerClt,pats,tbl_PayerClient,"pyid in (select distinct pyID from dbo.tblPayerCltHistory where pyDtm >= DateAdd(d, -360, @WorkDate)) or pyACTIVE = 1 or isnull(pyEND, GetDate()) >= DateAdd(d, -360, @WorkDate) or pyEnd >= DateAdd(d, -360, @WorkDate)",Order by pyID,0,V6,VMIN-1-6,NULL
BHG_DR,11,pats,tbl_PayerClient,CST,VWBY,1,6,1,SQL,2,SAMMS,Data Source=BHGDALLSQL05\SQL2016SAMMS;Connection Timeout=60;Integrated Security=True;Encrypt=False;Initial Catalog=SAMMS-WoodburyV6;,SAMMS-WoodburyV6,Select,2021-11-01,NULL,Woodbury,1,1,dbo,tblPayerClt,pats,tbl_PayerClient,"pyid in (select distinct pyID from dbo.tblPayerCltHistory where pyDtm >= DateAdd(d, -360, @WorkDate)) or pyACTIVE = 1 or isnull(pyEND, GetDate()) >= DateAdd(d, -360, @WorkDate) or pyEnd >= DateAdd(d, -360, @WorkDate)",Order by pyID,0,V6,VWBY-1-6,NULL
BHG_DR,11,pats,tbl_PayerClient,EST,WIL,1,6,1,SQL,2,SAMMS,Data Source=BHGDALLSQL05\SQL2016SAMMS;Connection Timeout=60;Integrated Security=True;Encrypt=False;Initial Catalog=SAMMS-Wilson;,SAMMS-Wilson,Select,NULL,NULL,Wilson,1,1,dbo,tblPayerClt,pats,tbl_PayerClient,"pyid in (select distinct pyID from dbo.tblPayerCltHistory where pyDtm >= DateAdd(d, -360, @WorkDate)) or pyACTIVE = 1 or isnull(pyEND, GetDate()) >= DateAdd(d, -360, @WorkDate) or pyEnd >= DateAdd(d, -360, @WorkDate)",Order by pyID,0,V6,WIL-1-6,NULL
BHG_DR,12,pats,tbl_tbldiag10,EST,AHK,1,83,1,SQL,2,SAMMS,Data Source=BHGDALLSQL05\SQL2016SAMMS;Connection Timeout=60;Integrated Security=True;Encrypt=False;Initial Catalog=SAMMS-Ahoskie ;,"SAMMS-Ahoskie ",Select,NULL,NULL,Ahoskie,1,1,dbo,Tbldiag10,pats,tbl_TblDiag10,1 = 1,"Order by SiteCode, dgid",0,V6,AHK-1-83,NULL
BHG_DR,12,pats,tbl_tbldiag10,MST,B12B,1,83,1,SQL,2,SAMMS,Data Source=BHGDALLSQL05\SQL2016SAMMS;Connection Timeout=60;Integrated Security=True;Encrypt=False;Initial Catalog=SAMMS-ColoradoSpringsV5;,SAMMS-ColoradoSpringsV5,Select,NULL,NULL,Colorado Springs,1,0,dbo,Tbldiag10,pats,tbl_TblDiag10,1 = 1,"Order by SiteCode, dgid",0,V6,B12B-1-83,NULL
BHG_DR,12,pats,tbl_tbldiag10,CST,B24,1,83,1,SQL,2,SAMMS,Data Source=BHGDALLSQL05\SQL2016SAMMS;Connection Timeout=60;Integrated Security=True;Encrypt=False;Initial Catalog=SAMMS-PaintsvilleV5;,SAMMS-PaintsvilleV5,Select,NULL,NULL,Paintsville,1,1,dbo,Tbldiag10,pats,tbl_TblDiag10,1 = 1,"Order by SiteCode, dgid",0,V6,B24-1-83,NULL
BHG_DR,12,pats,tbl_tbldiag10,CST,B25,1,83,1,SQL,2,SAMMS,Data Source=BHGDALLSQL05\SQL2016SAMMS;Connection Timeout=60;Integrated Security=True;Encrypt=False;Initial Catalog=SAMMS-PikevilleV5;,SAMMS-PikevilleV5,Select,NULL,NULL,Pikeville,1,1,dbo,Tbldiag10,pats,tbl_TblDiag10,1 = 1,"Order by SiteCode, dgid",0,V6,B25-1-83,NULL
BHG_DR,12,pats,tbl_tbldiag10,CST,B26,1,83,1,SQL,2,SAMMS,Data Source=BHGDALLSQL05\SQL2016SAMMS;Connection Timeout=60;Integrated Security=True;Encrypt=False;Initial Catalog=SAMMS-HazardV5;,SAMMS-HazardV5,Select,NULL,NULL,Hazard,1,0,dbo,Tbldiag10,pats,tbl_TblDiag10,1 = 1,"Order by SiteCode, dgid",0,V6,B26-1-83,NULL
BHG_DR,12,pats,tbl_tbldiag10,EST,B27,1,83,1,SQL,2,SAMMS,Data Source=BHGDALLSQL05\SQL2016SAMMS;Connection Timeout=60;Integrated Security=True;Encrypt=False;Initial Catalog=SAMMS-SavannahV6;,SAMMS-SavannahV6,Select,2022-09-14,NULL,Savannah,1,1,dbo,Tbldiag10,pats,tbl_TblDiag10,1 = 1,"Order by SiteCode, dgid",0,V6,B27-1-83,NULL
BHG_DR,12,pats,tbl_tbldiag10,CST,B28,1,83,1,SQL,2,SAMMS,Data Source=BHGDALLSQL05\SQL2016SAMMS;Connection Timeout=60;Integrated Security=True;Encrypt=False;Initial Catalog=SAMMS-WestPlainesV5;,SAMMS-WestPlainesV5,Select,NULL,NULL,West Plains,1,0,dbo,Tbldiag10,pats,tbl_TblDiag10,1 = 1,"Order by SiteCode, dgid",0,V6,B28-1-83,NULL
BHG_DR,12,pats,tbl_tbldiag10,CST,B29,1,83,1,SQL,2,SAMMS,Data Source=BHGDALLSQL05\SQL2016SAMMS;Connection Timeout=60;Integrated Security=True;Encrypt=False;Initial Catalog=SAMMS-PoplarBluffV5;,SAMMS-PoplarBluffV5,Select,NULL,NULL,Poplar Bluff,1,0,dbo,Tbldiag10,pats,tbl_TblDiag10,1 = 1,"Order by SiteCode, dgid",0,V6,B29-1-83,NULL
BHG_DR,12,pats,tbl_tbldiag10,CST,B30,1,83,1,SQL,2,SAMMS,Data Source=BHGDALLSQL05\SQL2016SAMMS;Connection Timeout=60;Integrated Security=True;Encrypt=False;Initial Catalog=SAMMS-KCNv5;,SAMMS-KCNv5,Select,2016-02-01,NULL,KC North,1,0,dbo,Tbldiag10,pats,tbl_TblDiag10,1 = 1,"Order by SiteCode, dgid",0,V6,B30-1-83,NULL
BHG_DR,12,pats,tbl_tbldiag10,EST,B31,1,83,1,SQL,2,SAMMS,Data Source=BHGDALLSQL05\SQL2016SAMMS;Connection Timeout=60;Integrated Security=True;Encrypt=False;Initial Catalog=SAMMS-DyersburgV5;,SAMMS-DyersburgV5,Select,NULL,NULL,Dyersburg,1,0,dbo,Tbldiag10,pats,tbl_TblDiag10,1 = 1,"Order by SiteCode, dgid",0,V6,B31-1-83,NULL
BHG_DR,12,pats,tbl_tbldiag10,CST,B33,1,83,1,SQL,2,SAMMS,Data Source=BHGDALLSQL05\SQL2016SAMMS;Connection Timeout=60;Integrated Security=True;Encrypt=False;Initial Catalog=SAMMS-Paducah;,SAMMS-Paducah,Select,NULL,NULL,Paducah,1,0,dbo,Tbldiag10,pats,tbl_TblDiag10,1 = 1,"Order by SiteCode, dgid",0,V6,B33-1-83,NULL
BHG_DR,12,pats,tbl_tbldiag10,CST,B34,1,83,1,SQL,2,SAMMS,Data Source=BHGDALLSQL05\SQL2016SAMMS;Connection Timeout=60;Integrated Security=True;Encrypt=False;Initial Catalog=SAMMS-CorbinV5;,SAMMS-CorbinV5,Select,NULL,NULL,Corbin,1,0,dbo,Tbldiag10,pats,tbl_TblDiag10,1 = 1,"Order by SiteCode, dgid",0,V6,B34-1-83,NULL
BHG_DR,12,pats,tbl_tbldiag10,CST,B35,1,83,1,SQL,2,SAMMS,Data Source=BHGDALLSQL05\SQL2016SAMMS;Connection Timeout=60;Integrated Security=True;Encrypt=False;Initial Catalog=SAMMS-LexingtonV5;,SAMMS-LexingtonV5,Select,NULL,NULL,Lexington,1,1,dbo,Tbldiag10,pats,tbl_TblDiag10,1 = 1,"Order by SiteCode, dgid",0,V6,B35-1-83,NULL
BHG_DR,12,pats,tbl_tbldiag10,CST,B35A,1,83,1,SQL,2,SAMMS,Data Source=BHGDALLSQL05\SQL2016SAMMS;Connection Timeout=60;Integrated Security=True;Encrypt=False;Initial Catalog=SAMMS-BereaV5;,SAMMS-BereaV5,Select,2018-06-01,NULL,Berea,1,0,dbo,Tbldiag10,pats,tbl_TblDiag10,1 = 1,"Order by SiteCode, dgid",0,V6,B35A-1-83,NULL
BHG_DR,12,pats,tbl_tbldiag10,EST,B36,1,83,1,SQL,2,SAMMS,Data Source=BHGDALLSQL05\SQL2016SAMMS;Connection Timeout=60;Integrated Security=True;Encrypt=False;Initial Catalog=SAMMS-AshevilleV5;,SAMMS-AshevilleV5,Select,2015-09-07,NULL,Asheville,1,0,dbo,Tbldiag10,pats,tbl_TblDiag10,1 = 1,"Order by SiteCode, dgid",0,V6,B36-1-83,NULL
BHG_DR,12,pats,tbl_tbldiag10,EST,B37,1,83,1,SQL,2,SAMMS,Data Source=BHGDALLSQL05\SQL2016SAMMS;Connection Timeout=60;Integrated Security=True;Encrypt=False;Initial Catalog=SAMMS-ClydeV5;,SAMMS-ClydeV5,Select,2015-09-07,NULL,Clyde,1,0,dbo,Tbldiag10,pats,tbl_TblDiag10,1 = 1,"Order by SiteCode, dgid",0,V6,B37-1-83,NULL
BHG_DR,12,pats,tbl_tbldiag10,EST,B38,1,83,1,SQL,2,SAMMS,Data Source=BHGDALLSQL05\SQL2016SAMMS;Connection Timeout=60;Integrated Security=True;Encrypt=False;Initial Catalog=SAMMS-SpartanburgV5;,SAMMS-SpartanburgV5,Select,2016-07-25,NULL,Spartanburg,1,0,dbo,Tbldiag10,pats,tbl_TblDiag10,1 = 1,"Order by SiteCode, dgid",0,V6,B38-1-83,NULL
BHG_DR,12,pats,tbl_tbldiag10,EST,B39,1,83,1,SQL,2,SAMMS,Data Source=BHGDALLSQL05\SQL2016SAMMS;Connection Timeout=60;Integrated Security=True;Encrypt=False;Initial Catalog=SAMMS-AikenV5;,SAMMS-AikenV5,Select,2016-07-25,NULL,Aiken,1,0,dbo,Tbldiag10,pats,tbl_TblDiag10,1 = 1,"Order by SiteCode, dgid",0,V6,B39-1-83,NULL
BHG_DR,12,pats,tbl_tbldiag10,EST,B41,1,83,1,SQL,2,SAMMS,Data Source=BHGDALLSQL05\SQL2016SAMMS;Connection Timeout=60;Integrated Security=True;Encrypt=False;Initial Catalog=SAMMS-ChesapeakeV5;,SAMMS-ChesapeakeV5,Select,2016-10-24,NULL,Chesapeake,1,0,dbo,Tbldiag10,pats,tbl_TblDiag10,1 = 1,"Order by SiteCode, dgid",0,V6,B41-1-83,NULL
BHG_DR,12,pats,tbl_tbldiag10,EST,B42,1,83,1,SQL,2,SAMMS,Data Source=BHGDALLSQL05\SQL2016SAMMS;Connection Timeout=60;Integrated Security=True;Encrypt=False;Initial Catalog=SAMMS-VirginiaBeachV5;,SAMMS-VirginiaBeachV5,Select,2016-10-24,NULL,Virginia Beach,1,0,dbo,Tbldiag10,pats,tbl_TblDiag10,1 = 1,"Order by SiteCode, dgid",0,V6,B42-1-83,NULL
BHG_DR,12,pats,tbl_tbldiag10,EST,B42A,1,83,1,SQL,2,SAMMS,Data Source=BHGDALLSQL05\SQL2016SAMMS;Connection Timeout=60;Integrated Security=True;Encrypt=False;Initial Catalog=SAMMS-NewportNewsV5;,SAMMS-NewportNewsV5,Select,2018-12-06,NULL,Newport News,1,0,dbo,Tbldiag10,pats,tbl_TblDiag10,1 = 1,"Order by SiteCode, dgid",0,V6,B42A-1-83,NULL
BHG_DR,12,pats,tbl_tbldiag10,EST,B42B,1,83,1,SQL,2,SAMMS,Data Source=BHGDALLSQL05\SQL2016SAMMS;Connection Timeout=60;Integrated Security=True;Encrypt=False;Initial Catalog=SAMMS-FranklinV5;,SAMMS-FranklinV5,Select,2018-12-19,NULL,Franklin,1,0,dbo,Tbldiag10,pats,tbl_TblDiag10,1 = 1,"Order by SiteCode, dgid",0,V6,B42B-1-83,NULL
BHG_DR,12,pats,tbl_tbldiag10,EST,B42C,1,83,1,SQL,2,SAMMS,Data Source=BHGDALLSQL05\SQL2016SAMMS;Connection Timeout=60;Integrated Security=True;Encrypt=False;Initial Catalog=SAMMS-GlenAllenV5;,SAMMS-GlenAllenV5,Select,2019-07-17,NULL,Glen Allen,1,0,dbo,Tbldiag10,pats,tbl_TblDiag10,1 = 1,"Order by SiteCode, dgid",0,V6,B42C-1-83,NULL
BHG_DR,12,pats,tbl_tbldiag10,EST,B42D,1,83,1,SQL,2,SAMMS,Data Source=BHGDALLSQL05\SQL2016SAMMS;Connection Timeout=60;Integrated Security=True;Encrypt=False;Initial Catalog=SAMMS-ChesapeakeSouthV5;,SAMMS-ChesapeakeSouthV5,Select,2019-06-11,NULL,Chesapeake South,1,0,dbo,Tbldiag10,pats,tbl_TblDiag10,1 = 1,"Order by SiteCode, dgid",0,V6,B42D-1-83,NULL
BHG_DR,12,pats,tbl_tbldiag10,EST,B44,1,83,1,SQL,2,SAMMS,Data Source=BHGDALLSQL05\SQL2016SAMMS;Connection Timeout=60;Integrated Security=True;Encrypt=False;Initial Catalog=SAMMS-AlbanyV5;,SAMMS-AlbanyV5,Select,2017-06-19,NULL,Albany,1,0,dbo,Tbldiag10,pats,tbl_TblDiag10,1 = 1,"Order by SiteCode, dgid",0,V6,B44-1-83,NULL
BHG_DR,12,pats,tbl_tbldiag10,EST,B45,1,83,1,SQL,2,SAMMS,Data Source=BHGDALLSQL05\SQL2016SAMMS;Connection Timeout=60;Integrated Security=True;Encrypt=False;Initial Catalog=SAMMS-TiftonV5;,SAMMS-TiftonV5,Select,2017-06-19,NULL,Tifton,1,0,dbo,Tbldiag10,pats,tbl_TblDiag10,1 = 1,"Order by SiteCode, dgid",0,V6,B45-1-83,NULL
BHG_DR,12,pats,tbl_tbldiag10,CST,B46,1,83,1,SQL,2,SAMMS,Data Source=BHGDALLSQL05\SQL2016SAMMS;Connection Timeout=60;Integrated Security=True;Encrypt=False;Initial Catalog=SAMMS-WashingtonDCv5;,SAMMS-WashingtonDCv5,Select,2019-03-20,NULL,Washington DC,1,0,dbo,Tbldiag10,pats,tbl_TblDiag10,1 = 1,"Order by SiteCode, dgid",0,V6,B46-1-83,NULL
BHG_DR,12,pats,tbl_tbldiag10,CST,B47,1,83,1,SQL,2,SAMMS,Data Source=BHGDALLSQL05\SQL2016SAMMS;Connection Timeout=60;Integrated Security=True;Encrypt=False;Initial Catalog=SAMMS-MobileV5;,SAMMS-MobileV5,Select,2019-09-10,NULL,Mobile,1,0,dbo,Tbldiag10,pats,tbl_TblDiag10,1 = 1,"Order by SiteCode, dgid",0,V6,B47-1-83,NULL
BHG_DR,12,pats,tbl_tbldiag10,CST,B48,1,83,1,SQL,2,SAMMS,Data Source=BHGDALLSQL05\SQL2016SAMMS;Connection Timeout=60;Integrated Security=True;Encrypt=False;Initial Catalog=SAMMS-TuscaloosaV5;,SAMMS-TuscaloosaV5,Select,2017-11-19,NULL,Tuscaloosa,1,0,dbo,Tbldiag10,pats,tbl_TblDiag10,1 = 1,"Order by SiteCode, dgid",0,V6,B48-1-83,NULL
BHG_DR,12,pats,tbl_tbldiag10,CST,B51,1,83,1,SQL,2,SAMMS,Data Source=BHGDALLSQL05\SQL2016SAMMS;Connection Timeout=60;Integrated Security=True;Encrypt=False;Initial Catalog=SAMMS-NorthLittleRockV6;,SAMMS-NorthLittleRockV6,Select,2019-11-15,NULL,N. Little Rock (OTP),1,0,dbo,Tbldiag10,pats,tbl_TblDiag10,1 = 1,"Order by SiteCode, dgid",0,V6,B51-1-83,NULL
BHG_DR,12,pats,tbl_tbldiag10,EST,B52,1,83,1,SQL,2,SAMMS,Data Source=BHGDALLSQL05\SQL2016SAMMS;Connection Timeout=60;Integrated Security=True;Encrypt=False;Initial Catalog=SAMMS-JacksonGAV5;,SAMMS-JacksonGAV5,Select,2018-06-01,NULL,Jackson GA,1,0,dbo,Tbldiag10,pats,tbl_TblDiag10,1 = 1,"Order by SiteCode, dgid",0,V6,B52-1-83,NULL
BHG_DR,12,pats,tbl_tbldiag10,CST,B54,1,83,1,SQL,2,SAMMS,Data Source=BHGDALLSQL05\SQL2016SAMMS;Connection Timeout=60;Integrated Security=True;Encrypt=False;Initial Catalog=SAMMS-GadsdenV5;,SAMMS-GadsdenV5,Select,2018-06-01,NULL,Gadsden,1,0,dbo,Tbldiag10,pats,tbl_TblDiag10,1 = 1,"Order by SiteCode, dgid",0,V6,B54-1-83,NULL
BHG_DR,12,pats,tbl_tbldiag10,CST,B55,1,83,1,SQL,2,SAMMS,Data Source=BHGDALLSQL05\SQL2016SAMMS;Connection Timeout=60;Integrated Security=True;Encrypt=False;Initial Catalog=SAMMS-ShoalsV5;,SAMMS-ShoalsV5,Select,2018-04-22,NULL,Shoals,1,0,dbo,Tbldiag10,pats,tbl_TblDiag10,1 = 1,"Order by SiteCode, dgid",0,V6,B55-1-83,NULL
BHG_DR,12,pats,tbl_tbldiag10,EST,B57,1,83,1,SQL,2,SAMMS,Data Source=BHGDALLSQL05\SQL2016SAMMS;Connection Timeout=60;Integrated Security=True;Encrypt=False;Initial Catalog=SAMMS-Pawtucket;,SAMMS-Pawtucket,Select,2020-09-04,NULL,Pawtucket,1,1,dbo,Tbldiag10,pats,tbl_TblDiag10,1 = 1,"Order by SiteCode, dgid",0,V6,B57-1-83,NULL
BHG_DR,12,pats,tbl_tbldiag10,EST,B57A,1,83,1,SQL,2,SAMMS,Data Source=BHGDALLSQL05\SQL2016SAMMS;Connection Timeout=60;Integrated Security=True;Encrypt=False;Initial Catalog=SAMMS-Johnston;,SAMMS-Johnston,Select,2021-10-04,NULL,Johnston,1,1,dbo,Tbldiag10,pats,tbl_TblDiag10,1 = 1,"Order by SiteCode, dgid",0,V6,B57A-1-83,NULL
BHG_DR,12,pats,tbl_tbldiag10,EST,B57B,1,83,1,SQL,2,SAMMS,Data Source=BHGDALLSQL05\SQL2016SAMMS;Connection Timeout=60;Integrated Security=True;Encrypt=False;Initial Catalog=SAMMS-Middletown;,SAMMS-Middletown,Select,2021-10-04,NULL,Middletown,1,1,dbo,Tbldiag10,pats,tbl_TblDiag10,1 = 1,"Order by SiteCode, dgid",0,V6,B57B-1-83,NULL
BHG_DR,12,pats,tbl_tbldiag10,EST,B57C,1,83,1,SQL,2,SAMMS,Data Source=BHGDALLSQL05\SQL2016SAMMS;Connection Timeout=60;Integrated Security=True;Encrypt=False;Initial Catalog=SAMMS-Providence;,SAMMS-Providence,Select,2021-10-04,NULL,Providence,1,1,dbo,Tbldiag10,pats,tbl_TblDiag10,1 = 1,"Order by SiteCode, dgid",0,V6,B57C-1-83,NULL
BHG_DR,12,pats,tbl_tbldiag10,EST,B57D,1,83,1,SQL,2,SAMMS,Data Source=BHGDALLSQL05\SQL2016SAMMS;Connection Timeout=60;Integrated Security=True;Encrypt=False;Initial Catalog=SAMMS-Westerly;,SAMMS-Westerly,Select,2021-10-04,NULL,Westerly,1,1,dbo,Tbldiag10,pats,tbl_TblDiag10,1 = 1,"Order by SiteCode, dgid",0,V6,B57D-1-83,NULL
BHG_DR,12,pats,tbl_tbldiag10,EST,B66A,1,83,1,SQL,2,SAMMS,Data Source=BHGDALLSQL05\SQL2016SAMMS;Connection Timeout=60;Integrated Security=True;Encrypt=False;Initial Catalog=SAMMS-Bremen;,SAMMS-Bremen,Select,NULL,NULL,Bremen,1,1,dbo,Tbldiag10,pats,tbl_TblDiag10,1 = 1,"Order by SiteCode, dgid",0,V6,B66A-1-83,NULL
BHG_DR,12,pats,tbl_tbldiag10,CST,B72,1,83,1,SQL,2,SAMMS,Data Source=BHGDALLSQL05\SQL2016SAMMS;Connection Timeout=60;Integrated Security=True;Encrypt=False;Initial Catalog=SAMMS-Mobile-OBOT;,SAMMS-Mobile-OBOT,Select,NULL,NULL,Mobile (OBOT),1,1,dbo,Tbldiag10,pats,tbl_TblDiag10,1 = 1,"Order by SiteCode, dgid",0,V6,B72-1-83,NULL
BHG_DR,12,pats,tbl_tbldiag10,CST,B73,1,83,1,SQL,2,SAMMS,Data Source=BHGDALLSQL05\SQL2016SAMMS;Connection Timeout=60;Integrated Security=True;Encrypt=False;Initial Catalog=SAMMS-Montgomery;,SAMMS-Montgomery,Select,NULL,NULL,Montgomery,1,1,dbo,Tbldiag10,pats,tbl_TblDiag10,1 = 1,"Order by SiteCode, dgid",0,V6,B73-1-83,NULL
BHG_DR,12,pats,tbl_tbldiag10,CST,B75,1,83,1,SQL,2,SAMMS,Data Source=BHGDALLSQL05\SQL2016SAMMS;Connection Timeout=60;Integrated Security=True;Encrypt=False;Initial Catalog=SAMMS-LawrenceV6;,SAMMS-LawrenceV6,Select,2021-11-09,NULL,Lawrence,1,0,dbo,Tbldiag10,pats,tbl_TblDiag10,1 = 1,"Order by SiteCode, dgid",0,V6,B75-1-83,NULL
BHG_DR,12,pats,tbl_tbldiag10,CST,B76,1,83,1,SQL,2,SAMMS,Data Source=BHGDALLSQL05\SQL2016SAMMS;Connection Timeout=60;Integrated Security=True;Encrypt=False;Initial Catalog=SAMMS-Huntsville-OBOT;,SAMMS-Huntsville-OBOT,Select,NULL,NULL,Huntsville OBOT,1,0,dbo,Tbldiag10,pats,tbl_TblDiag10,1 = 1,"Order by SiteCode, dgid",0,V6,B76-1-83,NULL
BHG_DR,12,pats,tbl_tbldiag10,CST,BAT,1,83,1,SQL,2,SAMMS,Data Source=BHGDALLSQL05\SQL2016SAMMS;Connection Timeout=60;Integrated Security=True;Encrypt=False;Initial Catalog=SAMMS-Batesville;,SAMMS-Batesville,Select,NULL,NULL,Batesville,1,1,dbo,Tbldiag10,pats,tbl_TblDiag10,1 = 1,"Order by SiteCode, dgid",0,V6,BAT-1-83,NULL
BHG_DR,12,pats,tbl_tbldiag10,CST,BG,1,83,1,SQL,2,SAMMS,Data Source=BHGDALLSQL05\SQL2016SAMMS;Connection Timeout=60;Integrated Security=True;Encrypt=False;Initial Catalog=SAMMS-BowlingGreen;,SAMMS-BowlingGreen,Select,NULL,NULL,Bowling Green,1,1,dbo,Tbldiag10,pats,tbl_TblDiag10,1 = 1,"Order by SiteCode, dgid",0,V6,BG-1-83,NULL
BHG_DR,12,pats,tbl_tbldiag10,MST,BOI,1,83,1,SQL,2,SAMMS,Data Source=BHGDALLSQL05\SQL2016SAMMS;Connection Timeout=60;Integrated Security=True;Encrypt=False;Initial Catalog=SAMMS-Boise;,SAMMS-Boise,Select,NULL,NULL,Boise,1,1,dbo,Tbldiag10,pats,tbl_TblDiag10,1 = 1,"Order by SiteCode, dgid",0,V6,BOI-1-83,NULL
BHG_DR,12,pats,tbl_tbldiag10,MST,CBCO,1,83,1,SQL,2,SAMMS,Data Source=BHGDALLSQL05\SQL2016SAMMS;Connection Timeout=60;Integrated Security=True;Encrypt=False;Initial Catalog=SAMMS-CoeurdAleneV6;,SAMMS-CoeurdAleneV6,Select,NULL,NULL,Coeur d'Alene,1,1,dbo,Tbldiag10,pats,tbl_TblDiag10,1 = 1,"Order by SiteCode, dgid",0,V6,CBCO-1-83,NULL
BHG_DR,12,pats,tbl_tbldiag10,CST,CON,1,83,1,SQL,2,SAMMS,Data Source=BHGDALLSQL05\SQL2016SAMMS;Connection Timeout=60;Integrated Security=True;Encrypt=False;Initial Catalog=SAMMS-Conway;,SAMMS-Conway,Select,NULL,NULL,Conway,1,1,dbo,Tbldiag10,pats,tbl_TblDiag10,1 = 1,"Order by SiteCode, dgid",0,V6,CON-1-83,NULL
BHG_DR,12,pats,tbl_tbldiag10,EST,D07,1,83,1,SQL,2,SAMMS,Data Source=BHGDALLSQL05\SQL2016SAMMS;Connection Timeout=60;Integrated Security=True;Encrypt=False;Initial Catalog=SAMMS-KnoxvilleV6;,SAMMS-KnoxvilleV6,Select,NULL,NULL,Medical Services Knox TN,1,1,dbo,Tbldiag10,pats,tbl_TblDiag10,1 = 1,"Order by SiteCode, dgid",0,V6,D07-1-83,NULL
BHG_DR,12,pats,tbl_tbldiag10,EST,D08,1,83,1,SQL,2,SAMMS,Data Source=BHGDALLSQL05\SQL2016SAMMS;Connection Timeout=60;Integrated Security=True;Encrypt=False;Initial Catalog=SAMMS-MadisonV6;,SAMMS-MadisonV6,Select,NULL,NULL,Madison,1,1,dbo,Tbldiag10,pats,tbl_TblDiag10,1 = 1,"Order by SiteCode, dgid",0,V6,D08-1-83,NULL
BHG_DR,12,pats,tbl_tbldiag10,EST,D09,1,83,1,SQL,2,SAMMS,Data Source=BHGDALLSQL05\SQL2016SAMMS;Connection Timeout=60;Integrated Security=True;Encrypt=False;Initial Catalog=SAMMS-MurfreesboroV6;,SAMMS-MurfreesboroV6,Select,NULL,NULL,Murfreesboro,1,1,dbo,Tbldiag10,pats,tbl_TblDiag10,1 = 1,"Order by SiteCode, dgid",0,V6,D09-1-83,NULL
BHG_DR,12,pats,tbl_tbldiag10,CST,DA,1,83,1,SQL,2,SAMMS,Data Source=BHGDALLSQL05\SQL2016SAMMS;Connection Timeout=60;Integrated Security=True;Encrypt=False;Initial Catalog=SAMMS-Davenport;,SAMMS-Davenport,Select,NULL,NULL,Davenport,1,1,dbo,Tbldiag10,pats,tbl_TblDiag10,1 = 1,"Order by SiteCode, dgid",0,V6,DA-1-83,NULL
BHG_DR,12,pats,tbl_tbldiag10,CST,DM,1,83,1,SQL,2,SAMMS,Data Source=BHGDALLSQL05\SQL2016SAMMS;Connection Timeout=60;Integrated Security=True;Encrypt=False;Initial Catalog=SAMMS-DesMoines;,SAMMS-DesMoines,Select,NULL,NULL,Des Moines,1,1,dbo,Tbldiag10,pats,tbl_TblDiag10,1 = 1,"Order by SiteCode, dgid",0,V6,DM-1-83,NULL
BHG_DR,12,pats,tbl_tbldiag10,CST,DRD-CO,1,83,1,SQL,2,SAMMS,Data Source=BHGDALLSQL05\SQL2016SAMMS;Connection Timeout=60;Integrated Security=True;Encrypt=False;Initial Catalog=SAMMS-ColumbiaV5;,SAMMS-ColumbiaV5,Select,NULL,NULL,Columbia MO,1,0,dbo,Tbldiag10,pats,tbl_TblDiag10,1 = 1,"Order by SiteCode, dgid",0,V6,DRD-CO-1-83,NULL
BHG_DR,12,pats,tbl_tbldiag10,CST,DRD-KC,1,83,1,SQL,2,SAMMS,Data Source=BHGDALLSQL05\SQL2016SAMMS;Connection Timeout=60;Integrated Security=True;Encrypt=False;Initial Catalog=SAMMS-KCv5;,SAMMS-KCv5,Select,NULL,NULL,KC,1,0,dbo,Tbldiag10,pats,tbl_TblDiag10,1 = 1,"Order by SiteCode, dgid",0,V6,DRD-KC-1-83,NULL
BHG_DR,12,pats,tbl_tbldiag10,EST,DRD-KVB,1,83,1,SQL,2,SAMMS,Data Source=BHGDALLSQL05\SQL2016SAMMS;Connection Timeout=60;Integrated Security=True;Encrypt=False;Initial Catalog=SAMMS-KVBv5;,SAMMS-KVBv5,Select,NULL,NULL,KVB,1,0,dbo,Tbldiag10,pats,tbl_TblDiag10,1 = 1,"Order by SiteCode, dgid",0,V6,DRD-KVB-1-83,NULL
BHG_DR,12,pats,tbl_tbldiag10,EST,DRD-KVC,1,83,1,SQL,2,SAMMS,Data Source=BHGDALLSQL05\SQL2016SAMMS;Connection Timeout=60;Integrated Security=True;Encrypt=False;Initial Catalog=SAMMS-KVCv5;,SAMMS-KVCv5,Select,NULL,NULL,KVC,1,0,dbo,Tbldiag10,pats,tbl_TblDiag10,1 = 1,"Order by SiteCode, dgid",0,V6,DRD-KVC-1-83,NULL
BHG_DR,12,pats,tbl_tbldiag10,CST,DRD-NOLA,1,83,1,SQL,2,SAMMS,Data Source=BHGDALLSQL05\SQL2016SAMMS;Connection Timeout=60;Integrated Security=True;Encrypt=False;Initial Catalog=SAMMS-NOLAv5;,SAMMS-NOLAv5,Select,1985-01-01,NULL,NOLA,1,1,dbo,Tbldiag10,pats,tbl_TblDiag10,1 = 1,"Order by SiteCode, dgid",0,V6,DRD-NOLA-1-83,NULL
BHG_DR,12,pats,tbl_tbldiag10,CST,DRD-SF,1,83,1,SQL,2,SAMMS,Data Source=BHGDALLSQL05\SQL2016SAMMS;Connection Timeout=60;Integrated Security=True;Encrypt=False;Initial Catalog=SAMMS-SFv5;,SAMMS-SFv5,Select,NULL,NULL,Springfield,1,0,dbo,Tbldiag10,pats,tbl_TblDiag10,1 = 1,"Order by SiteCode, dgid",0,V6,DRD-SF-1-83,NULL
BHG_DR,12,pats,tbl_tbldiag10,EST,ELC,1,83,1,SQL,2,SAMMS,Data Source=BHGDALLSQL05\SQL2016SAMMS;Connection Timeout=60;Integrated Security=True;Encrypt=False;Initial Catalog=SAMMS-ElizabethCity ;,"SAMMS-ElizabethCity ",Select,NULL,NULL,Elizabeth City,1,1,dbo,Tbldiag10,pats,tbl_TblDiag10,1 = 1,"Order by SiteCode, dgid",0,V6,ELC-1-83,NULL
BHG_DR,12,pats,tbl_tbldiag10,CST,ET,1,83,1,SQL,2,SAMMS,Data Source=BHGDALLSQL05\SQL2016SAMMS;Connection Timeout=60;Integrated Security=True;Encrypt=False;Initial Catalog=SAMMS-Elizabethtown;,SAMMS-Elizabethtown,Select,NULL,NULL,Elizabethtown,1,1,dbo,Tbldiag10,pats,tbl_TblDiag10,1 = 1,"Order by SiteCode, dgid",0,V6,ET-1-83,NULL
BHG_DR,12,pats,tbl_tbldiag10,CST,FAY,1,83,1,SQL,2,SAMMS,Data Source=BHGDALLSQL05\SQL2016SAMMS;Connection Timeout=60;Integrated Security=True;Encrypt=False;Initial Catalog=SAMMS-Fayetteville;,SAMMS-Fayetteville,Select,2019-08-15,NULL,Fayetteville,1,1,dbo,Tbldiag10,pats,tbl_TblDiag10,1 = 1,"Order by SiteCode, dgid",0,V6,FAY-1-83,NULL
BHG_DR,12,pats,tbl_tbldiag10,CST,FR,1,83,1,SQL,2,SAMMS,Data Source=BHGDALLSQL05\SQL2016SAMMS;Connection Timeout=60;Integrated Security=True;Encrypt=False;Initial Catalog=SAMMS-Frankfort;,SAMMS-Frankfort,Select,NULL,NULL,Frankfort,1,1,dbo,Tbldiag10,pats,tbl_TblDiag10,1 = 1,"Order by SiteCode, dgid",0,V6,FR-1-83,NULL
BHG_DR,12,pats,tbl_tbldiag10,CST,FS,1,83,1,SQL,2,SAMMS,Data Source=BHGDALLSQL05\SQL2016SAMMS;Connection Timeout=60;Integrated Security=True;Encrypt=False;Initial Catalog=SAMMS-FortSmith;,SAMMS-FortSmith,Select,2019-08-15,NULL,Fort Smith,1,1,dbo,Tbldiag10,pats,tbl_TblDiag10,1 = 1,"Order by SiteCode, dgid",0,V6,FS-1-83,NULL
BHG_DR,12,pats,tbl_tbldiag10,EST,FW,1,83,1,SQL,2,SAMMS,Data Source=BHGDALLSQL05\SQL2016SAMMS;Connection Timeout=60;Integrated Security=True;Encrypt=False;Initial Catalog=SAMMS-FortWayne;,SAMMS-FortWayne,Select,NULL,NULL,Fort Wayne,1,1,dbo,Tbldiag10,pats,tbl_TblDiag10,1 = 1,"Order by SiteCode, dgid",0,V6,FW-1-83,NULL
BHG_DR,12,pats,tbl_tbldiag10,EST,GAL,1,83,1,SQL,2,SAMMS,Data Source=BHGDALLSQL05\SQL2016SAMMS;Connection Timeout=60;Integrated Security=True;Encrypt=False;Initial Catalog=SAMMS-Gaylord ;,"SAMMS-Gaylord ",Select,NULL,NULL,Gaylord,1,1,dbo,Tbldiag10,pats,tbl_TblDiag10,1 = 1,"Order by SiteCode, dgid",0,V6,GAL-1-83,NULL
BHG_DR,12,pats,tbl_tbldiag10,EST,GRC,1,83,1,SQL,2,SAMMS,Data Source=BHGDALLSQL05\SQL2016SAMMS;Connection Timeout=60;Integrated Security=True;Encrypt=False;Initial Catalog=SAMMS-GreenfieldV5;,SAMMS-GreenfieldV5,Select,2018-12-05,NULL,Greenfield,0,0,dbo,Tbldiag10,pats,tbl_TblDiag10,1 = 1,"Order by SiteCode, dgid",0,V6,GRC-1-83,NULL
BHG_DR,12,pats,tbl_tbldiag10,EST,HGT,1,83,1,SQL,2,SAMMS,Data Source=BHGDALLSQL05\SQL2016SAMMS;Connection Timeout=60;Integrated Security=True;Encrypt=False;Initial Catalog=SAMMS-Hagerstown;,SAMMS-Hagerstown,Select,NULL,NULL,Hagerstown,1,0,dbo,Tbldiag10,pats,tbl_TblDiag10,1 = 1,"Order by SiteCode, dgid",0,V6,HGT-1-83,NULL
BHG_DR,12,pats,tbl_tbldiag10,CST,HNT,1,83,1,SQL,2,SAMMS,Data Source=BHGDALLSQL05\SQL2016SAMMS;Connection Timeout=60;Integrated Security=True;Encrypt=False;Initial Catalog=SAMMS-Huntsville;,SAMMS-Huntsville,Select,NULL,NULL,Huntsville,1,1,dbo,Tbldiag10,pats,tbl_TblDiag10,1 = 1,"Order by SiteCode, dgid",0,V6,HNT-1-83,NULL
BHG_DR,12,pats,tbl_tbldiag10,CST,HS,1,83,1,SQL,2,SAMMS,Data Source=BHGDALLSQL05\SQL2016SAMMS;Connection Timeout=60;Integrated Security=True;Encrypt=False;Initial Catalog=SAMMS-HotSprings;,SAMMS-HotSprings,Select,2019-08-15,NULL,Hot Springs,1,1,dbo,Tbldiag10,pats,tbl_TblDiag10,1 = 1,"Order by SiteCode, dgid",0,V6,HS-1-83,NULL
BHG_DR,12,pats,tbl_tbldiag10,CST,JON,1,83,1,SQL,2,SAMMS,Data Source=BHGDALLSQL05\SQL2016SAMMS;Connection Timeout=60;Integrated Security=True;Encrypt=False;Initial Catalog=SAMMS-Jonesboro;,SAMMS-Jonesboro,Select,NULL,NULL,Jonesboro,1,1,dbo,Tbldiag10,pats,tbl_TblDiag10,1 = 1,"Order by SiteCode, dgid",0,V6,JON-1-83,NULL
BHG_DR,12,pats,tbl_tbldiag10,EST,Lab,1,83,1,SQL,2,SAMMS,Data Source=BHGDALLSQL05\SQL2016SAMMS;Connection Timeout=60;Integrated Security=True;Encrypt=False;Initial Catalog=SAMMS-LabV5-V2;,SAMMS-LabV5-V2,Select,NULL,NULL,Reference Lab,1,0,dbo,Tbldiag10,pats,tbl_TblDiag10,1 = 1,"Order by SiteCode, dgid",0,V6,Lab-1-83,NULL
BHG_DR,12,pats,tbl_tbldiag10,EST,LAN,1,83,1,SQL,2,SAMMS,Data Source=BHGDALLSQL05\SQL2016SAMMS;Connection Timeout=60;Integrated Security=True;Encrypt=False;Initial Catalog=SAMMS-Lansing ;,"SAMMS-Lansing ",Select,NULL,NULL,Lansing,1,1,dbo,Tbldiag10,pats,tbl_TblDiag10,1 = 1,"Order by SiteCode, dgid",0,V6,LAN-1-83,NULL
BHG_DR,12,pats,tbl_tbldiag10,CST,LO,1,83,1,SQL,2,SAMMS,Data Source=BHGDALLSQL05\SQL2016SAMMS;Connection Timeout=60;Integrated Security=True;Encrypt=False;Initial Catalog=SAMMS-Louisville;,SAMMS-Louisville,Select,NULL,NULL,Louisville,1,1,dbo,Tbldiag10,pats,tbl_TblDiag10,1 = 1,"Order by SiteCode, dgid",0,V6,LO-1-83,NULL
BHG_DR,12,pats,tbl_tbldiag10,PST,LV1,1,83,1,SQL,2,SAMMS,Data Source=BHGDALLSQL05\SQL2016SAMMS;Connection Timeout=60;Integrated Security=True;Encrypt=False;Initial Catalog=SAMMS-Cheyenne;,SAMMS-Cheyenne,Select,NULL,NULL,Cheyenne,1,1,dbo,Tbldiag10,pats,tbl_TblDiag10,1 = 1,"Order by SiteCode, dgid",0,V6,LV1-1-83,NULL
BHG_DR,12,pats,tbl_tbldiag10,PST,LV2,1,83,1,SQL,2,SAMMS,Data Source=BHGDALLSQL05\SQL2016SAMMS;Connection Timeout=60;Integrated Security=True;Encrypt=False;Initial Catalog=SAMMS-DesertInn;,SAMMS-DesertInn,Select,NULL,NULL,Desert Inn,1,1,dbo,Tbldiag10,pats,tbl_TblDiag10,1 = 1,"Order by SiteCode, dgid",0,V6,LV2-1-83,NULL
BHG_DR,12,pats,tbl_tbldiag10,PST,LV3,1,83,1,SQL,2,SAMMS,Data Source=BHGDALLSQL05\SQL2016SAMMS;Connection Timeout=60;Integrated Security=True;Encrypt=False;Initial Catalog=SAMMS-McDaniel;,SAMMS-McDaniel,Select,NULL,NULL,McDaniel,1,1,dbo,Tbldiag10,pats,tbl_TblDiag10,1 = 1,"Order by SiteCode, dgid",0,V6,LV3-1-83,NULL
BHG_DR,12,pats,tbl_tbldiag10,CST,MNRE,1,83,1,SQL,2,SAMMS,Data Source=BHGDALLSQL05\SQL2016SAMMS;Connection Timeout=60;Integrated Security=True;Encrypt=False;Initial Catalog=SAMMS-Monroe;,SAMMS-Monroe,Select,NULL,NULL,Monroe,1,1,dbo,Tbldiag10,pats,tbl_TblDiag10,1 = 1,"Order by SiteCode, dgid",0,V6,MNRE-1-83,NULL
BHG_DR,12,pats,tbl_tbldiag10,EST,MP,1,83,1,SQL,2,SAMMS,Data Source=BHGDALLSQL05\SQL2016SAMMS;Connection Timeout=60;Integrated Security=True;Encrypt=False;Initial Catalog=SAMMS-MtPleasant ;,"SAMMS-MtPleasant ",Select,NULL,NULL,Mt. Pleasant,1,1,dbo,Tbldiag10,pats,tbl_TblDiag10,1 = 1,"Order by SiteCode, dgid",0,V6,MP-1-83,NULL
BHG_DR,12,pats,tbl_tbldiag10,MST,MRD,1,83,1,SQL,2,SAMMS,Data Source=BHGDALLSQL05\SQL2016SAMMS;Connection Timeout=60;Integrated Security=True;Encrypt=False;Initial Catalog=SAMMS-Meridian;,SAMMS-Meridian,Select,NULL,NULL,Meridian,1,1,dbo,Tbldiag10,pats,tbl_TblDiag10,1 = 1,"Order by SiteCode, dgid",0,V6,MRD-1-83,NULL
BHG_DR,12,pats,tbl_tbldiag10,EST,NC,1,83,1,SQL,2,SAMMS,Data Source=BHGDALLSQL05\SQL2016SAMMS;Connection Timeout=60;Integrated Security=True;Encrypt=False;Initial Catalog=SAMMS-NorthCharleston;,SAMMS-NorthCharleston,Select,NULL,NULL,North Charleston,1,1,dbo,Tbldiag10,pats,tbl_TblDiag10,1 = 1,"Order by SiteCode, dgid",0,V6,NC-1-83,NULL
BHG_DR,12,pats,tbl_tbldiag10,CST,NLR,1,83,1,SQL,2,SAMMS,Data Source=BHGDALLSQL05\SQL2016SAMMS;Connection Timeout=60;Integrated Security=True;Encrypt=False;Initial Catalog=SAMMS-NLROBOT;,SAMMS-NLROBOT,Select,2019-08-15,NULL,N. Little Rock,1,1,dbo,Tbldiag10,pats,tbl_TblDiag10,1 = 1,"Order by SiteCode, dgid",0,V6,NLR-1-83,NULL
BHG_DR,12,pats,tbl_tbldiag10,MST,PH,1,83,1,SQL,2,SAMMS,Data Source=BHGDALLSQL05\SQL2016SAMMS;Connection Timeout=60;Integrated Security=True;Encrypt=False;Initial Catalog=SAMMS-Phoenix;,SAMMS-Phoenix,Select,NULL,NULL,Phoenix,1,1,dbo,Tbldiag10,pats,tbl_TblDiag10,1 = 1,"Order by SiteCode, dgid",0,V6,PH-1-83,NULL
BHG_DR,12,pats,tbl_tbldiag10,PST,RE,1,83,1,SQL,2,SAMMS,Data Source=BHGDALLSQL05\SQL2016SAMMS;Connection Timeout=60;Integrated Security=True;Encrypt=False;Initial Catalog=SAMMS-Reno;,SAMMS-Reno,Select,NULL,NULL,Reno,1,1,dbo,Tbldiag10,pats,tbl_TblDiag10,1 = 1,"Order by SiteCode, dgid",0,V6,RE-1-83,NULL
BHG_DR,12,pats,tbl_tbldiag10,CST,RMD,1,83,1,SQL,2,SAMMS,Data Source=BHGDALLSQL05\SQL2016SAMMS;Connection Timeout=60;Integrated Security=True;Encrypt=False;Initial Catalog=SAMMS-Richmond;,SAMMS-Richmond,Select,NULL,NULL,Richmond,1,1,dbo,Tbldiag10,pats,tbl_TblDiag10,1 = 1,"Order by SiteCode, dgid",0,V6,RMD-1-83,NULL
BHG_DR,12,pats,tbl_tbldiag10,CST,SFN,1,83,1,SQL,2,SAMMS,Data Source=BHGDALLSQL05\SQL2016SAMMS;Connection Timeout=60;Integrated Security=True;Encrypt=False;Initial Catalog=SAMMS-SFNv5;,SAMMS-SFNv5,Select,NULL,NULL,Springfield North,1,0,dbo,Tbldiag10,pats,tbl_TblDiag10,1 = 1,"Order by SiteCode, dgid",0,V6,SFN-1-83,NULL
BHG_DR,12,pats,tbl_tbldiag10,CST,SHP,1,83,1,SQL,2,SAMMS,Data Source=BHGDALLSQL05\SQL2016SAMMS;Connection Timeout=60;Integrated Security=True;Encrypt=False;Initial Catalog=SAMMS-Shreveport;,SAMMS-Shreveport,Select,NULL,NULL,Shreveport,1,1,dbo,Tbldiag10,pats,tbl_TblDiag10,1 = 1,"Order by SiteCode, dgid",0,V6,SHP-1-83,NULL
BHG_DR,12,pats,tbl_tbldiag10,EST,STN,1,83,1,SQL,2,SAMMS,Data Source=BHGDALLSQL05\SQL2016SAMMS;Connection Timeout=60;Integrated Security=True;Encrypt=False;Initial Catalog=SAMMS-Staunton;,SAMMS-Staunton,Select,NULL,NULL,Staunton,1,1,dbo,Tbldiag10,pats,tbl_TblDiag10,1 = 1,"Order by SiteCode, dgid",0,V6,STN-1-83,NULL
BHG_DR,12,pats,tbl_tbldiag10,CST,STVN,1,83,1,SQL,2,SAMMS,Data Source=BHGDALLSQL05\SQL2016SAMMS;Connection Timeout=60;Integrated Security=True;Encrypt=False;Initial Catalog=SAMMS-Stevenson;,SAMMS-Stevenson,Select,NULL,NULL,Stevenson,1,1,dbo,Tbldiag10,pats,tbl_TblDiag10,1 = 1,"Order by SiteCode, dgid",0,V6,STVN-1-83,NULL
BHG_DR,12,pats,tbl_tbldiag10,MST,TE,1,83,1,SQL,2,SAMMS,Data Source=BHGDALLSQL05\SQL2016SAMMS;Connection Timeout=60;Integrated Security=True;Encrypt=False;Initial Catalog=SAMMS-Tempe;,SAMMS-Tempe,Select,NULL,NULL,Tempe,1,1,dbo,Tbldiag10,pats,tbl_TblDiag10,1 = 1,"Order by SiteCode, dgid",0,V6,TE-1-83,NULL
BHG_DR,12,pats,tbl_tbldiag10,CST,TEX,1,83,1,SQL,2,SAMMS,Data Source=BHGDALLSQL05\SQL2016SAMMS;Connection Timeout=60;Integrated Security=True;Encrypt=False;Initial Catalog=SAMMS-Texarkana;,SAMMS-Texarkana,Select,NULL,NULL,Texarkana,1,1,dbo,Tbldiag10,pats,tbl_TblDiag10,1 = 1,"Order by SiteCode, dgid",0,V6,TEX-1-83,NULL
BHG_DR,12,pats,tbl_tbldiag10,CST,TTCA,1,83,1,SQL,2,SAMMS,Data Source=BHGDALLSQL05\SQL2016SAMMS;Connection Timeout=60;Integrated Security=True;Encrypt=False;Initial Catalog=SAMMS-BessemerV5;,SAMMS-BessemerV5,Select,2018-09-24,NULL,Bessemer,1,0,dbo,Tbldiag10,pats,tbl_TblDiag10,1 = 1,"Order by SiteCode, dgid",0,V6,TTCA-1-83,NULL
BHG_DR,12,pats,tbl_tbldiag10,CST,TTCB,1,83,1,SQL,2,SAMMS,Data Source=BHGDALLSQL05\SQL2016SAMMS;Connection Timeout=60;Integrated Security=True;Encrypt=False;Initial Catalog=SAMMS-CullmanV5;,SAMMS-CullmanV5,Select,2019-02-26,NULL,Cullman,1,0,dbo,Tbldiag10,pats,tbl_TblDiag10,1 = 1,"Order by SiteCode, dgid",0,V6,TTCB-1-83,NULL
BHG_DR,12,pats,tbl_tbldiag10,CST,TTCC,1,83,1,SQL,2,SAMMS,Data Source=BHGDALLSQL05\SQL2016SAMMS;Connection Timeout=60;Integrated Security=True;Encrypt=False;Initial Catalog=SAMMS-GrandBay;,SAMMS-GrandBay,Select,2019-12-31,NULL,Grand Bay,1,1,dbo,Tbldiag10,pats,tbl_TblDiag10,1 = 1,"Order by SiteCode, dgid",0,V6,TTCC-1-83,NULL
BHG_DR,12,pats,tbl_tbldiag10,MST,TU,1,83,1,SQL,2,SAMMS,Data Source=BHGDALLSQL05\SQL2016SAMMS;Connection Timeout=60;Integrated Security=True;Encrypt=False;Initial Catalog=SAMMS-Tucson;,SAMMS-Tucson,Select,NULL,NULL,Tucson,1,1,dbo,Tbldiag10,pats,tbl_TblDiag10,1 = 1,"Order by SiteCode, dgid",0,V6,TU-1-83,NULL
BHG_DR,12,pats,tbl_tbldiag10,EST,V1,1,83,1,SQL,2,SAMMS,Data Source=BHGDALLSQL05\SQL2016SAMMS;Connection Timeout=60;Integrated Security=True;Encrypt=False;Initial Catalog=SAMMS-VCPHCS-I-MemphisV5;,SAMMS-VCPHCS-I-MemphisV5,Select,NULL,NULL,Memphis South,1,0,dbo,Tbldiag10,pats,tbl_TblDiag10,1 = 1,"Order by SiteCode, dgid",0,V6,V1-1-83,NULL
BHG_DR,12,pats,tbl_tbldiag10,MST,V10,1,83,1,SQL,2,SAMMS,Data Source=BHGDALLSQL05\SQL2016SAMMS;Connection Timeout=60;Integrated Security=True;Encrypt=False;Initial Catalog=SAMMS-BoulderV5;,SAMMS-BoulderV5,Select,NULL,NULL,Longmont,1,1,dbo,Tbldiag10,pats,tbl_TblDiag10,1 = 1,"Order by SiteCode, dgid",0,V6,V10-1-83,NULL
BHG_DR,12,pats,tbl_tbldiag10,MST,V10A,1,83,1,SQL,2,SAMMS,Data Source=BHGDALLSQL05\SQL2016SAMMS;Connection Timeout=60;Integrated Security=True;Encrypt=False;Initial Catalog=SAMMS-FortCollinsV5;,SAMMS-FortCollinsV5,Select,NULL,NULL,Fort Collins,1,1,dbo,Tbldiag10,pats,tbl_TblDiag10,1 = 1,"Order by SiteCode, dgid",0,V6,V10A-1-83,NULL
BHG_DR,12,pats,tbl_tbldiag10,MST,V11,1,83,1,SQL,2,SAMMS,Data Source=BHGDALLSQL05\SQL2016SAMMS;Connection Timeout=60;Integrated Security=True;Encrypt=False;Initial Catalog=SAMMS-VCPHCS-XI-NorthDenverV5;,SAMMS-VCPHCS-XI-NorthDenverV5,Select,NULL,NULL,Westminster,1,1,dbo,Tbldiag10,pats,tbl_TblDiag10,1 = 1,"Order by SiteCode, dgid",0,V6,V11-1-83,NULL
BHG_DR,12,pats,tbl_tbldiag10,MST,V12,1,83,1,SQL,2,SAMMS,Data Source=BHGDALLSQL05\SQL2016SAMMS;Connection Timeout=60;Integrated Security=True;Encrypt=False;Initial Catalog=SAMMS-VCPHCS-XII-DowntownDenverV5;,SAMMS-VCPHCS-XII-DowntownDenverV5,Select,NULL,NULL,Downtown Denver,1,1,dbo,Tbldiag10,pats,tbl_TblDiag10,1 = 1,"Order by SiteCode, dgid",0,V6,V12-1-83,NULL
BHG_DR,12,pats,tbl_tbldiag10,MST,V12A,1,83,1,SQL,2,SAMMS,Data Source=BHGDALLSQL05\SQL2016SAMMS;Connection Timeout=60;Integrated Security=True;Encrypt=False;Initial Catalog=SAMMS-CentennialV5;,SAMMS-CentennialV5,Select,NULL,NULL,Centennial,1,1,dbo,Tbldiag10,pats,tbl_TblDiag10,1 = 1,"Order by SiteCode, dgid",0,V6,V12A-1-83,NULL
BHG_DR,12,pats,tbl_tbldiag10,CST,V14,1,83,1,SQL,2,SAMMS,Data Source=BHGDALLSQL05\SQL2016SAMMS;Connection Timeout=60;Integrated Security=True;Encrypt=False;Initial Catalog=SAMMS-VCPHCS-XIV-BridgewayV5;,SAMMS-VCPHCS-XIV-BridgewayV5,Select,NULL,NULL,Overland Park,1,0,dbo,Tbldiag10,pats,tbl_TblDiag10,1 = 1,"Order by SiteCode, dgid",0,V6,V14-1-83,NULL
BHG_DR,12,pats,tbl_tbldiag10,CST,V15,1,83,1,SQL,2,SAMMS,Data Source=BHGDALLSQL05\SQL2016SAMMS;Connection Timeout=60;Integrated Security=True;Encrypt=False;Initial Catalog=SAMMS-JoplinV5;,SAMMS-JoplinV5,Select,NULL,NULL,Joplin,1,0,dbo,Tbldiag10,pats,tbl_TblDiag10,1 = 1,"Order by SiteCode, dgid",0,V6,V15-1-83,NULL
BHG_DR,12,pats,tbl_tbldiag10,EST,V17,1,83,1,SQL,2,SAMMS,Data Source=BHGDALLSQL05\SQL2016SAMMS;Connection Timeout=60;Integrated Security=True;Encrypt=False;Initial Catalog=SAMMS-ColumbiaTNv5;,SAMMS-ColumbiaTNv5,Select,NULL,NULL,Columbia TN,1,0,dbo,Tbldiag10,pats,tbl_TblDiag10,1 = 1,"Order by SiteCode, dgid",0,V6,V17-1-83,NULL
BHG_DR,12,pats,tbl_tbldiag10,EST,V19,1,83,1,SQL,2,SAMMS,Data Source=BHGDALLSQL05\SQL2016SAMMS;Connection Timeout=60;Integrated Security=True;Encrypt=False;Initial Catalog=SAMMS-JacksonV5;,SAMMS-JacksonV5,Select,NULL,NULL,Jackson,1,0,dbo,Tbldiag10,pats,tbl_TblDiag10,1 = 1,"Order by SiteCode, dgid",0,V6,V19-1-83,NULL
BHG_DR,12,pats,tbl_tbldiag10,EST,V20,1,83,1,SQL,2,SAMMS,Data Source=BHGDALLSQL05\SQL2016SAMMS;Connection Timeout=60;Integrated Security=True;Encrypt=False;Initial Catalog=SAMMS-ParisV5;,SAMMS-ParisV5,Select,NULL,NULL,Paris,1,0,dbo,Tbldiag10,pats,tbl_TblDiag10,1 = 1,"Order by SiteCode, dgid",0,V6,V20-1-83,NULL
BHG_DR,12,pats,tbl_tbldiag10,EST,V21,1,83,1,SQL,2,SAMMS,Data Source=BHGDALLSQL05\SQL2016SAMMS;Connection Timeout=60;Integrated Security=True;Encrypt=False;Initial Catalog=SAMMS-RaleighV5;,SAMMS-RaleighV5,Select,NULL,NULL,Memphis North,1,0,dbo,Tbldiag10,pats,tbl_TblDiag10,1 = 1,"Order by SiteCode, dgid",0,V6,V21-1-83,NULL
BHG_DR,12,pats,tbl_tbldiag10,CST,V5,1,83,1,SQL,2,SAMMS,Data Source=BHGDALLSQL05\SQL2016SAMMS;Connection Timeout=60;Integrated Security=True;Encrypt=False;Initial Catalog=SAMMS-NONTCv5;,SAMMS-NONTCv5,Select,NULL,NULL,West Bank,1,1,dbo,Tbldiag10,pats,tbl_TblDiag10,1 = 1,"Order by SiteCode, dgid",0,V6,V5-1-83,NULL
BHG_DR,12,pats,tbl_tbldiag10,CST,V5B,1,83,1,SQL,2,SAMMS,Data Source=BHGDALLSQL05\SQL2016SAMMS;Connection Timeout=60;Integrated Security=True;Encrypt=False;Initial Catalog=SAMMS-HoumaV6;,SAMMS-HoumaV6,Select,NULL,NULL,Houma,1,0,dbo,Tbldiag10,pats,tbl_TblDiag10,1 = 1,"Order by SiteCode, dgid",0,v6,V5B-1-83,NULL
BHG_DR,12,pats,tbl_tbldiag10,CST,V6,1,83,1,SQL,2,SAMMS,Data Source=BHGDALLSQL05\SQL2016SAMMS;Connection Timeout=60;Integrated Security=True;Encrypt=False;Initial Catalog=SAMMS-LCv5;,SAMMS-LCv5,Select,NULL,NULL,Lake Charles,1,1,dbo,Tbldiag10,pats,tbl_TblDiag10,1 = 1,"Order by SiteCode, dgid",0,V6,V6-1-83,NULL
BHG_DR,12,pats,tbl_tbldiag10,EST,V8,1,83,1,SQL,2,SAMMS,Data Source=BHGDALLSQL05\SQL2016SAMMS;Connection Timeout=60;Integrated Security=True;Encrypt=False;Initial Catalog=SAMMS-VCPHCS-VIII-MemphisV5;,SAMMS-VCPHCS-VIII-MemphisV5,Select,NULL,NULL,Memphis Midtown,1,0,dbo,Tbldiag10,pats,tbl_TblDiag10,1 = 1,"Order by SiteCode, dgid",0,V6,V8-1-83,NULL
BHG_DR,12,pats,tbl_tbldiag10,EST,V9,1,83,1,SQL,2,SAMMS,Data Source=BHGDALLSQL05\SQL2016SAMMS;Connection Timeout=60;Integrated Security=True;Encrypt=False;Initial Catalog=SAMMS-NashvilleV5;,SAMMS-NashvilleV5,Select,NULL,NULL,Nashville,1,0,dbo,Tbldiag10,pats,tbl_TblDiag10,1 = 1,"Order by SiteCode, dgid",0,V6,V9-1-83,NULL
BHG_DR,12,pats,tbl_tbldiag10,CST,VBRA,1,83,1,SQL,2,SAMMS,Data Source=BHGDALLSQL05\SQL2016SAMMS;Connection Timeout=60;Integrated Security=True;Encrypt=False;Initial Catalog=SAMMS-BrainerdV6;,SAMMS-BrainerdV6,Select,2021-11-01,NULL,Brainerd,1,1,dbo,Tbldiag10,pats,tbl_TblDiag10,1 = 1,"Order by SiteCode, dgid",0,V6,VBRA-1-83,NULL
BHG_DR,12,pats,tbl_tbldiag10,CST,VBRP,1,83,1,SQL,2,SAMMS,Data Source=BHGDALLSQL05\SQL2016SAMMS;Connection Timeout=60;Integrated Security=True;Encrypt=False;Initial Catalog=SAMMS-BrooklynParkV6;,SAMMS-BrooklynParkV6,Select,2021-11-01,NULL,Brooklyn Park,1,1,dbo,Tbldiag10,pats,tbl_TblDiag10,1 = 1,"Order by SiteCode, dgid",0,V6,VBRP-1-83,NULL
BHG_DR,12,pats,tbl_tbldiag10,CST,VMIN,1,83,1,SQL,2,SAMMS,Data Source=BHGDALLSQL05\SQL2016SAMMS;Connection Timeout=60;Integrated Security=True;Encrypt=False;Initial Catalog=SAMMS-MinneapolisV6;,SAMMS-MinneapolisV6,Select,2021-11-01,NULL,Minneapolis,1,1,dbo,Tbldiag10,pats,tbl_TblDiag10,1 = 1,"Order by SiteCode, dgid",0,V6,VMIN-1-83,NULL
BHG_DR,12,pats,tbl_tbldiag10,CST,VWBY,1,83,1,SQL,2,SAMMS,Data Source=BHGDALLSQL05\SQL2016SAMMS;Connection Timeout=60;Integrated Security=True;Encrypt=False;Initial Catalog=SAMMS-WoodburyV6;,SAMMS-WoodburyV6,Select,2021-11-01,NULL,Woodbury,1,1,dbo,Tbldiag10,pats,tbl_TblDiag10,1 = 1,"Order by SiteCode, dgid",0,V6,VWBY-1-83,NULL
BHG_DR,12,pats,tbl_tbldiag10,EST,WIL,1,83,1,SQL,2,SAMMS,Data Source=BHGDALLSQL05\SQL2016SAMMS;Connection Timeout=60;Integrated Security=True;Encrypt=False;Initial Catalog=SAMMS-Wilson;,SAMMS-Wilson,Select,NULL,NULL,Wilson,1,1,dbo,Tbldiag10,pats,tbl_TblDiag10,1 = 1,"Order by SiteCode, dgid",0,V6,WIL-1-83,NULL
BHG_DR,13,pats,tbl_ClientDemo1,EST,AHK,1,1,0,SQL,2,SAMMS,Data Source=BHGDALLSQL05\SQL2016SAMMS;Connection Timeout=60;Integrated Security=True;Encrypt=False;Initial Catalog=SAMMS-Ahoskie ;,"SAMMS-Ahoskie ",Select,NULL,NULL,Ahoskie,1,1,dbo,tblClient,pats,tbl_ClientDemo1,1 = 1,"Order by 1, 2",0,V6,AHK-1-1,1
BHG_DR,13,pats,tbl_ClientDemo1,MST,B12B,1,1,0,SQL,2,SAMMS,Data Source=BHGDALLSQL05\SQL2016SAMMS;Connection Timeout=60;Integrated Security=True;Encrypt=False;Initial Catalog=SAMMS-ColoradoSpringsV5;,SAMMS-ColoradoSpringsV5,Select,NULL,NULL,Colorado Springs,1,0,dbo,tblClient,pats,tbl_ClientDemo1,1 = 1,"Order by 1, 2",0,V6,B12B-1-1,1
BHG_DR,13,pats,tbl_ClientDemo1,CST,B24,1,1,0,SQL,2,SAMMS,Data Source=BHGDALLSQL05\SQL2016SAMMS;Connection Timeout=60;Integrated Security=True;Encrypt=False;Initial Catalog=SAMMS-PaintsvilleV5;,SAMMS-PaintsvilleV5,Select,NULL,NULL,Paintsville,1,1,dbo,tblClient,pats,tbl_ClientDemo1,1 = 1,"Order by 1, 2",0,V6,B24-1-1,1
BHG_DR,13,pats,tbl_ClientDemo1,CST,B25,1,1,0,SQL,2,SAMMS,Data Source=BHGDALLSQL05\SQL2016SAMMS;Connection Timeout=60;Integrated Security=True;Encrypt=False;Initial Catalog=SAMMS-PikevilleV5;,SAMMS-PikevilleV5,Select,NULL,NULL,Pikeville,1,1,dbo,tblClient,pats,tbl_ClientDemo1,1 = 1,"Order by 1, 2",0,V6,B25-1-1,1
BHG_DR,13,pats,tbl_ClientDemo1,CST,B26,1,1,0,SQL,2,SAMMS,Data Source=BHGDALLSQL05\SQL2016SAMMS;Connection Timeout=60;Integrated Security=True;Encrypt=False;Initial Catalog=SAMMS-HazardV5;,SAMMS-HazardV5,Select,NULL,NULL,Hazard,1,0,dbo,tblClient,pats,tbl_ClientDemo1,1 = 1,"Order by 1, 2",0,V6,B26-1-1,1
BHG_DR,13,pats,tbl_ClientDemo1,EST,B27,1,1,0,SQL,2,SAMMS,Data Source=BHGDALLSQL05\SQL2016SAMMS;Connection Timeout=60;Integrated Security=True;Encrypt=False;Initial Catalog=SAMMS-SavannahV6;,SAMMS-SavannahV6,Select,2022-09-14,NULL,Savannah,1,1,dbo,tblClient,pats,tbl_ClientDemo1,1 = 1,"Order by 1, 2",0,V6,B27-1-1,1
BHG_DR,13,pats,tbl_ClientDemo1,CST,B28,1,1,0,SQL,2,SAMMS,Data Source=BHGDALLSQL05\SQL2016SAMMS;Connection Timeout=60;Integrated Security=True;Encrypt=False;Initial Catalog=SAMMS-WestPlainesV5;,SAMMS-WestPlainesV5,Select,NULL,NULL,West Plains,1,0,dbo,tblClient,pats,tbl_ClientDemo1,1 = 1,"Order by 1, 2",0,V6,B28-1-1,1
BHG_DR,13,pats,tbl_ClientDemo1,CST,B29,1,1,0,SQL,2,SAMMS,Data Source=BHGDALLSQL05\SQL2016SAMMS;Connection Timeout=60;Integrated Security=True;Encrypt=False;Initial Catalog=SAMMS-PoplarBluffV5;,SAMMS-PoplarBluffV5,Select,NULL,NULL,Poplar Bluff,1,0,dbo,tblClient,pats,tbl_ClientDemo1,1 = 1,"Order by 1, 2",0,V6,B29-1-1,1
BHG_DR,13,pats,tbl_ClientDemo1,CST,B30,1,1,0,SQL,2,SAMMS,Data Source=BHGDALLSQL05\SQL2016SAMMS;Connection Timeout=60;Integrated Security=True;Encrypt=False;Initial Catalog=SAMMS-KCNv5;,SAMMS-KCNv5,Select,2016-02-01,NULL,KC North,1,0,dbo,tblClient,pats,tbl_ClientDemo1,1 = 1,"Order by 1, 2",0,V6,B30-1-1,1
BHG_DR,13,pats,tbl_ClientDemo1,EST,B31,1,1,0,SQL,2,SAMMS,Data Source=BHGDALLSQL05\SQL2016SAMMS;Connection Timeout=60;Integrated Security=True;Encrypt=False;Initial Catalog=SAMMS-DyersburgV5;,SAMMS-DyersburgV5,Select,NULL,NULL,Dyersburg,1,0,dbo,tblClient,pats,tbl_ClientDemo1,1 = 1,"Order by 1, 2",0,V6,B31-1-1,1
BHG_DR,13,pats,tbl_ClientDemo1,CST,B33,1,1,0,SQL,2,SAMMS,Data Source=BHGDALLSQL05\SQL2016SAMMS;Connection Timeout=60;Integrated Security=True;Encrypt=False;Initial Catalog=SAMMS-Paducah;,SAMMS-Paducah,Select,NULL,NULL,Paducah,1,0,dbo,tblClient,pats,tbl_ClientDemo1,1 = 1,"Order by 1, 2",0,V6,B33-1-1,1
BHG_DR,13,pats,tbl_ClientDemo1,CST,B34,1,1,0,SQL,2,SAMMS,Data Source=BHGDALLSQL05\SQL2016SAMMS;Connection Timeout=60;Integrated Security=True;Encrypt=False;Initial Catalog=SAMMS-CorbinV5;,SAMMS-CorbinV5,Select,NULL,NULL,Corbin,1,0,dbo,tblClient,pats,tbl_ClientDemo1,1 = 1,"Order by 1, 2",0,V6,B34-1-1,1
BHG_DR,13,pats,tbl_ClientDemo1,CST,B35,1,1,0,SQL,2,SAMMS,Data Source=BHGDALLSQL05\SQL2016SAMMS;Connection Timeout=60;Integrated Security=True;Encrypt=False;Initial Catalog=SAMMS-LexingtonV5;,SAMMS-LexingtonV5,Select,NULL,NULL,Lexington,1,1,dbo,tblClient,pats,tbl_ClientDemo1,1 = 1,"Order by 1, 2",0,V6,B35-1-1,1
BHG_DR,13,pats,tbl_ClientDemo1,CST,B35A,1,1,0,SQL,2,SAMMS,Data Source=BHGDALLSQL05\SQL2016SAMMS;Connection Timeout=60;Integrated Security=True;Encrypt=False;Initial Catalog=SAMMS-BereaV5;,SAMMS-BereaV5,Select,2018-06-01,NULL,Berea,1,0,dbo,tblClient,pats,tbl_ClientDemo1,1 = 1,"Order by 1, 2",0,V6,B35A-1-1,1
BHG_DR,13,pats,tbl_ClientDemo1,EST,B36,1,1,0,SQL,2,SAMMS,Data Source=BHGDALLSQL05\SQL2016SAMMS;Connection Timeout=60;Integrated Security=True;Encrypt=False;Initial Catalog=SAMMS-AshevilleV5;,SAMMS-AshevilleV5,Select,2015-09-07,NULL,Asheville,1,0,dbo,tblClient,pats,tbl_ClientDemo1,1 = 1,"Order by 1, 2",0,V6,B36-1-1,1
BHG_DR,13,pats,tbl_ClientDemo1,EST,B37,1,1,0,SQL,2,SAMMS,Data Source=BHGDALLSQL05\SQL2016SAMMS;Connection Timeout=60;Integrated Security=True;Encrypt=False;Initial Catalog=SAMMS-ClydeV5;,SAMMS-ClydeV5,Select,2015-09-07,NULL,Clyde,1,0,dbo,tblClient,pats,tbl_ClientDemo1,1 = 1,"Order by 1, 2",0,V6,B37-1-1,1
BHG_DR,13,pats,tbl_ClientDemo1,EST,B38,1,1,0,SQL,2,SAMMS,Data Source=BHGDALLSQL05\SQL2016SAMMS;Connection Timeout=60;Integrated Security=True;Encrypt=False;Initial Catalog=SAMMS-SpartanburgV5;,SAMMS-SpartanburgV5,Select,2016-07-25,NULL,Spartanburg,1,0,dbo,tblClient,pats,tbl_ClientDemo1,1 = 1,"Order by 1, 2",0,V6,B38-1-1,1
BHG_DR,13,pats,tbl_ClientDemo1,EST,B39,1,1,0,SQL,2,SAMMS,Data Source=BHGDALLSQL05\SQL2016SAMMS;Connection Timeout=60;Integrated Security=True;Encrypt=False;Initial Catalog=SAMMS-AikenV5;,SAMMS-AikenV5,Select,2016-07-25,NULL,Aiken,1,0,dbo,tblClient,pats,tbl_ClientDemo1,1 = 1,"Order by 1, 2",0,V6,B39-1-1,1
BHG_DR,13,pats,tbl_ClientDemo1,EST,B41,1,1,0,SQL,2,SAMMS,Data Source=BHGDALLSQL05\SQL2016SAMMS;Connection Timeout=60;Integrated Security=True;Encrypt=False;Initial Catalog=SAMMS-ChesapeakeV5;,SAMMS-ChesapeakeV5,Select,2016-10-24,NULL,Chesapeake,1,0,dbo,tblClient,pats,tbl_ClientDemo1,1 = 1,"Order by 1, 2",0,V6,B41-1-1,1
BHG_DR,13,pats,tbl_ClientDemo1,EST,B42,1,1,0,SQL,2,SAMMS,Data Source=BHGDALLSQL05\SQL2016SAMMS;Connection Timeout=60;Integrated Security=True;Encrypt=False;Initial Catalog=SAMMS-VirginiaBeachV5;,SAMMS-VirginiaBeachV5,Select,2016-10-24,NULL,Virginia Beach,1,0,dbo,tblClient,pats,tbl_ClientDemo1,1 = 1,"Order by 1, 2",0,V6,B42-1-1,1
BHG_DR,13,pats,tbl_ClientDemo1,EST,B42A,1,1,0,SQL,2,SAMMS,Data Source=BHGDALLSQL05\SQL2016SAMMS;Connection Timeout=60;Integrated Security=True;Encrypt=False;Initial Catalog=SAMMS-NewportNewsV5;,SAMMS-NewportNewsV5,Select,2018-12-06,NULL,Newport News,1,0,dbo,tblClient,pats,tbl_ClientDemo1,1 = 1,"Order by 1, 2",0,V6,B42A-1-1,1
BHG_DR,13,pats,tbl_ClientDemo1,EST,B42B,1,1,0,SQL,2,SAMMS,Data Source=BHGDALLSQL05\SQL2016SAMMS;Connection Timeout=60;Integrated Security=True;Encrypt=False;Initial Catalog=SAMMS-FranklinV5;,SAMMS-FranklinV5,Select,2018-12-19,NULL,Franklin,1,0,dbo,tblClient,pats,tbl_ClientDemo1,1 = 1,"Order by 1, 2",0,V6,B42B-1-1,1
BHG_DR,13,pats,tbl_ClientDemo1,EST,B42C,1,1,0,SQL,2,SAMMS,Data Source=BHGDALLSQL05\SQL2016SAMMS;Connection Timeout=60;Integrated Security=True;Encrypt=False;Initial Catalog=SAMMS-GlenAllenV5;,SAMMS-GlenAllenV5,Select,2019-07-17,NULL,Glen Allen,1,0,dbo,tblClient,pats,tbl_ClientDemo1,1 = 1,"Order by 1, 2",0,V6,B42C-1-1,1
BHG_DR,13,pats,tbl_ClientDemo1,EST,B42D,1,1,0,SQL,2,SAMMS,Data Source=BHGDALLSQL05\SQL2016SAMMS;Connection Timeout=60;Integrated Security=True;Encrypt=False;Initial Catalog=SAMMS-ChesapeakeSouthV5;,SAMMS-ChesapeakeSouthV5,Select,2019-06-11,NULL,Chesapeake South,1,0,dbo,tblClient,pats,tbl_ClientDemo1,1 = 1,"Order by 1, 2",0,V6,B42D-1-1,1
BHG_DR,13,pats,tbl_ClientDemo1,EST,B44,1,1,0,SQL,2,SAMMS,Data Source=BHGDALLSQL05\SQL2016SAMMS;Connection Timeout=60;Integrated Security=True;Encrypt=False;Initial Catalog=SAMMS-AlbanyV5;,SAMMS-AlbanyV5,Select,2017-06-19,NULL,Albany,1,0,dbo,tblClient,pats,tbl_ClientDemo1,1 = 1,"Order by 1, 2",0,V6,B44-1-1,1
BHG_DR,13,pats,tbl_ClientDemo1,EST,B45,1,1,0,SQL,2,SAMMS,Data Source=BHGDALLSQL05\SQL2016SAMMS;Connection Timeout=60;Integrated Security=True;Encrypt=False;Initial Catalog=SAMMS-TiftonV5;,SAMMS-TiftonV5,Select,2017-06-19,NULL,Tifton,1,0,dbo,tblClient,pats,tbl_ClientDemo1,1 = 1,"Order by 1, 2",0,V6,B45-1-1,1
BHG_DR,13,pats,tbl_ClientDemo1,CST,B46,1,1,0,SQL,2,SAMMS,Data Source=BHGDALLSQL05\SQL2016SAMMS;Connection Timeout=60;Integrated Security=True;Encrypt=False;Initial Catalog=SAMMS-WashingtonDCv5;,SAMMS-WashingtonDCv5,Select,2019-03-20,NULL,Washington DC,1,0,dbo,tblClient,pats,tbl_ClientDemo1,1 = 1,"Order by 1, 2",0,V6,B46-1-1,1
BHG_DR,13,pats,tbl_ClientDemo1,CST,B47,1,1,0,SQL,2,SAMMS,Data Source=BHGDALLSQL05\SQL2016SAMMS;Connection Timeout=60;Integrated Security=True;Encrypt=False;Initial Catalog=SAMMS-MobileV5;,SAMMS-MobileV5,Select,2019-09-10,NULL,Mobile,1,0,dbo,tblClient,pats,tbl_ClientDemo1,1 = 1,"Order by 1, 2",0,V6,B47-1-1,1
BHG_DR,13,pats,tbl_ClientDemo1,CST,B48,1,1,0,SQL,2,SAMMS,Data Source=BHGDALLSQL05\SQL2016SAMMS;Connection Timeout=60;Integrated Security=True;Encrypt=False;Initial Catalog=SAMMS-TuscaloosaV5;,SAMMS-TuscaloosaV5,Select,2017-11-19,NULL,Tuscaloosa,1,0,dbo,tblClient,pats,tbl_ClientDemo1,1 = 1,"Order by 1, 2",0,V6,B48-1-1,1
BHG_DR,13,pats,tbl_ClientDemo1,CST,B51,1,1,0,SQL,2,SAMMS,Data Source=BHGDALLSQL05\SQL2016SAMMS;Connection Timeout=60;Integrated Security=True;Encrypt=False;Initial Catalog=SAMMS-NorthLittleRockV6;,SAMMS-NorthLittleRockV6,Select,2019-11-15,NULL,N. Little Rock (OTP),1,0,dbo,tblClient,pats,tbl_ClientDemo1,1 = 1,"Order by 1, 2",0,V6,B51-1-1,1
BHG_DR,13,pats,tbl_ClientDemo1,EST,B52,1,1,0,SQL,2,SAMMS,Data Source=BHGDALLSQL05\SQL2016SAMMS;Connection Timeout=60;Integrated Security=True;Encrypt=False;Initial Catalog=SAMMS-JacksonGAV5;,SAMMS-JacksonGAV5,Select,2018-06-01,NULL,Jackson GA,1,0,dbo,tblClient,pats,tbl_ClientDemo1,1 = 1,"Order by 1, 2",0,V6,B52-1-1,1
BHG_DR,13,pats,tbl_ClientDemo1,CST,B54,1,1,0,SQL,2,SAMMS,Data Source=BHGDALLSQL05\SQL2016SAMMS;Connection Timeout=60;Integrated Security=True;Encrypt=False;Initial Catalog=SAMMS-GadsdenV5;,SAMMS-GadsdenV5,Select,2018-06-01,NULL,Gadsden,1,0,dbo,tblClient,pats,tbl_ClientDemo1,1 = 1,"Order by 1, 2",0,V6,B54-1-1,1
BHG_DR,13,pats,tbl_ClientDemo1,CST,B55,1,1,0,SQL,2,SAMMS,Data Source=BHGDALLSQL05\SQL2016SAMMS;Connection Timeout=60;Integrated Security=True;Encrypt=False;Initial Catalog=SAMMS-ShoalsV5;,SAMMS-ShoalsV5,Select,2018-04-22,NULL,Shoals,1,0,dbo,tblClient,pats,tbl_ClientDemo1,1 = 1,"Order by 1, 2",0,V6,B55-1-1,1
BHG_DR,13,pats,tbl_ClientDemo1,EST,B57,1,1,0,SQL,2,SAMMS,Data Source=BHGDALLSQL05\SQL2016SAMMS;Connection Timeout=60;Integrated Security=True;Encrypt=False;Initial Catalog=SAMMS-Pawtucket;,SAMMS-Pawtucket,Select,2020-09-04,NULL,Pawtucket,1,1,dbo,tblClient,pats,tbl_ClientDemo1,1 = 1,"Order by 1, 2",0,V6,B57-1-1,1
BHG_DR,13,pats,tbl_ClientDemo1,EST,B57A,1,1,0,SQL,2,SAMMS,Data Source=BHGDALLSQL05\SQL2016SAMMS;Connection Timeout=60;Integrated Security=True;Encrypt=False;Initial Catalog=SAMMS-Johnston;,SAMMS-Johnston,Select,2021-10-04,NULL,Johnston,1,1,dbo,tblClient,pats,tbl_ClientDemo1,1 = 1,"Order by 1, 2",0,V6,B57A-1-1,1
BHG_DR,13,pats,tbl_ClientDemo1,EST,B57B,1,1,0,SQL,2,SAMMS,Data Source=BHGDALLSQL05\SQL2016SAMMS;Connection Timeout=60;Integrated Security=True;Encrypt=False;Initial Catalog=SAMMS-Middletown;,SAMMS-Middletown,Select,2021-10-04,NULL,Middletown,1,1,dbo,tblClient,pats,tbl_ClientDemo1,1 = 1,"Order by 1, 2",0,V6,B57B-1-1,1
BHG_DR,13,pats,tbl_ClientDemo1,EST,B57C,1,1,0,SQL,2,SAMMS,Data Source=BHGDALLSQL05\SQL2016SAMMS;Connection Timeout=60;Integrated Security=True;Encrypt=False;Initial Catalog=SAMMS-Providence;,SAMMS-Providence,Select,2021-10-04,NULL,Providence,1,1,dbo,tblClient,pats,tbl_ClientDemo1,1 = 1,"Order by 1, 2",0,V6,B57C-1-1,1
BHG_DR,13,pats,tbl_ClientDemo1,EST,B57D,1,1,0,SQL,2,SAMMS,Data Source=BHGDALLSQL05\SQL2016SAMMS;Connection Timeout=60;Integrated Security=True;Encrypt=False;Initial Catalog=SAMMS-Westerly;,SAMMS-Westerly,Select,2021-10-04,NULL,Westerly,1,1,dbo,tblClient,pats,tbl_ClientDemo1,1 = 1,"Order by 1, 2",0,V6,B57D-1-1,1
BHG_DR,13,pats,tbl_ClientDemo1,EST,B66A,1,1,0,SQL,2,SAMMS,Data Source=BHGDALLSQL05\SQL2016SAMMS;Connection Timeout=60;Integrated Security=True;Encrypt=False;Initial Catalog=SAMMS-Bremen;,SAMMS-Bremen,Select,NULL,NULL,Bremen,1,1,dbo,tblClient,pats,tbl_ClientDemo1,1 = 1,"Order by 1, 2",0,V6,B66A-1-1,1
BHG_DR,13,pats,tbl_ClientDemo1,CST,B72,1,1,0,SQL,2,SAMMS,Data Source=BHGDALLSQL05\SQL2016SAMMS;Connection Timeout=60;Integrated Security=True;Encrypt=False;Initial Catalog=SAMMS-Mobile-OBOT;,SAMMS-Mobile-OBOT,Select,NULL,NULL,Mobile (OBOT),1,1,dbo,tblClient,pats,tbl_ClientDemo1,1 = 1,"Order by 1, 2",0,V6,B72-1-1,1
BHG_DR,13,pats,tbl_ClientDemo1,CST,B73,1,1,0,SQL,2,SAMMS,Data Source=BHGDALLSQL05\SQL2016SAMMS;Connection Timeout=60;Integrated Security=True;Encrypt=False;Initial Catalog=SAMMS-Montgomery;,SAMMS-Montgomery,Select,NULL,NULL,Montgomery,1,1,dbo,tblClient,pats,tbl_ClientDemo1,1 = 1,"Order by 1, 2",0,V6,B73-1-1,1
BHG_DR,13,pats,tbl_ClientDemo1,CST,B75,1,1,0,SQL,2,SAMMS,Data Source=BHGDALLSQL05\SQL2016SAMMS;Connection Timeout=60;Integrated Security=True;Encrypt=False;Initial Catalog=SAMMS-LawrenceV6;,SAMMS-LawrenceV6,Select,2021-11-09,NULL,Lawrence,1,0,dbo,tblClient,pats,tbl_ClientDemo1,1 = 1,"Order by 1, 2",0,V6,B75-1-1,1
BHG_DR,13,pats,tbl_ClientDemo1,CST,B76,1,1,0,SQL,2,SAMMS,Data Source=BHGDALLSQL05\SQL2016SAMMS;Connection Timeout=60;Integrated Security=True;Encrypt=False;Initial Catalog=SAMMS-Huntsville-OBOT;,SAMMS-Huntsville-OBOT,Select,NULL,NULL,Huntsville OBOT,1,0,dbo,tblClient,pats,tbl_ClientDemo1,1 = 1,"Order by 1, 2",0,V6,B76-1-1,1
BHG_DR,13,pats,tbl_ClientDemo1,CST,BAT,1,1,0,SQL,2,SAMMS,Data Source=BHGDALLSQL05\SQL2016SAMMS;Connection Timeout=60;Integrated Security=True;Encrypt=False;Initial Catalog=SAMMS-Batesville;,SAMMS-Batesville,Select,NULL,NULL,Batesville,1,1,dbo,tblClient,pats,tbl_ClientDemo1,1 = 1,"Order by 1, 2",0,V6,BAT-1-1,1
BHG_DR,13,pats,tbl_ClientDemo1,CST,BG,1,1,0,SQL,2,SAMMS,Data Source=BHGDALLSQL05\SQL2016SAMMS;Connection Timeout=60;Integrated Security=True;Encrypt=False;Initial Catalog=SAMMS-BowlingGreen;,SAMMS-BowlingGreen,Select,NULL,NULL,Bowling Green,1,1,dbo,tblClient,pats,tbl_ClientDemo1,1 = 1,"Order by 1, 2",0,V6,BG-1-1,1
BHG_DR,13,pats,tbl_ClientDemo1,MST,BOI,1,1,0,SQL,2,SAMMS,Data Source=BHGDALLSQL05\SQL2016SAMMS;Connection Timeout=60;Integrated Security=True;Encrypt=False;Initial Catalog=SAMMS-Boise;,SAMMS-Boise,Select,NULL,NULL,Boise,1,1,dbo,tblClient,pats,tbl_ClientDemo1,1 = 1,"Order by 1, 2",0,V6,BOI-1-1,1
BHG_DR,13,pats,tbl_ClientDemo1,MST,CBCO,1,1,0,SQL,2,SAMMS,Data Source=BHGDALLSQL05\SQL2016SAMMS;Connection Timeout=60;Integrated Security=True;Encrypt=False;Initial Catalog=SAMMS-CoeurdAleneV6;,SAMMS-CoeurdAleneV6,Select,NULL,NULL,Coeur d'Alene,1,1,dbo,tblClient,pats,tbl_ClientDemo1,1 = 1,"Order by 1, 2",0,V6,CBCO-1-1,1
BHG_DR,13,pats,tbl_ClientDemo1,CST,CON,1,1,0,SQL,2,SAMMS,Data Source=BHGDALLSQL05\SQL2016SAMMS;Connection Timeout=60;Integrated Security=True;Encrypt=False;Initial Catalog=SAMMS-Conway;,SAMMS-Conway,Select,NULL,NULL,Conway,1,1,dbo,tblClient,pats,tbl_ClientDemo1,1 = 1,"Order by 1, 2",0,V6,CON-1-1,1
BHG_DR,13,pats,tbl_ClientDemo1,EST,D07,1,1,0,SQL,2,SAMMS,Data Source=BHGDALLSQL05\SQL2016SAMMS;Connection Timeout=60;Integrated Security=True;Encrypt=False;Initial Catalog=SAMMS-KnoxvilleV6;,SAMMS-KnoxvilleV6,Select,NULL,NULL,Medical Services Knox TN,1,1,dbo,tblClient,pats,tbl_ClientDemo1,1 = 1,"Order by 1, 2",0,V6,D07-1-1,1
BHG_DR,13,pats,tbl_ClientDemo1,EST,D08,1,1,0,SQL,2,SAMMS,Data Source=BHGDALLSQL05\SQL2016SAMMS;Connection Timeout=60;Integrated Security=True;Encrypt=False;Initial Catalog=SAMMS-MadisonV6;,SAMMS-MadisonV6,Select,NULL,NULL,Madison,1,1,dbo,tblClient,pats,tbl_ClientDemo1,1 = 1,"Order by 1, 2",0,V6,D08-1-1,1
BHG_DR,13,pats,tbl_ClientDemo1,EST,D09,1,1,0,SQL,2,SAMMS,Data Source=BHGDALLSQL05\SQL2016SAMMS;Connection Timeout=60;Integrated Security=True;Encrypt=False;Initial Catalog=SAMMS-MurfreesboroV6;,SAMMS-MurfreesboroV6,Select,NULL,NULL,Murfreesboro,1,1,dbo,tblClient,pats,tbl_ClientDemo1,1 = 1,"Order by 1, 2",0,V6,D09-1-1,1
BHG_DR,13,pats,tbl_ClientDemo1,CST,DA,1,1,0,SQL,2,SAMMS,Data Source=BHGDALLSQL05\SQL2016SAMMS;Connection Timeout=60;Integrated Security=True;Encrypt=False;Initial Catalog=SAMMS-Davenport;,SAMMS-Davenport,Select,NULL,NULL,Davenport,1,1,dbo,tblClient,pats,tbl_ClientDemo1,1 = 1,"Order by 1, 2",0,V6,DA-1-1,1
BHG_DR,13,pats,tbl_ClientDemo1,CST,DM,1,1,0,SQL,2,SAMMS,Data Source=BHGDALLSQL05\SQL2016SAMMS;Connection Timeout=60;Integrated Security=True;Encrypt=False;Initial Catalog=SAMMS-DesMoines;,SAMMS-DesMoines,Select,NULL,NULL,Des Moines,1,1,dbo,tblClient,pats,tbl_ClientDemo1,1 = 1,"Order by 1, 2",0,V6,DM-1-1,1
BHG_DR,13,pats,tbl_ClientDemo1,CST,DRD-CO,1,1,0,SQL,2,SAMMS,Data Source=BHGDALLSQL05\SQL2016SAMMS;Connection Timeout=60;Integrated Security=True;Encrypt=False;Initial Catalog=SAMMS-ColumbiaV5;,SAMMS-ColumbiaV5,Select,NULL,NULL,Columbia MO,1,0,dbo,tblClient,pats,tbl_ClientDemo1,1 = 1,"Order by 1, 2",0,V6,DRD-CO-1-1,1
BHG_DR,13,pats,tbl_ClientDemo1,CST,DRD-KC,1,1,0,SQL,2,SAMMS,Data Source=BHGDALLSQL05\SQL2016SAMMS;Connection Timeout=60;Integrated Security=True;Encrypt=False;Initial Catalog=SAMMS-KCv5;,SAMMS-KCv5,Select,NULL,NULL,KC,1,0,dbo,tblClient,pats,tbl_ClientDemo1,1 = 1,"Order by 1, 2",0,V6,DRD-KC-1-1,1
BHG_DR,13,pats,tbl_ClientDemo1,EST,DRD-KVB,1,1,0,SQL,2,SAMMS,Data Source=BHGDALLSQL05\SQL2016SAMMS;Connection Timeout=60;Integrated Security=True;Encrypt=False;Initial Catalog=SAMMS-KVBv5;,SAMMS-KVBv5,Select,NULL,NULL,KVB,1,0,dbo,tblClient,pats,tbl_ClientDemo1,1 = 1,"Order by 1, 2",0,V6,DRD-KVB-1-1,1
BHG_DR,13,pats,tbl_ClientDemo1,EST,DRD-KVC,1,1,0,SQL,2,SAMMS,Data Source=BHGDALLSQL05\SQL2016SAMMS;Connection Timeout=60;Integrated Security=True;Encrypt=False;Initial Catalog=SAMMS-KVCv5;,SAMMS-KVCv5,Select,NULL,NULL,KVC,1,0,dbo,tblClient,pats,tbl_ClientDemo1,1 = 1,"Order by 1, 2",0,V6,DRD-KVC-1-1,1
BHG_DR,13,pats,tbl_ClientDemo1,CST,DRD-NOLA,1,1,0,SQL,2,SAMMS,Data Source=BHGDALLSQL05\SQL2016SAMMS;Connection Timeout=60;Integrated Security=True;Encrypt=False;Initial Catalog=SAMMS-NOLAv5;,SAMMS-NOLAv5,Select,1985-01-01,NULL,NOLA,1,1,dbo,tblClient,pats,tbl_ClientDemo1,1 = 1,"Order by 1, 2",0,V6,DRD-NOLA-1-1,1
BHG_DR,13,pats,tbl_ClientDemo1,CST,DRD-SF,1,1,0,SQL,2,SAMMS,Data Source=BHGDALLSQL05\SQL2016SAMMS;Connection Timeout=60;Integrated Security=True;Encrypt=False;Initial Catalog=SAMMS-SFv5;,SAMMS-SFv5,Select,NULL,NULL,Springfield,1,0,dbo,tblClient,pats,tbl_ClientDemo1,1 = 1,"Order by 1, 2",0,V6,DRD-SF-1-1,1
BHG_DR,13,pats,tbl_ClientDemo1,EST,ELC,1,1,0,SQL,2,SAMMS,Data Source=BHGDALLSQL05\SQL2016SAMMS;Connection Timeout=60;Integrated Security=True;Encrypt=False;Initial Catalog=SAMMS-ElizabethCity ;,"SAMMS-ElizabethCity ",Select,NULL,NULL,Elizabeth City,1,1,dbo,tblClient,pats,tbl_ClientDemo1,1 = 1,"Order by 1, 2",0,V6,ELC-1-1,1
BHG_DR,13,pats,tbl_ClientDemo1,CST,ET,1,1,0,SQL,2,SAMMS,Data Source=BHGDALLSQL05\SQL2016SAMMS;Connection Timeout=60;Integrated Security=True;Encrypt=False;Initial Catalog=SAMMS-Elizabethtown;,SAMMS-Elizabethtown,Select,NULL,NULL,Elizabethtown,1,1,dbo,tblClient,pats,tbl_ClientDemo1,1 = 1,"Order by 1, 2",0,V6,ET-1-1,1
BHG_DR,13,pats,tbl_ClientDemo1,CST,FAY,1,1,0,SQL,2,SAMMS,Data Source=BHGDALLSQL05\SQL2016SAMMS;Connection Timeout=60;Integrated Security=True;Encrypt=False;Initial Catalog=SAMMS-Fayetteville;,SAMMS-Fayetteville,Select,2019-08-15,NULL,Fayetteville,1,1,dbo,tblClient,pats,tbl_ClientDemo1,1 = 1,"Order by 1, 2",0,V6,FAY-1-1,1
BHG_DR,13,pats,tbl_ClientDemo1,CST,FR,1,1,0,SQL,2,SAMMS,Data Source=BHGDALLSQL05\SQL2016SAMMS;Connection Timeout=60;Integrated Security=True;Encrypt=False;Initial Catalog=SAMMS-Frankfort;,SAMMS-Frankfort,Select,NULL,NULL,Frankfort,1,1,dbo,tblClient,pats,tbl_ClientDemo1,1 = 1,"Order by 1, 2",0,V6,FR-1-1,1
BHG_DR,13,pats,tbl_ClientDemo1,CST,FS,1,1,0,SQL,2,SAMMS,Data Source=BHGDALLSQL05\SQL2016SAMMS;Connection Timeout=60;Integrated Security=True;Encrypt=False;Initial Catalog=SAMMS-FortSmith;,SAMMS-FortSmith,Select,2019-08-15,NULL,Fort Smith,1,1,dbo,tblClient,pats,tbl_ClientDemo1,1 = 1,"Order by 1, 2",0,V6,FS-1-1,1
BHG_DR,13,pats,tbl_ClientDemo1,EST,FW,1,1,0,SQL,2,SAMMS,Data Source=BHGDALLSQL05\SQL2016SAMMS;Connection Timeout=60;Integrated Security=True;Encrypt=False;Initial Catalog=SAMMS-FortWayne;,SAMMS-FortWayne,Select,NULL,NULL,Fort Wayne,1,1,dbo,tblClient,pats,tbl_ClientDemo1,1 = 1,"Order by 1, 2",0,V6,FW-1-1,1
BHG_DR,13,pats,tbl_ClientDemo1,EST,GAL,1,1,0,SQL,2,SAMMS,Data Source=BHGDALLSQL05\SQL2016SAMMS;Connection Timeout=60;Integrated Security=True;Encrypt=False;Initial Catalog=SAMMS-Gaylord ;,"SAMMS-Gaylord ",Select,NULL,NULL,Gaylord,1,1,dbo,tblClient,pats,tbl_ClientDemo1,1 = 1,"Order by 1, 2",0,V6,GAL-1-1,1
BHG_DR,13,pats,tbl_ClientDemo1,EST,GRC,1,1,0,SQL,2,SAMMS,Data Source=BHGDALLSQL05\SQL2016SAMMS;Connection Timeout=60;Integrated Security=True;Encrypt=False;Initial Catalog=SAMMS-GreenfieldV5;,SAMMS-GreenfieldV5,Select,2018-12-05,NULL,Greenfield,0,0,dbo,tblClient,pats,tbl_ClientDemo1,1 = 1,"Order by 1, 2",0,V6,GRC-1-1,1
BHG_DR,13,pats,tbl_ClientDemo1,EST,HGT,1,1,0,SQL,2,SAMMS,Data Source=BHGDALLSQL05\SQL2016SAMMS;Connection Timeout=60;Integrated Security=True;Encrypt=False;Initial Catalog=SAMMS-Hagerstown;,SAMMS-Hagerstown,Select,NULL,NULL,Hagerstown,1,0,dbo,tblClient,pats,tbl_ClientDemo1,1 = 1,"Order by 1, 2",0,V6,HGT-1-1,1
BHG_DR,13,pats,tbl_ClientDemo1,CST,HNT,1,1,0,SQL,2,SAMMS,Data Source=BHGDALLSQL05\SQL2016SAMMS;Connection Timeout=60;Integrated Security=True;Encrypt=False;Initial Catalog=SAMMS-Huntsville;,SAMMS-Huntsville,Select,NULL,NULL,Huntsville,1,1,dbo,tblClient,pats,tbl_ClientDemo1,1 = 1,"Order by 1, 2",0,V6,HNT-1-1,1
BHG_DR,13,pats,tbl_ClientDemo1,CST,HS,1,1,0,SQL,2,SAMMS,Data Source=BHGDALLSQL05\SQL2016SAMMS;Connection Timeout=60;Integrated Security=True;Encrypt=False;Initial Catalog=SAMMS-HotSprings;,SAMMS-HotSprings,Select,2019-08-15,NULL,Hot Springs,1,1,dbo,tblClient,pats,tbl_ClientDemo1,1 = 1,"Order by 1, 2",0,V6,HS-1-1,1
BHG_DR,13,pats,tbl_ClientDemo1,CST,JON,1,1,0,SQL,2,SAMMS,Data Source=BHGDALLSQL05\SQL2016SAMMS;Connection Timeout=60;Integrated Security=True;Encrypt=False;Initial Catalog=SAMMS-Jonesboro;,SAMMS-Jonesboro,Select,NULL,NULL,Jonesboro,1,1,dbo,tblClient,pats,tbl_ClientDemo1,1 = 1,"Order by 1, 2",0,V6,JON-1-1,1
BHG_DR,13,pats,tbl_ClientDemo1,EST,Lab,1,1,0,SQL,2,SAMMS,Data Source=BHGDALLSQL05\SQL2016SAMMS;Connection Timeout=60;Integrated Security=True;Encrypt=False;Initial Catalog=SAMMS-LabV5-V2;,SAMMS-LabV5-V2,Select,NULL,NULL,Reference Lab,1,0,dbo,tblClient,pats,tbl_ClientDemo1,1 = 1,"Order by 1, 2",0,V6,Lab-1-1,1
BHG_DR,13,pats,tbl_ClientDemo1,EST,LAN,1,1,0,SQL,2,SAMMS,Data Source=BHGDALLSQL05\SQL2016SAMMS;Connection Timeout=60;Integrated Security=True;Encrypt=False;Initial Catalog=SAMMS-Lansing ;,"SAMMS-Lansing ",Select,NULL,NULL,Lansing,1,1,dbo,tblClient,pats,tbl_ClientDemo1,1 = 1,"Order by 1, 2",0,V6,LAN-1-1,1
BHG_DR,13,pats,tbl_ClientDemo1,CST,LO,1,1,0,SQL,2,SAMMS,Data Source=BHGDALLSQL05\SQL2016SAMMS;Connection Timeout=60;Integrated Security=True;Encrypt=False;Initial Catalog=SAMMS-Louisville;,SAMMS-Louisville,Select,NULL,NULL,Louisville,1,1,dbo,tblClient,pats,tbl_ClientDemo1,1 = 1,"Order by 1, 2",0,V6,LO-1-1,1
BHG_DR,13,pats,tbl_ClientDemo1,PST,LV1,1,1,0,SQL,2,SAMMS,Data Source=BHGDALLSQL05\SQL2016SAMMS;Connection Timeout=60;Integrated Security=True;Encrypt=False;Initial Catalog=SAMMS-Cheyenne;,SAMMS-Cheyenne,Select,NULL,NULL,Cheyenne,1,1,dbo,tblClient,pats,tbl_ClientDemo1,1 = 1,"Order by 1, 2",0,V6,LV1-1-1,1
BHG_DR,13,pats,tbl_ClientDemo1,PST,LV2,1,1,0,SQL,2,SAMMS,Data Source=BHGDALLSQL05\SQL2016SAMMS;Connection Timeout=60;Integrated Security=True;Encrypt=False;Initial Catalog=SAMMS-DesertInn;,SAMMS-DesertInn,Select,NULL,NULL,Desert Inn,1,1,dbo,tblClient,pats,tbl_ClientDemo1,1 = 1,"Order by 1, 2",0,V6,LV2-1-1,1
BHG_DR,13,pats,tbl_ClientDemo1,PST,LV3,1,1,0,SQL,2,SAMMS,Data Source=BHGDALLSQL05\SQL2016SAMMS;Connection Timeout=60;Integrated Security=True;Encrypt=False;Initial Catalog=SAMMS-McDaniel;,SAMMS-McDaniel,Select,NULL,NULL,McDaniel,1,1,dbo,tblClient,pats,tbl_ClientDemo1,1 = 1,"Order by 1, 2",0,V6,LV3-1-1,1
BHG_DR,13,pats,tbl_ClientDemo1,CST,MNRE,1,1,0,SQL,2,SAMMS,Data Source=BHGDALLSQL05\SQL2016SAMMS;Connection Timeout=60;Integrated Security=True;Encrypt=False;Initial Catalog=SAMMS-Monroe;,SAMMS-Monroe,Select,NULL,NULL,Monroe,1,1,dbo,tblClient,pats,tbl_ClientDemo1,1 = 1,"Order by 1, 2",0,V6,MNRE-1-1,1
BHG_DR,13,pats,tbl_ClientDemo1,EST,MP,1,1,0,SQL,2,SAMMS,Data Source=BHGDALLSQL05\SQL2016SAMMS;Connection Timeout=60;Integrated Security=True;Encrypt=False;Initial Catalog=SAMMS-MtPleasant ;,"SAMMS-MtPleasant ",Select,NULL,NULL,Mt. Pleasant,1,1,dbo,tblClient,pats,tbl_ClientDemo1,1 = 1,"Order by 1, 2",0,V6,MP-1-1,1
BHG_DR,13,pats,tbl_ClientDemo1,MST,MRD,1,1,0,SQL,2,SAMMS,Data Source=BHGDALLSQL05\SQL2016SAMMS;Connection Timeout=60;Integrated Security=True;Encrypt=False;Initial Catalog=SAMMS-Meridian;,SAMMS-Meridian,Select,NULL,NULL,Meridian,1,1,dbo,tblClient,pats,tbl_ClientDemo1,1 = 1,"Order by 1, 2",0,V6,MRD-1-1,1
BHG_DR,13,pats,tbl_ClientDemo1,EST,NC,1,1,0,SQL,2,SAMMS,Data Source=BHGDALLSQL05\SQL2016SAMMS;Connection Timeout=60;Integrated Security=True;Encrypt=False;Initial Catalog=SAMMS-NorthCharleston;,SAMMS-NorthCharleston,Select,NULL,NULL,North Charleston,1,1,dbo,tblClient,pats,tbl_ClientDemo1,1 = 1,"Order by 1, 2",0,V6,NC-1-1,1
BHG_DR,13,pats,tbl_ClientDemo1,CST,NLR,1,1,0,SQL,2,SAMMS,Data Source=BHGDALLSQL05\SQL2016SAMMS;Connection Timeout=60;Integrated Security=True;Encrypt=False;Initial Catalog=SAMMS-NLROBOT;,SAMMS-NLROBOT,Select,2019-08-15,NULL,N. Little Rock,1,1,dbo,tblClient,pats,tbl_ClientDemo1,1 = 1,"Order by 1, 2",0,V6,NLR-1-1,1
BHG_DR,13,pats,tbl_ClientDemo1,MST,PH,1,1,0,SQL,2,SAMMS,Data Source=BHGDALLSQL05\SQL2016SAMMS;Connection Timeout=60;Integrated Security=True;Encrypt=False;Initial Catalog=SAMMS-Phoenix;,SAMMS-Phoenix,Select,NULL,NULL,Phoenix,1,1,dbo,tblClient,pats,tbl_ClientDemo1,1 = 1,"Order by 1, 2",0,V6,PH-1-1,1
BHG_DR,13,pats,tbl_ClientDemo1,PST,RE,1,1,0,SQL,2,SAMMS,Data Source=BHGDALLSQL05\SQL2016SAMMS;Connection Timeout=60;Integrated Security=True;Encrypt=False;Initial Catalog=SAMMS-Reno;,SAMMS-Reno,Select,NULL,NULL,Reno,1,1,dbo,tblClient,pats,tbl_ClientDemo1,1 = 1,"Order by 1, 2",0,V6,RE-1-1,1
BHG_DR,13,pats,tbl_ClientDemo1,CST,RMD,1,1,0,SQL,2,SAMMS,Data Source=BHGDALLSQL05\SQL2016SAMMS;Connection Timeout=60;Integrated Security=True;Encrypt=False;Initial Catalog=SAMMS-Richmond;,SAMMS-Richmond,Select,NULL,NULL,Richmond,1,1,dbo,tblClient,pats,tbl_ClientDemo1,1 = 1,"Order by 1, 2",0,V6,RMD-1-1,1
BHG_DR,13,pats,tbl_ClientDemo1,CST,SFN,1,1,0,SQL,2,SAMMS,Data Source=BHGDALLSQL05\SQL2016SAMMS;Connection Timeout=60;Integrated Security=True;Encrypt=False;Initial Catalog=SAMMS-SFNv5;,SAMMS-SFNv5,Select,NULL,NULL,Springfield North,1,0,dbo,tblClient,pats,tbl_ClientDemo1,1 = 1,"Order by 1, 2",0,V6,SFN-1-1,1
BHG_DR,13,pats,tbl_ClientDemo1,CST,SHP,1,1,0,SQL,2,SAMMS,Data Source=BHGDALLSQL05\SQL2016SAMMS;Connection Timeout=60;Integrated Security=True;Encrypt=False;Initial Catalog=SAMMS-Shreveport;,SAMMS-Shreveport,Select,NULL,NULL,Shreveport,1,1,dbo,tblClient,pats,tbl_ClientDemo1,1 = 1,"Order by 1, 2",0,V6,SHP-1-1,1
BHG_DR,13,pats,tbl_ClientDemo1,EST,STN,1,1,0,SQL,2,SAMMS,Data Source=BHGDALLSQL05\SQL2016SAMMS;Connection Timeout=60;Integrated Security=True;Encrypt=False;Initial Catalog=SAMMS-Staunton;,SAMMS-Staunton,Select,NULL,NULL,Staunton,1,1,dbo,tblClient,pats,tbl_ClientDemo1,1 = 1,"Order by 1, 2",0,V6,STN-1-1,1
BHG_DR,13,pats,tbl_ClientDemo1,CST,STVN,1,1,0,SQL,2,SAMMS,Data Source=BHGDALLSQL05\SQL2016SAMMS;Connection Timeout=60;Integrated Security=True;Encrypt=False;Initial Catalog=SAMMS-Stevenson;,SAMMS-Stevenson,Select,NULL,NULL,Stevenson,1,1,dbo,tblClient,pats,tbl_ClientDemo1,1 = 1,"Order by 1, 2",0,V6,STVN-1-1,1
BHG_DR,13,pats,tbl_ClientDemo1,MST,TE,1,1,0,SQL,2,SAMMS,Data Source=BHGDALLSQL05\SQL2016SAMMS;Connection Timeout=60;Integrated Security=True;Encrypt=False;Initial Catalog=SAMMS-Tempe;,SAMMS-Tempe,Select,NULL,NULL,Tempe,1,1,dbo,tblClient,pats,tbl_ClientDemo1,1 = 1,"Order by 1, 2",0,V6,TE-1-1,1
BHG_DR,13,pats,tbl_ClientDemo1,CST,TEX,1,1,0,SQL,2,SAMMS,Data Source=BHGDALLSQL05\SQL2016SAMMS;Connection Timeout=60;Integrated Security=True;Encrypt=False;Initial Catalog=SAMMS-Texarkana;,SAMMS-Texarkana,Select,NULL,NULL,Texarkana,1,1,dbo,tblClient,pats,tbl_ClientDemo1,1 = 1,"Order by 1, 2",0,V6,TEX-1-1,1
BHG_DR,13,pats,tbl_ClientDemo1,CST,TTCA,1,1,0,SQL,2,SAMMS,Data Source=BHGDALLSQL05\SQL2016SAMMS;Connection Timeout=60;Integrated Security=True;Encrypt=False;Initial Catalog=SAMMS-BessemerV5;,SAMMS-BessemerV5,Select,2018-09-24,NULL,Bessemer,1,0,dbo,tblClient,pats,tbl_ClientDemo1,1 = 1,"Order by 1, 2",0,V6,TTCA-1-1,1
BHG_DR,13,pats,tbl_ClientDemo1,CST,TTCB,1,1,0,SQL,2,SAMMS,Data Source=BHGDALLSQL05\SQL2016SAMMS;Connection Timeout=60;Integrated Security=True;Encrypt=False;Initial Catalog=SAMMS-CullmanV5;,SAMMS-CullmanV5,Select,2019-02-26,NULL,Cullman,1,0,dbo,tblClient,pats,tbl_ClientDemo1,1 = 1,"Order by 1, 2",0,V6,TTCB-1-1,1
BHG_DR,13,pats,tbl_ClientDemo1,CST,TTCC,1,1,0,SQL,2,SAMMS,Data Source=BHGDALLSQL05\SQL2016SAMMS;Connection Timeout=60;Integrated Security=True;Encrypt=False;Initial Catalog=SAMMS-GrandBay;,SAMMS-GrandBay,Select,2019-12-31,NULL,Grand Bay,1,1,dbo,tblClient,pats,tbl_ClientDemo1,1 = 1,"Order by 1, 2",0,V6,TTCC-1-1,1
BHG_DR,13,pats,tbl_ClientDemo1,MST,TU,1,1,0,SQL,2,SAMMS,Data Source=BHGDALLSQL05\SQL2016SAMMS;Connection Timeout=60;Integrated Security=True;Encrypt=False;Initial Catalog=SAMMS-Tucson;,SAMMS-Tucson,Select,NULL,NULL,Tucson,1,1,dbo,tblClient,pats,tbl_ClientDemo1,1 = 1,"Order by 1, 2",0,V6,TU-1-1,1
BHG_DR,13,pats,tbl_ClientDemo1,EST,V1,1,1,0,SQL,2,SAMMS,Data Source=BHGDALLSQL05\SQL2016SAMMS;Connection Timeout=60;Integrated Security=True;Encrypt=False;Initial Catalog=SAMMS-VCPHCS-I-MemphisV5;,SAMMS-VCPHCS-I-MemphisV5,Select,NULL,NULL,Memphis South,1,0,dbo,tblClient,pats,tbl_ClientDemo1,1 = 1,"Order by 1, 2",0,V6,V1-1-1,1
BHG_DR,13,pats,tbl_ClientDemo1,MST,V10,1,1,0,SQL,2,SAMMS,Data Source=BHGDALLSQL05\SQL2016SAMMS;Connection Timeout=60;Integrated Security=True;Encrypt=False;Initial Catalog=SAMMS-BoulderV5;,SAMMS-BoulderV5,Select,NULL,NULL,Longmont,1,1,dbo,tblClient,pats,tbl_ClientDemo1,1 = 1,"Order by 1, 2",0,V6,V10-1-1,1
BHG_DR,13,pats,tbl_ClientDemo1,MST,V10A,1,1,0,SQL,2,SAMMS,Data Source=BHGDALLSQL05\SQL2016SAMMS;Connection Timeout=60;Integrated Security=True;Encrypt=False;Initial Catalog=SAMMS-FortCollinsV5;,SAMMS-FortCollinsV5,Select,NULL,NULL,Fort Collins,1,1,dbo,tblClient,pats,tbl_ClientDemo1,1 = 1,"Order by 1, 2",0,V6,V10A-1-1,1
BHG_DR,13,pats,tbl_ClientDemo1,MST,V11,1,1,0,SQL,2,SAMMS,Data Source=BHGDALLSQL05\SQL2016SAMMS;Connection Timeout=60;Integrated Security=True;Encrypt=False;Initial Catalog=SAMMS-VCPHCS-XI-NorthDenverV5;,SAMMS-VCPHCS-XI-NorthDenverV5,Select,NULL,NULL,Westminster,1,1,dbo,tblClient,pats,tbl_ClientDemo1,1 = 1,"Order by 1, 2",0,V6,V11-1-1,1
BHG_DR,13,pats,tbl_ClientDemo1,MST,V12,1,1,0,SQL,2,SAMMS,Data Source=BHGDALLSQL05\SQL2016SAMMS;Connection Timeout=60;Integrated Security=True;Encrypt=False;Initial Catalog=SAMMS-VCPHCS-XII-DowntownDenverV5;,SAMMS-VCPHCS-XII-DowntownDenverV5,Select,NULL,NULL,Downtown Denver,1,1,dbo,tblClient,pats,tbl_ClientDemo1,1 = 1,"Order by 1, 2",0,V6,V12-1-1,1
BHG_DR,13,pats,tbl_ClientDemo1,MST,V12A,1,1,0,SQL,2,SAMMS,Data Source=BHGDALLSQL05\SQL2016SAMMS;Connection Timeout=60;Integrated Security=True;Encrypt=False;Initial Catalog=SAMMS-CentennialV5;,SAMMS-CentennialV5,Select,NULL,NULL,Centennial,1,1,dbo,tblClient,pats,tbl_ClientDemo1,1 = 1,"Order by 1, 2",0,V6,V12A-1-1,1
BHG_DR,13,pats,tbl_ClientDemo1,CST,V14,1,1,0,SQL,2,SAMMS,Data Source=BHGDALLSQL05\SQL2016SAMMS;Connection Timeout=60;Integrated Security=True;Encrypt=False;Initial Catalog=SAMMS-VCPHCS-XIV-BridgewayV5;,SAMMS-VCPHCS-XIV-BridgewayV5,Select,NULL,NULL,Overland Park,1,0,dbo,tblClient,pats,tbl_ClientDemo1,1 = 1,"Order by 1, 2",0,V6,V14-1-1,1
BHG_DR,13,pats,tbl_ClientDemo1,CST,V15,1,1,0,SQL,2,SAMMS,Data Source=BHGDALLSQL05\SQL2016SAMMS;Connection Timeout=60;Integrated Security=True;Encrypt=False;Initial Catalog=SAMMS-JoplinV5;,SAMMS-JoplinV5,Select,NULL,NULL,Joplin,1,0,dbo,tblClient,pats,tbl_ClientDemo1,1 = 1,"Order by 1, 2",0,V6,V15-1-1,1
BHG_DR,13,pats,tbl_ClientDemo1,EST,V17,1,1,0,SQL,2,SAMMS,Data Source=BHGDALLSQL05\SQL2016SAMMS;Connection Timeout=60;Integrated Security=True;Encrypt=False;Initial Catalog=SAMMS-ColumbiaTNv5;,SAMMS-ColumbiaTNv5,Select,NULL,NULL,Columbia TN,1,0,dbo,tblClient,pats,tbl_ClientDemo1,1 = 1,"Order by 1, 2",0,V6,V17-1-1,1
BHG_DR,13,pats,tbl_ClientDemo1,EST,V19,1,1,0,SQL,2,SAMMS,Data Source=BHGDALLSQL05\SQL2016SAMMS;Connection Timeout=60;Integrated Security=True;Encrypt=False;Initial Catalog=SAMMS-JacksonV5;,SAMMS-JacksonV5,Select,NULL,NULL,Jackson,1,0,dbo,tblClient,pats,tbl_ClientDemo1,1 = 1,"Order by 1, 2",0,V6,V19-1-1,1
BHG_DR,13,pats,tbl_ClientDemo1,EST,V20,1,1,0,SQL,2,SAMMS,Data Source=BHGDALLSQL05\SQL2016SAMMS;Connection Timeout=60;Integrated Security=True;Encrypt=False;Initial Catalog=SAMMS-ParisV5;,SAMMS-ParisV5,Select,NULL,NULL,Paris,1,0,dbo,tblClient,pats,tbl_ClientDemo1,1 = 1,"Order by 1, 2",0,V6,V20-1-1,1
BHG_DR,13,pats,tbl_ClientDemo1,EST,V21,1,1,0,SQL,2,SAMMS,Data Source=BHGDALLSQL05\SQL2016SAMMS;Connection Timeout=60;Integrated Security=True;Encrypt=False;Initial Catalog=SAMMS-RaleighV5;,SAMMS-RaleighV5,Select,NULL,NULL,Memphis North,1,0,dbo,tblClient,pats,tbl_ClientDemo1,1 = 1,"Order by 1, 2",0,V6,V21-1-1,1
BHG_DR,13,pats,tbl_ClientDemo1,CST,V5,1,1,0,SQL,2,SAMMS,Data Source=BHGDALLSQL05\SQL2016SAMMS;Connection Timeout=60;Integrated Security=True;Encrypt=False;Initial Catalog=SAMMS-NONTCv5;,SAMMS-NONTCv5,Select,NULL,NULL,West Bank,1,1,dbo,tblClient,pats,tbl_ClientDemo1,1 = 1,"Order by 1, 2",0,V6,V5-1-1,1
BHG_DR,13,pats,tbl_ClientDemo1,CST,V5B,1,1,0,SQL,2,SAMMS,Data Source=BHGDALLSQL05\SQL2016SAMMS;Connection Timeout=60;Integrated Security=True;Encrypt=False;Initial Catalog=SAMMS-HoumaV6;,SAMMS-HoumaV6,Select,NULL,NULL,Houma,1,0,dbo,tblClient,pats,tbl_ClientDemo1,1 = 1,"Order by 1, 2",0,v6,V5B-1-1,1
BHG_DR,13,pats,tbl_ClientDemo1,CST,V6,1,1,0,SQL,2,SAMMS,Data Source=BHGDALLSQL05\SQL2016SAMMS;Connection Timeout=60;Integrated Security=True;Encrypt=False;Initial Catalog=SAMMS-LCv5;,SAMMS-LCv5,Select,NULL,NULL,Lake Charles,1,1,dbo,tblClient,pats,tbl_ClientDemo1,1 = 1,"Order by 1, 2",0,V6,V6-1-1,1
BHG_DR,13,pats,tbl_ClientDemo1,EST,V8,1,1,0,SQL,2,SAMMS,Data Source=BHGDALLSQL05\SQL2016SAMMS;Connection Timeout=60;Integrated Security=True;Encrypt=False;Initial Catalog=SAMMS-VCPHCS-VIII-MemphisV5;,SAMMS-VCPHCS-VIII-MemphisV5,Select,NULL,NULL,Memphis Midtown,1,0,dbo,tblClient,pats,tbl_ClientDemo1,1 = 1,"Order by 1, 2",0,V6,V8-1-1,1
BHG_DR,13,pats,tbl_ClientDemo1,EST,V9,1,1,0,SQL,2,SAMMS,Data Source=BHGDALLSQL05\SQL2016SAMMS;Connection Timeout=60;Integrated Security=True;Encrypt=False;Initial Catalog=SAMMS-NashvilleV5;,SAMMS-NashvilleV5,Select,NULL,NULL,Nashville,1,0,dbo,tblClient,pats,tbl_ClientDemo1,1 = 1,"Order by 1, 2",0,V6,V9-1-1,1
BHG_DR,13,pats,tbl_ClientDemo1,CST,VBRA,1,1,0,SQL,2,SAMMS,Data Source=BHGDALLSQL05\SQL2016SAMMS;Connection Timeout=60;Integrated Security=True;Encrypt=False;Initial Catalog=SAMMS-BrainerdV6;,SAMMS-BrainerdV6,Select,2021-11-01,NULL,Brainerd,1,1,dbo,tblClient,pats,tbl_ClientDemo1,1 = 1,"Order by 1, 2",0,V6,VBRA-1-1,1
BHG_DR,13,pats,tbl_ClientDemo1,CST,VBRP,1,1,0,SQL,2,SAMMS,Data Source=BHGDALLSQL05\SQL2016SAMMS;Connection Timeout=60;Integrated Security=True;Encrypt=False;Initial Catalog=SAMMS-BrooklynParkV6;,SAMMS-BrooklynParkV6,Select,2021-11-01,NULL,Brooklyn Park,1,1,dbo,tblClient,pats,tbl_ClientDemo1,1 = 1,"Order by 1, 2",0,V6,VBRP-1-1,1
BHG_DR,13,pats,tbl_ClientDemo1,CST,VMIN,1,1,0,SQL,2,SAMMS,Data Source=BHGDALLSQL05\SQL2016SAMMS;Connection Timeout=60;Integrated Security=True;Encrypt=False;Initial Catalog=SAMMS-MinneapolisV6;,SAMMS-MinneapolisV6,Select,2021-11-01,NULL,Minneapolis,1,1,dbo,tblClient,pats,tbl_ClientDemo1,1 = 1,"Order by 1, 2",0,V6,VMIN-1-1,1
BHG_DR,13,pats,tbl_ClientDemo1,CST,VWBY,1,1,0,SQL,2,SAMMS,Data Source=BHGDALLSQL05\SQL2016SAMMS;Connection Timeout=60;Integrated Security=True;Encrypt=False;Initial Catalog=SAMMS-WoodburyV6;,SAMMS-WoodburyV6,Select,2021-11-01,NULL,Woodbury,1,1,dbo,tblClient,pats,tbl_ClientDemo1,1 = 1,"Order by 1, 2",0,V6,VWBY-1-1,1
BHG_DR,13,pats,tbl_ClientDemo1,EST,WIL,1,1,0,SQL,2,SAMMS,Data Source=BHGDALLSQL05\SQL2016SAMMS;Connection Timeout=60;Integrated Security=True;Encrypt=False;Initial Catalog=SAMMS-Wilson;,SAMMS-Wilson,Select,NULL,NULL,Wilson,1,1,dbo,tblClient,pats,tbl_ClientDemo1,1 = 1,"Order by 1, 2",0,V6,WIL-1-1,1
BHG_DR,14,pats,tbl_ClientDemo2,EST,AHK,1,2,0,SQL,2,SAMMS,Data Source=BHGDALLSQL05\SQL2016SAMMS;Connection Timeout=60;Integrated Security=True;Encrypt=False;Initial Catalog=SAMMS-Ahoskie ;,"SAMMS-Ahoskie ",Select,NULL,NULL,Ahoskie,1,1,dbo,tblClient,pats,tbl_ClientDemo2,1 = 1,"Order by 1, 2",0,V6,AHK-1-2,NULL
BHG_DR,14,pats,tbl_ClientDemo2,MST,B12B,1,2,0,SQL,2,SAMMS,Data Source=BHGDALLSQL05\SQL2016SAMMS;Connection Timeout=60;Integrated Security=True;Encrypt=False;Initial Catalog=SAMMS-ColoradoSpringsV5;,SAMMS-ColoradoSpringsV5,Select,NULL,NULL,Colorado Springs,1,0,dbo,tblClient,pats,tbl_ClientDemo2,1 = 1,"Order by 1, 2",0,V6,B12B-1-2,NULL
BHG_DR,14,pats,tbl_ClientDemo2,CST,B24,1,2,0,SQL,2,SAMMS,Data Source=BHGDALLSQL05\SQL2016SAMMS;Connection Timeout=60;Integrated Security=True;Encrypt=False;Initial Catalog=SAMMS-PaintsvilleV5;,SAMMS-PaintsvilleV5,Select,NULL,NULL,Paintsville,1,1,dbo,tblClient,pats,tbl_ClientDemo2,1 = 1,"Order by 1, 2",0,V6,B24-1-2,NULL
BHG_DR,14,pats,tbl_ClientDemo2,CST,B25,1,2,0,SQL,2,SAMMS,Data Source=BHGDALLSQL05\SQL2016SAMMS;Connection Timeout=60;Integrated Security=True;Encrypt=False;Initial Catalog=SAMMS-PikevilleV5;,SAMMS-PikevilleV5,Select,NULL,NULL,Pikeville,1,1,dbo,tblClient,pats,tbl_ClientDemo2,1 = 1,"Order by 1, 2",0,V6,B25-1-2,NULL
BHG_DR,14,pats,tbl_ClientDemo2,CST,B26,1,2,0,SQL,2,SAMMS,Data Source=BHGDALLSQL05\SQL2016SAMMS;Connection Timeout=60;Integrated Security=True;Encrypt=False;Initial Catalog=SAMMS-HazardV5;,SAMMS-HazardV5,Select,NULL,NULL,Hazard,1,0,dbo,tblClient,pats,tbl_ClientDemo2,1 = 1,"Order by 1, 2",0,V6,B26-1-2,NULL
BHG_DR,14,pats,tbl_ClientDemo2,EST,B27,1,2,0,SQL,2,SAMMS,Data Source=BHGDALLSQL05\SQL2016SAMMS;Connection Timeout=60;Integrated Security=True;Encrypt=False;Initial Catalog=SAMMS-SavannahV6;,SAMMS-SavannahV6,Select,2022-09-14,NULL,Savannah,1,1,dbo,tblClient,pats,tbl_ClientDemo2,1 = 1,"Order by 1, 2",0,V6,B27-1-2,NULL
BHG_DR,14,pats,tbl_ClientDemo2,CST,B28,1,2,0,SQL,2,SAMMS,Data Source=BHGDALLSQL05\SQL2016SAMMS;Connection Timeout=60;Integrated Security=True;Encrypt=False;Initial Catalog=SAMMS-WestPlainesV5;,SAMMS-WestPlainesV5,Select,NULL,NULL,West Plains,1,0,dbo,tblClient,pats,tbl_ClientDemo2,1 = 1,"Order by 1, 2",0,V6,B28-1-2,NULL
BHG_DR,14,pats,tbl_ClientDemo2,CST,B29,1,2,0,SQL,2,SAMMS,Data Source=BHGDALLSQL05\SQL2016SAMMS;Connection Timeout=60;Integrated Security=True;Encrypt=False;Initial Catalog=SAMMS-PoplarBluffV5;,SAMMS-PoplarBluffV5,Select,NULL,NULL,Poplar Bluff,1,0,dbo,tblClient,pats,tbl_ClientDemo2,1 = 1,"Order by 1, 2",0,V6,B29-1-2,NULL
BHG_DR,14,pats,tbl_ClientDemo2,CST,B30,1,2,0,SQL,2,SAMMS,Data Source=BHGDALLSQL05\SQL2016SAMMS;Connection Timeout=60;Integrated Security=True;Encrypt=False;Initial Catalog=SAMMS-KCNv5;,SAMMS-KCNv5,Select,2016-02-01,NULL,KC North,1,0,dbo,tblClient,pats,tbl_ClientDemo2,1 = 1,"Order by 1, 2",0,V6,B30-1-2,NULL
BHG_DR,14,pats,tbl_ClientDemo2,EST,B31,1,2,0,SQL,2,SAMMS,Data Source=BHGDALLSQL05\SQL2016SAMMS;Connection Timeout=60;Integrated Security=True;Encrypt=False;Initial Catalog=SAMMS-DyersburgV5;,SAMMS-DyersburgV5,Select,NULL,NULL,Dyersburg,1,0,dbo,tblClient,pats,tbl_ClientDemo2,1 = 1,"Order by 1, 2",0,V6,B31-1-2,NULL
BHG_DR,14,pats,tbl_ClientDemo2,CST,B33,1,2,0,SQL,2,SAMMS,Data Source=BHGDALLSQL05\SQL2016SAMMS;Connection Timeout=60;Integrated Security=True;Encrypt=False;Initial Catalog=SAMMS-Paducah;,SAMMS-Paducah,Select,NULL,NULL,Paducah,1,0,dbo,tblClient,pats,tbl_ClientDemo2,1 = 1,"Order by 1, 2",0,V6,B33-1-2,NULL
BHG_DR,14,pats,tbl_ClientDemo2,CST,B34,1,2,0,SQL,2,SAMMS,Data Source=BHGDALLSQL05\SQL2016SAMMS;Connection Timeout=60;Integrated Security=True;Encrypt=False;Initial Catalog=SAMMS-CorbinV5;,SAMMS-CorbinV5,Select,NULL,NULL,Corbin,1,0,dbo,tblClient,pats,tbl_ClientDemo2,1 = 1,"Order by 1, 2",0,V6,B34-1-2,NULL
BHG_DR,14,pats,tbl_ClientDemo2,CST,B35,1,2,0,SQL,2,SAMMS,Data Source=BHGDALLSQL05\SQL2016SAMMS;Connection Timeout=60;Integrated Security=True;Encrypt=False;Initial Catalog=SAMMS-LexingtonV5;,SAMMS-LexingtonV5,Select,NULL,NULL,Lexington,1,1,dbo,tblClient,pats,tbl_ClientDemo2,1 = 1,"Order by 1, 2",0,V6,B35-1-2,NULL
BHG_DR,14,pats,tbl_ClientDemo2,CST,B35A,1,2,0,SQL,2,SAMMS,Data Source=BHGDALLSQL05\SQL2016SAMMS;Connection Timeout=60;Integrated Security=True;Encrypt=False;Initial Catalog=SAMMS-BereaV5;,SAMMS-BereaV5,Select,2018-06-01,NULL,Berea,1,0,dbo,tblClient,pats,tbl_ClientDemo2,1 = 1,"Order by 1, 2",0,V6,B35A-1-2,NULL
BHG_DR,14,pats,tbl_ClientDemo2,EST,B36,1,2,0,SQL,2,SAMMS,Data Source=BHGDALLSQL05\SQL2016SAMMS;Connection Timeout=60;Integrated Security=True;Encrypt=False;Initial Catalog=SAMMS-AshevilleV5;,SAMMS-AshevilleV5,Select,2015-09-07,NULL,Asheville,1,0,dbo,tblClient,pats,tbl_ClientDemo2,1 = 1,"Order by 1, 2",0,V6,B36-1-2,NULL
BHG_DR,14,pats,tbl_ClientDemo2,EST,B37,1,2,0,SQL,2,SAMMS,Data Source=BHGDALLSQL05\SQL2016SAMMS;Connection Timeout=60;Integrated Security=True;Encrypt=False;Initial Catalog=SAMMS-ClydeV5;,SAMMS-ClydeV5,Select,2015-09-07,NULL,Clyde,1,0,dbo,tblClient,pats,tbl_ClientDemo2,1 = 1,"Order by 1, 2",0,V6,B37-1-2,NULL
BHG_DR,14,pats,tbl_ClientDemo2,EST,B38,1,2,0,SQL,2,SAMMS,Data Source=BHGDALLSQL05\SQL2016SAMMS;Connection Timeout=60;Integrated Security=True;Encrypt=False;Initial Catalog=SAMMS-SpartanburgV5;,SAMMS-SpartanburgV5,Select,2016-07-25,NULL,Spartanburg,1,0,dbo,tblClient,pats,tbl_ClientDemo2,1 = 1,"Order by 1, 2",0,V6,B38-1-2,NULL
BHG_DR,14,pats,tbl_ClientDemo2,EST,B39,1,2,0,SQL,2,SAMMS,Data Source=BHGDALLSQL05\SQL2016SAMMS;Connection Timeout=60;Integrated Security=True;Encrypt=False;Initial Catalog=SAMMS-AikenV5;,SAMMS-AikenV5,Select,2016-07-25,NULL,Aiken,1,0,dbo,tblClient,pats,tbl_ClientDemo2,1 = 1,"Order by 1, 2",0,V6,B39-1-2,NULL
BHG_DR,14,pats,tbl_ClientDemo2,EST,B41,1,2,0,SQL,2,SAMMS,Data Source=BHGDALLSQL05\SQL2016SAMMS;Connection Timeout=60;Integrated Security=True;Encrypt=False;Initial Catalog=SAMMS-ChesapeakeV5;,SAMMS-ChesapeakeV5,Select,2016-10-24,NULL,Chesapeake,1,0,dbo,tblClient,pats,tbl_ClientDemo2,1 = 1,"Order by 1, 2",0,V6,B41-1-2,NULL
BHG_DR,14,pats,tbl_ClientDemo2,EST,B42,1,2,0,SQL,2,SAMMS,Data Source=BHGDALLSQL05\SQL2016SAMMS;Connection Timeout=60;Integrated Security=True;Encrypt=False;Initial Catalog=SAMMS-VirginiaBeachV5;,SAMMS-VirginiaBeachV5,Select,2016-10-24,NULL,Virginia Beach,1,0,dbo,tblClient,pats,tbl_ClientDemo2,1 = 1,"Order by 1, 2",0,V6,B42-1-2,NULL
BHG_DR,14,pats,tbl_ClientDemo2,EST,B42A,1,2,0,SQL,2,SAMMS,Data Source=BHGDALLSQL05\SQL2016SAMMS;Connection Timeout=60;Integrated Security=True;Encrypt=False;Initial Catalog=SAMMS-NewportNewsV5;,SAMMS-NewportNewsV5,Select,2018-12-06,NULL,Newport News,1,0,dbo,tblClient,pats,tbl_ClientDemo2,1 = 1,"Order by 1, 2",0,V6,B42A-1-2,NULL
BHG_DR,14,pats,tbl_ClientDemo2,EST,B42B,1,2,0,SQL,2,SAMMS,Data Source=BHGDALLSQL05\SQL2016SAMMS;Connection Timeout=60;Integrated Security=True;Encrypt=False;Initial Catalog=SAMMS-FranklinV5;,SAMMS-FranklinV5,Select,2018-12-19,NULL,Franklin,1,0,dbo,tblClient,pats,tbl_ClientDemo2,1 = 1,"Order by 1, 2",0,V6,B42B-1-2,NULL
BHG_DR,14,pats,tbl_ClientDemo2,EST,B42C,1,2,0,SQL,2,SAMMS,Data Source=BHGDALLSQL05\SQL2016SAMMS;Connection Timeout=60;Integrated Security=True;Encrypt=False;Initial Catalog=SAMMS-GlenAllenV5;,SAMMS-GlenAllenV5,Select,2019-07-17,NULL,Glen Allen,1,0,dbo,tblClient,pats,tbl_ClientDemo2,1 = 1,"Order by 1, 2",0,V6,B42C-1-2,NULL
BHG_DR,14,pats,tbl_ClientDemo2,EST,B42D,1,2,0,SQL,2,SAMMS,Data Source=BHGDALLSQL05\SQL2016SAMMS;Connection Timeout=60;Integrated Security=True;Encrypt=False;Initial Catalog=SAMMS-ChesapeakeSouthV5;,SAMMS-ChesapeakeSouthV5,Select,2019-06-11,NULL,Chesapeake South,1,0,dbo,tblClient,pats,tbl_ClientDemo2,1 = 1,"Order by 1, 2",0,V6,B42D-1-2,NULL
BHG_DR,14,pats,tbl_ClientDemo2,EST,B44,1,2,0,SQL,2,SAMMS,Data Source=BHGDALLSQL05\SQL2016SAMMS;Connection Timeout=60;Integrated Security=True;Encrypt=False;Initial Catalog=SAMMS-AlbanyV5;,SAMMS-AlbanyV5,Select,2017-06-19,NULL,Albany,1,0,dbo,tblClient,pats,tbl_ClientDemo2,1 = 1,"Order by 1, 2",0,V6,B44-1-2,NULL
BHG_DR,14,pats,tbl_ClientDemo2,EST,B45,1,2,0,SQL,2,SAMMS,Data Source=BHGDALLSQL05\SQL2016SAMMS;Connection Timeout=60;Integrated Security=True;Encrypt=False;Initial Catalog=SAMMS-TiftonV5;,SAMMS-TiftonV5,Select,2017-06-19,NULL,Tifton,1,0,dbo,tblClient,pats,tbl_ClientDemo2,1 = 1,"Order by 1, 2",0,V6,B45-1-2,NULL
BHG_DR,14,pats,tbl_ClientDemo2,CST,B46,1,2,0,SQL,2,SAMMS,Data Source=BHGDALLSQL05\SQL2016SAMMS;Connection Timeout=60;Integrated Security=True;Encrypt=False;Initial Catalog=SAMMS-WashingtonDCv5;,SAMMS-WashingtonDCv5,Select,2019-03-20,NULL,Washington DC,1,0,dbo,tblClient,pats,tbl_ClientDemo2,1 = 1,"Order by 1, 2",0,V6,B46-1-2,NULL
BHG_DR,14,pats,tbl_ClientDemo2,CST,B47,1,2,0,SQL,2,SAMMS,Data Source=BHGDALLSQL05\SQL2016SAMMS;Connection Timeout=60;Integrated Security=True;Encrypt=False;Initial Catalog=SAMMS-MobileV5;,SAMMS-MobileV5,Select,2019-09-10,NULL,Mobile,1,0,dbo,tblClient,pats,tbl_ClientDemo2,1 = 1,"Order by 1, 2",0,V6,B47-1-2,NULL
BHG_DR,14,pats,tbl_ClientDemo2,CST,B48,1,2,0,SQL,2,SAMMS,Data Source=BHGDALLSQL05\SQL2016SAMMS;Connection Timeout=60;Integrated Security=True;Encrypt=False;Initial Catalog=SAMMS-TuscaloosaV5;,SAMMS-TuscaloosaV5,Select,2017-11-19,NULL,Tuscaloosa,1,0,dbo,tblClient,pats,tbl_ClientDemo2,1 = 1,"Order by 1, 2",0,V6,B48-1-2,NULL
BHG_DR,14,pats,tbl_ClientDemo2,CST,B51,1,2,0,SQL,2,SAMMS,Data Source=BHGDALLSQL05\SQL2016SAMMS;Connection Timeout=60;Integrated Security=True;Encrypt=False;Initial Catalog=SAMMS-NorthLittleRockV6;,SAMMS-NorthLittleRockV6,Select,2019-11-15,NULL,N. Little Rock (OTP),1,0,dbo,tblClient,pats,tbl_ClientDemo2,1 = 1,"Order by 1, 2",0,V6,B51-1-2,NULL
BHG_DR,14,pats,tbl_ClientDemo2,EST,B52,1,2,0,SQL,2,SAMMS,Data Source=BHGDALLSQL05\SQL2016SAMMS;Connection Timeout=60;Integrated Security=True;Encrypt=False;Initial Catalog=SAMMS-JacksonGAV5;,SAMMS-JacksonGAV5,Select,2018-06-01,NULL,Jackson GA,1,0,dbo,tblClient,pats,tbl_ClientDemo2,1 = 1,"Order by 1, 2",0,V6,B52-1-2,NULL
BHG_DR,14,pats,tbl_ClientDemo2,CST,B54,1,2,0,SQL,2,SAMMS,Data Source=BHGDALLSQL05\SQL2016SAMMS;Connection Timeout=60;Integrated Security=True;Encrypt=False;Initial Catalog=SAMMS-GadsdenV5;,SAMMS-GadsdenV5,Select,2018-06-01,NULL,Gadsden,1,0,dbo,tblClient,pats,tbl_ClientDemo2,1 = 1,"Order by 1, 2",0,V6,B54-1-2,NULL
BHG_DR,14,pats,tbl_ClientDemo2,CST,B55,1,2,0,SQL,2,SAMMS,Data Source=BHGDALLSQL05\SQL2016SAMMS;Connection Timeout=60;Integrated Security=True;Encrypt=False;Initial Catalog=SAMMS-ShoalsV5;,SAMMS-ShoalsV5,Select,2018-04-22,NULL,Shoals,1,0,dbo,tblClient,pats,tbl_ClientDemo2,1 = 1,"Order by 1, 2",0,V6,B55-1-2,NULL
BHG_DR,14,pats,tbl_ClientDemo2,EST,B57,1,2,0,SQL,2,SAMMS,Data Source=BHGDALLSQL05\SQL2016SAMMS;Connection Timeout=60;Integrated Security=True;Encrypt=False;Initial Catalog=SAMMS-Pawtucket;,SAMMS-Pawtucket,Select,2020-09-04,NULL,Pawtucket,1,1,dbo,tblClient,pats,tbl_ClientDemo2,1 = 1,"Order by 1, 2",0,V6,B57-1-2,NULL
BHG_DR,14,pats,tbl_ClientDemo2,EST,B57A,1,2,0,SQL,2,SAMMS,Data Source=BHGDALLSQL05\SQL2016SAMMS;Connection Timeout=60;Integrated Security=True;Encrypt=False;Initial Catalog=SAMMS-Johnston;,SAMMS-Johnston,Select,2021-10-04,NULL,Johnston,1,1,dbo,tblClient,pats,tbl_ClientDemo2,1 = 1,"Order by 1, 2",0,V6,B57A-1-2,NULL
BHG_DR,14,pats,tbl_ClientDemo2,EST,B57B,1,2,0,SQL,2,SAMMS,Data Source=BHGDALLSQL05\SQL2016SAMMS;Connection Timeout=60;Integrated Security=True;Encrypt=False;Initial Catalog=SAMMS-Middletown;,SAMMS-Middletown,Select,2021-10-04,NULL,Middletown,1,1,dbo,tblClient,pats,tbl_ClientDemo2,1 = 1,"Order by 1, 2",0,V6,B57B-1-2,NULL
BHG_DR,14,pats,tbl_ClientDemo2,EST,B57C,1,2,0,SQL,2,SAMMS,Data Source=BHGDALLSQL05\SQL2016SAMMS;Connection Timeout=60;Integrated Security=True;Encrypt=False;Initial Catalog=SAMMS-Providence;,SAMMS-Providence,Select,2021-10-04,NULL,Providence,1,1,dbo,tblClient,pats,tbl_ClientDemo2,1 = 1,"Order by 1, 2",0,V6,B57C-1-2,NULL
BHG_DR,14,pats,tbl_ClientDemo2,EST,B57D,1,2,0,SQL,2,SAMMS,Data Source=BHGDALLSQL05\SQL2016SAMMS;Connection Timeout=60;Integrated Security=True;Encrypt=False;Initial Catalog=SAMMS-Westerly;,SAMMS-Westerly,Select,2021-10-04,NULL,Westerly,1,1,dbo,tblClient,pats,tbl_ClientDemo2,1 = 1,"Order by 1, 2",0,V6,B57D-1-2,NULL
BHG_DR,14,pats,tbl_ClientDemo2,EST,B66A,1,2,0,SQL,2,SAMMS,Data Source=BHGDALLSQL05\SQL2016SAMMS;Connection Timeout=60;Integrated Security=True;Encrypt=False;Initial Catalog=SAMMS-Bremen;,SAMMS-Bremen,Select,NULL,NULL,Bremen,1,1,dbo,tblClient,pats,tbl_ClientDemo2,1 = 1,"Order by 1, 2",0,V6,B66A-1-2,NULL
BHG_DR,14,pats,tbl_ClientDemo2,CST,B72,1,2,0,SQL,2,SAMMS,Data Source=BHGDALLSQL05\SQL2016SAMMS;Connection Timeout=60;Integrated Security=True;Encrypt=False;Initial Catalog=SAMMS-Mobile-OBOT;,SAMMS-Mobile-OBOT,Select,NULL,NULL,Mobile (OBOT),1,1,dbo,tblClient,pats,tbl_ClientDemo2,1 = 1,"Order by 1, 2",0,V6,B72-1-2,NULL
BHG_DR,14,pats,tbl_ClientDemo2,CST,B73,1,2,0,SQL,2,SAMMS,Data Source=BHGDALLSQL05\SQL2016SAMMS;Connection Timeout=60;Integrated Security=True;Encrypt=False;Initial Catalog=SAMMS-Montgomery;,SAMMS-Montgomery,Select,NULL,NULL,Montgomery,1,1,dbo,tblClient,pats,tbl_ClientDemo2,1 = 1,"Order by 1, 2",0,V6,B73-1-2,NULL
BHG_DR,14,pats,tbl_ClientDemo2,CST,B75,1,2,0,SQL,2,SAMMS,Data Source=BHGDALLSQL05\SQL2016SAMMS;Connection Timeout=60;Integrated Security=True;Encrypt=False;Initial Catalog=SAMMS-LawrenceV6;,SAMMS-LawrenceV6,Select,2021-11-09,NULL,Lawrence,1,0,dbo,tblClient,pats,tbl_ClientDemo2,1 = 1,"Order by 1, 2",0,V6,B75-1-2,NULL
BHG_DR,14,pats,tbl_ClientDemo2,CST,B76,1,2,0,SQL,2,SAMMS,Data Source=BHGDALLSQL05\SQL2016SAMMS;Connection Timeout=60;Integrated Security=True;Encrypt=False;Initial Catalog=SAMMS-Huntsville-OBOT;,SAMMS-Huntsville-OBOT,Select,NULL,NULL,Huntsville OBOT,1,0,dbo,tblClient,pats,tbl_ClientDemo2,1 = 1,"Order by 1, 2",0,V6,B76-1-2,NULL
BHG_DR,14,pats,tbl_ClientDemo2,CST,BAT,1,2,0,SQL,2,SAMMS,Data Source=BHGDALLSQL05\SQL2016SAMMS;Connection Timeout=60;Integrated Security=True;Encrypt=False;Initial Catalog=SAMMS-Batesville;,SAMMS-Batesville,Select,NULL,NULL,Batesville,1,1,dbo,tblClient,pats,tbl_ClientDemo2,1 = 1,"Order by 1, 2",0,V6,BAT-1-2,NULL
BHG_DR,14,pats,tbl_ClientDemo2,CST,BG,1,2,0,SQL,2,SAMMS,Data Source=BHGDALLSQL05\SQL2016SAMMS;Connection Timeout=60;Integrated Security=True;Encrypt=False;Initial Catalog=SAMMS-BowlingGreen;,SAMMS-BowlingGreen,Select,NULL,NULL,Bowling Green,1,1,dbo,tblClient,pats,tbl_ClientDemo2,1 = 1,"Order by 1, 2",0,V6,BG-1-2,NULL
BHG_DR,14,pats,tbl_ClientDemo2,MST,BOI,1,2,0,SQL,2,SAMMS,Data Source=BHGDALLSQL05\SQL2016SAMMS;Connection Timeout=60;Integrated Security=True;Encrypt=False;Initial Catalog=SAMMS-Boise;,SAMMS-Boise,Select,NULL,NULL,Boise,1,1,dbo,tblClient,pats,tbl_ClientDemo2,1 = 1,"Order by 1, 2",0,V6,BOI-1-2,NULL
BHG_DR,14,pats,tbl_ClientDemo2,MST,CBCO,1,2,0,SQL,2,SAMMS,Data Source=BHGDALLSQL05\SQL2016SAMMS;Connection Timeout=60;Integrated Security=True;Encrypt=False;Initial Catalog=SAMMS-CoeurdAleneV6;,SAMMS-CoeurdAleneV6,Select,NULL,NULL,Coeur d'Alene,1,1,dbo,tblClient,pats,tbl_ClientDemo2,1 = 1,"Order by 1, 2",0,V6,CBCO-1-2,NULL
BHG_DR,14,pats,tbl_ClientDemo2,CST,CON,1,2,0,SQL,2,SAMMS,Data Source=BHGDALLSQL05\SQL2016SAMMS;Connection Timeout=60;Integrated Security=True;Encrypt=False;Initial Catalog=SAMMS-Conway;,SAMMS-Conway,Select,NULL,NULL,Conway,1,1,dbo,tblClient,pats,tbl_ClientDemo2,1 = 1,"Order by 1, 2",0,V6,CON-1-2,NULL
BHG_DR,14,pats,tbl_ClientDemo2,EST,D07,1,2,0,SQL,2,SAMMS,Data Source=BHGDALLSQL05\SQL2016SAMMS;Connection Timeout=60;Integrated Security=True;Encrypt=False;Initial Catalog=SAMMS-KnoxvilleV6;,SAMMS-KnoxvilleV6,Select,NULL,NULL,Medical Services Knox TN,1,1,dbo,tblClient,pats,tbl_ClientDemo2,1 = 1,"Order by 1, 2",0,V6,D07-1-2,NULL
BHG_DR,14,pats,tbl_ClientDemo2,EST,D08,1,2,0,SQL,2,SAMMS,Data Source=BHGDALLSQL05\SQL2016SAMMS;Connection Timeout=60;Integrated Security=True;Encrypt=False;Initial Catalog=SAMMS-MadisonV6;,SAMMS-MadisonV6,Select,NULL,NULL,Madison,1,1,dbo,tblClient,pats,tbl_ClientDemo2,1 = 1,"Order by 1, 2",0,V6,D08-1-2,NULL
BHG_DR,14,pats,tbl_ClientDemo2,EST,D09,1,2,0,SQL,2,SAMMS,Data Source=BHGDALLSQL05\SQL2016SAMMS;Connection Timeout=60;Integrated Security=True;Encrypt=False;Initial Catalog=SAMMS-MurfreesboroV6;,SAMMS-MurfreesboroV6,Select,NULL,NULL,Murfreesboro,1,1,dbo,tblClient,pats,tbl_ClientDemo2,1 = 1,"Order by 1, 2",0,V6,D09-1-2,NULL
BHG_DR,14,pats,tbl_ClientDemo2,CST,DA,1,2,0,SQL,2,SAMMS,Data Source=BHGDALLSQL05\SQL2016SAMMS;Connection Timeout=60;Integrated Security=True;Encrypt=False;Initial Catalog=SAMMS-Davenport;,SAMMS-Davenport,Select,NULL,NULL,Davenport,1,1,dbo,tblClient,pats,tbl_ClientDemo2,1 = 1,"Order by 1, 2",0,V6,DA-1-2,NULL
BHG_DR,14,pats,tbl_ClientDemo2,CST,DM,1,2,0,SQL,2,SAMMS,Data Source=BHGDALLSQL05\SQL2016SAMMS;Connection Timeout=60;Integrated Security=True;Encrypt=False;Initial Catalog=SAMMS-DesMoines;,SAMMS-DesMoines,Select,NULL,NULL,Des Moines,1,1,dbo,tblClient,pats,tbl_ClientDemo2,1 = 1,"Order by 1, 2",0,V6,DM-1-2,NULL
BHG_DR,14,pats,tbl_ClientDemo2,CST,DRD-CO,1,2,0,SQL,2,SAMMS,Data Source=BHGDALLSQL05\SQL2016SAMMS;Connection Timeout=60;Integrated Security=True;Encrypt=False;Initial Catalog=SAMMS-ColumbiaV5;,SAMMS-ColumbiaV5,Select,NULL,NULL,Columbia MO,1,0,dbo,tblClient,pats,tbl_ClientDemo2,1 = 1,"Order by 1, 2",0,V6,DRD-CO-1-2,NULL
BHG_DR,14,pats,tbl_ClientDemo2,CST,DRD-KC,1,2,0,SQL,2,SAMMS,Data Source=BHGDALLSQL05\SQL2016SAMMS;Connection Timeout=60;Integrated Security=True;Encrypt=False;Initial Catalog=SAMMS-KCv5;,SAMMS-KCv5,Select,NULL,NULL,KC,1,0,dbo,tblClient,pats,tbl_ClientDemo2,1 = 1,"Order by 1, 2",0,V6,DRD-KC-1-2,NULL
BHG_DR,14,pats,tbl_ClientDemo2,EST,DRD-KVB,1,2,0,SQL,2,SAMMS,Data Source=BHGDALLSQL05\SQL2016SAMMS;Connection Timeout=60;Integrated Security=True;Encrypt=False;Initial Catalog=SAMMS-KVBv5;,SAMMS-KVBv5,Select,NULL,NULL,KVB,1,0,dbo,tblClient,pats,tbl_ClientDemo2,1 = 1,"Order by 1, 2",0,V6,DRD-KVB-1-2,NULL
BHG_DR,14,pats,tbl_ClientDemo2,EST,DRD-KVC,1,2,0,SQL,2,SAMMS,Data Source=BHGDALLSQL05\SQL2016SAMMS;Connection Timeout=60;Integrated Security=True;Encrypt=False;Initial Catalog=SAMMS-KVCv5;,SAMMS-KVCv5,Select,NULL,NULL,KVC,1,0,dbo,tblClient,pats,tbl_ClientDemo2,1 = 1,"Order by 1, 2",0,V6,DRD-KVC-1-2,NULL
BHG_DR,14,pats,tbl_ClientDemo2,CST,DRD-NOLA,1,2,0,SQL,2,SAMMS,Data Source=BHGDALLSQL05\SQL2016SAMMS;Connection Timeout=60;Integrated Security=True;Encrypt=False;Initial Catalog=SAMMS-NOLAv5;,SAMMS-NOLAv5,Select,1985-01-01,NULL,NOLA,1,1,dbo,tblClient,pats,tbl_ClientDemo2,1 = 1,"Order by 1, 2",0,V6,DRD-NOLA-1-2,NULL
BHG_DR,14,pats,tbl_ClientDemo2,CST,DRD-SF,1,2,0,SQL,2,SAMMS,Data Source=BHGDALLSQL05\SQL2016SAMMS;Connection Timeout=60;Integrated Security=True;Encrypt=False;Initial Catalog=SAMMS-SFv5;,SAMMS-SFv5,Select,NULL,NULL,Springfield,1,0,dbo,tblClient,pats,tbl_ClientDemo2,1 = 1,"Order by 1, 2",0,V6,DRD-SF-1-2,NULL
BHG_DR,14,pats,tbl_ClientDemo2,EST,ELC,1,2,0,SQL,2,SAMMS,Data Source=BHGDALLSQL05\SQL2016SAMMS;Connection Timeout=60;Integrated Security=True;Encrypt=False;Initial Catalog=SAMMS-ElizabethCity ;,"SAMMS-ElizabethCity ",Select,NULL,NULL,Elizabeth City,1,1,dbo,tblClient,pats,tbl_ClientDemo2,1 = 1,"Order by 1, 2",0,V6,ELC-1-2,NULL
BHG_DR,14,pats,tbl_ClientDemo2,CST,ET,1,2,0,SQL,2,SAMMS,Data Source=BHGDALLSQL05\SQL2016SAMMS;Connection Timeout=60;Integrated Security=True;Encrypt=False;Initial Catalog=SAMMS-Elizabethtown;,SAMMS-Elizabethtown,Select,NULL,NULL,Elizabethtown,1,1,dbo,tblClient,pats,tbl_ClientDemo2,1 = 1,"Order by 1, 2",0,V6,ET-1-2,NULL
BHG_DR,14,pats,tbl_ClientDemo2,CST,FAY,1,2,0,SQL,2,SAMMS,Data Source=BHGDALLSQL05\SQL2016SAMMS;Connection Timeout=60;Integrated Security=True;Encrypt=False;Initial Catalog=SAMMS-Fayetteville;,SAMMS-Fayetteville,Select,2019-08-15,NULL,Fayetteville,1,1,dbo,tblClient,pats,tbl_ClientDemo2,1 = 1,"Order by 1, 2",0,V6,FAY-1-2,NULL
BHG_DR,14,pats,tbl_ClientDemo2,CST,FR,1,2,0,SQL,2,SAMMS,Data Source=BHGDALLSQL05\SQL2016SAMMS;Connection Timeout=60;Integrated Security=True;Encrypt=False;Initial Catalog=SAMMS-Frankfort;,SAMMS-Frankfort,Select,NULL,NULL,Frankfort,1,1,dbo,tblClient,pats,tbl_ClientDemo2,1 = 1,"Order by 1, 2",0,V6,FR-1-2,NULL
BHG_DR,14,pats,tbl_ClientDemo2,CST,FS,1,2,0,SQL,2,SAMMS,Data Source=BHGDALLSQL05\SQL2016SAMMS;Connection Timeout=60;Integrated Security=True;Encrypt=False;Initial Catalog=SAMMS-FortSmith;,SAMMS-FortSmith,Select,2019-08-15,NULL,Fort Smith,1,1,dbo,tblClient,pats,tbl_ClientDemo2,1 = 1,"Order by 1, 2",0,V6,FS-1-2,NULL
BHG_DR,14,pats,tbl_ClientDemo2,EST,FW,1,2,0,SQL,2,SAMMS,Data Source=BHGDALLSQL05\SQL2016SAMMS;Connection Timeout=60;Integrated Security=True;Encrypt=False;Initial Catalog=SAMMS-FortWayne;,SAMMS-FortWayne,Select,NULL,NULL,Fort Wayne,1,1,dbo,tblClient,pats,tbl_ClientDemo2,1 = 1,"Order by 1, 2",0,V6,FW-1-2,NULL
BHG_DR,14,pats,tbl_ClientDemo2,EST,GAL,1,2,0,SQL,2,SAMMS,Data Source=BHGDALLSQL05\SQL2016SAMMS;Connection Timeout=60;Integrated Security=True;Encrypt=False;Initial Catalog=SAMMS-Gaylord ;,"SAMMS-Gaylord ",Select,NULL,NULL,Gaylord,1,1,dbo,tblClient,pats,tbl_ClientDemo2,1 = 1,"Order by 1, 2",0,V6,GAL-1-2,NULL
BHG_DR,14,pats,tbl_ClientDemo2,EST,GRC,1,2,0,SQL,2,SAMMS,Data Source=BHGDALLSQL05\SQL2016SAMMS;Connection Timeout=60;Integrated Security=True;Encrypt=False;Initial Catalog=SAMMS-GreenfieldV5;,SAMMS-GreenfieldV5,Select,2018-12-05,NULL,Greenfield,0,0,dbo,tblClient,pats,tbl_ClientDemo2,1 = 1,"Order by 1, 2",0,V6,GRC-1-2,NULL
BHG_DR,14,pats,tbl_ClientDemo2,EST,HGT,1,2,0,SQL,2,SAMMS,Data Source=BHGDALLSQL05\SQL2016SAMMS;Connection Timeout=60;Integrated Security=True;Encrypt=False;Initial Catalog=SAMMS-Hagerstown;,SAMMS-Hagerstown,Select,NULL,NULL,Hagerstown,1,0,dbo,tblClient,pats,tbl_ClientDemo2,1 = 1,"Order by 1, 2",0,V6,HGT-1-2,NULL
BHG_DR,14,pats,tbl_ClientDemo2,CST,HNT,1,2,0,SQL,2,SAMMS,Data Source=BHGDALLSQL05\SQL2016SAMMS;Connection Timeout=60;Integrated Security=True;Encrypt=False;Initial Catalog=SAMMS-Huntsville;,SAMMS-Huntsville,Select,NULL,NULL,Huntsville,1,1,dbo,tblClient,pats,tbl_ClientDemo2,1 = 1,"Order by 1, 2",0,V6,HNT-1-2,NULL
BHG_DR,14,pats,tbl_ClientDemo2,CST,HS,1,2,0,SQL,2,SAMMS,Data Source=BHGDALLSQL05\SQL2016SAMMS;Connection Timeout=60;Integrated Security=True;Encrypt=False;Initial Catalog=SAMMS-HotSprings;,SAMMS-HotSprings,Select,2019-08-15,NULL,Hot Springs,1,1,dbo,tblClient,pats,tbl_ClientDemo2,1 = 1,"Order by 1, 2",0,V6,HS-1-2,NULL
BHG_DR,14,pats,tbl_ClientDemo2,CST,JON,1,2,0,SQL,2,SAMMS,Data Source=BHGDALLSQL05\SQL2016SAMMS;Connection Timeout=60;Integrated Security=True;Encrypt=False;Initial Catalog=SAMMS-Jonesboro;,SAMMS-Jonesboro,Select,NULL,NULL,Jonesboro,1,1,dbo,tblClient,pats,tbl_ClientDemo2,1 = 1,"Order by 1, 2",0,V6,JON-1-2,NULL
BHG_DR,14,pats,tbl_ClientDemo2,EST,Lab,1,2,0,SQL,2,SAMMS,Data Source=BHGDALLSQL05\SQL2016SAMMS;Connection Timeout=60;Integrated Security=True;Encrypt=False;Initial Catalog=SAMMS-LabV5-V2;,SAMMS-LabV5-V2,Select,NULL,NULL,Reference Lab,1,0,dbo,tblClient,pats,tbl_ClientDemo2,1 = 1,"Order by 1, 2",0,V6,Lab-1-2,NULL
BHG_DR,14,pats,tbl_ClientDemo2,EST,LAN,1,2,0,SQL,2,SAMMS,Data Source=BHGDALLSQL05\SQL2016SAMMS;Connection Timeout=60;Integrated Security=True;Encrypt=False;Initial Catalog=SAMMS-Lansing ;,"SAMMS-Lansing ",Select,NULL,NULL,Lansing,1,1,dbo,tblClient,pats,tbl_ClientDemo2,1 = 1,"Order by 1, 2",0,V6,LAN-1-2,NULL
BHG_DR,14,pats,tbl_ClientDemo2,CST,LO,1,2,0,SQL,2,SAMMS,Data Source=BHGDALLSQL05\SQL2016SAMMS;Connection Timeout=60;Integrated Security=True;Encrypt=False;Initial Catalog=SAMMS-Louisville;,SAMMS-Louisville,Select,NULL,NULL,Louisville,1,1,dbo,tblClient,pats,tbl_ClientDemo2,1 = 1,"Order by 1, 2",0,V6,LO-1-2,NULL
BHG_DR,14,pats,tbl_ClientDemo2,PST,LV1,1,2,0,SQL,2,SAMMS,Data Source=BHGDALLSQL05\SQL2016SAMMS;Connection Timeout=60;Integrated Security=True;Encrypt=False;Initial Catalog=SAMMS-Cheyenne;,SAMMS-Cheyenne,Select,NULL,NULL,Cheyenne,1,1,dbo,tblClient,pats,tbl_ClientDemo2,1 = 1,"Order by 1, 2",0,V6,LV1-1-2,NULL
BHG_DR,14,pats,tbl_ClientDemo2,PST,LV2,1,2,0,SQL,2,SAMMS,Data Source=BHGDALLSQL05\SQL2016SAMMS;Connection Timeout=60;Integrated Security=True;Encrypt=False;Initial Catalog=SAMMS-DesertInn;,SAMMS-DesertInn,Select,NULL,NULL,Desert Inn,1,1,dbo,tblClient,pats,tbl_ClientDemo2,1 = 1,"Order by 1, 2",0,V6,LV2-1-2,NULL
BHG_DR,14,pats,tbl_ClientDemo2,PST,LV3,1,2,0,SQL,2,SAMMS,Data Source=BHGDALLSQL05\SQL2016SAMMS;Connection Timeout=60;Integrated Security=True;Encrypt=False;Initial Catalog=SAMMS-McDaniel;,SAMMS-McDaniel,Select,NULL,NULL,McDaniel,1,1,dbo,tblClient,pats,tbl_ClientDemo2,1 = 1,"Order by 1, 2",0,V6,LV3-1-2,NULL
BHG_DR,14,pats,tbl_ClientDemo2,CST,MNRE,1,2,0,SQL,2,SAMMS,Data Source=BHGDALLSQL05\SQL2016SAMMS;Connection Timeout=60;Integrated Security=True;Encrypt=False;Initial Catalog=SAMMS-Monroe;,SAMMS-Monroe,Select,NULL,NULL,Monroe,1,1,dbo,tblClient,pats,tbl_ClientDemo2,1 = 1,"Order by 1, 2",0,V6,MNRE-1-2,NULL
BHG_DR,14,pats,tbl_ClientDemo2,EST,MP,1,2,0,SQL,2,SAMMS,Data Source=BHGDALLSQL05\SQL2016SAMMS;Connection Timeout=60;Integrated Security=True;Encrypt=False;Initial Catalog=SAMMS-MtPleasant ;,"SAMMS-MtPleasant ",Select,NULL,NULL,Mt. Pleasant,1,1,dbo,tblClient,pats,tbl_ClientDemo2,1 = 1,"Order by 1, 2",0,V6,MP-1-2,NULL
BHG_DR,14,pats,tbl_ClientDemo2,MST,MRD,1,2,0,SQL,2,SAMMS,Data Source=BHGDALLSQL05\SQL2016SAMMS;Connection Timeout=60;Integrated Security=True;Encrypt=False;Initial Catalog=SAMMS-Meridian;,SAMMS-Meridian,Select,NULL,NULL,Meridian,1,1,dbo,tblClient,pats,tbl_ClientDemo2,1 = 1,"Order by 1, 2",0,V6,MRD-1-2,NULL
BHG_DR,14,pats,tbl_ClientDemo2,EST,NC,1,2,0,SQL,2,SAMMS,Data Source=BHGDALLSQL05\SQL2016SAMMS;Connection Timeout=60;Integrated Security=True;Encrypt=False;Initial Catalog=SAMMS-NorthCharleston;,SAMMS-NorthCharleston,Select,NULL,NULL,North Charleston,1,1,dbo,tblClient,pats,tbl_ClientDemo2,1 = 1,"Order by 1, 2",0,V6,NC-1-2,NULL
BHG_DR,14,pats,tbl_ClientDemo2,CST,NLR,1,2,0,SQL,2,SAMMS,Data Source=BHGDALLSQL05\SQL2016SAMMS;Connection Timeout=60;Integrated Security=True;Encrypt=False;Initial Catalog=SAMMS-NLROBOT;,SAMMS-NLROBOT,Select,2019-08-15,NULL,N. Little Rock,1,1,dbo,tblClient,pats,tbl_ClientDemo2,1 = 1,"Order by 1, 2",0,V6,NLR-1-2,NULL
BHG_DR,14,pats,tbl_ClientDemo2,MST,PH,1,2,0,SQL,2,SAMMS,Data Source=BHGDALLSQL05\SQL2016SAMMS;Connection Timeout=60;Integrated Security=True;Encrypt=False;Initial Catalog=SAMMS-Phoenix;,SAMMS-Phoenix,Select,NULL,NULL,Phoenix,1,1,dbo,tblClient,pats,tbl_ClientDemo2,1 = 1,"Order by 1, 2",0,V6,PH-1-2,NULL
BHG_DR,14,pats,tbl_ClientDemo2,PST,RE,1,2,0,SQL,2,SAMMS,Data Source=BHGDALLSQL05\SQL2016SAMMS;Connection Timeout=60;Integrated Security=True;Encrypt=False;Initial Catalog=SAMMS-Reno;,SAMMS-Reno,Select,NULL,NULL,Reno,1,1,dbo,tblClient,pats,tbl_ClientDemo2,1 = 1,"Order by 1, 2",0,V6,RE-1-2,NULL
BHG_DR,14,pats,tbl_ClientDemo2,CST,RMD,1,2,0,SQL,2,SAMMS,Data Source=BHGDALLSQL05\SQL2016SAMMS;Connection Timeout=60;Integrated Security=True;Encrypt=False;Initial Catalog=SAMMS-Richmond;,SAMMS-Richmond,Select,NULL,NULL,Richmond,1,1,dbo,tblClient,pats,tbl_ClientDemo2,1 = 1,"Order by 1, 2",0,V6,RMD-1-2,NULL
BHG_DR,14,pats,tbl_ClientDemo2,CST,SFN,1,2,0,SQL,2,SAMMS,Data Source=BHGDALLSQL05\SQL2016SAMMS;Connection Timeout=60;Integrated Security=True;Encrypt=False;Initial Catalog=SAMMS-SFNv5;,SAMMS-SFNv5,Select,NULL,NULL,Springfield North,1,0,dbo,tblClient,pats,tbl_ClientDemo2,1 = 1,"Order by 1, 2",0,V6,SFN-1-2,NULL
BHG_DR,14,pats,tbl_ClientDemo2,CST,SHP,1,2,0,SQL,2,SAMMS,Data Source=BHGDALLSQL05\SQL2016SAMMS;Connection Timeout=60;Integrated Security=True;Encrypt=False;Initial Catalog=SAMMS-Shreveport;,SAMMS-Shreveport,Select,NULL,NULL,Shreveport,1,1,dbo,tblClient,pats,tbl_ClientDemo2,1 = 1,"Order by 1, 2",0,V6,SHP-1-2,NULL
BHG_DR,14,pats,tbl_ClientDemo2,EST,STN,1,2,0,SQL,2,SAMMS,Data Source=BHGDALLSQL05\SQL2016SAMMS;Connection Timeout=60;Integrated Security=True;Encrypt=False;Initial Catalog=SAMMS-Staunton;,SAMMS-Staunton,Select,NULL,NULL,Staunton,1,1,dbo,tblClient,pats,tbl_ClientDemo2,1 = 1,"Order by 1, 2",0,V6,STN-1-2,NULL
BHG_DR,14,pats,tbl_ClientDemo2,CST,STVN,1,2,0,SQL,2,SAMMS,Data Source=BHGDALLSQL05\SQL2016SAMMS;Connection Timeout=60;Integrated Security=True;Encrypt=False;Initial Catalog=SAMMS-Stevenson;,SAMMS-Stevenson,Select,NULL,NULL,Stevenson,1,1,dbo,tblClient,pats,tbl_ClientDemo2,1 = 1,"Order by 1, 2",0,V6,STVN-1-2,NULL
BHG_DR,14,pats,tbl_ClientDemo2,MST,TE,1,2,0,SQL,2,SAMMS,Data Source=BHGDALLSQL05\SQL2016SAMMS;Connection Timeout=60;Integrated Security=True;Encrypt=False;Initial Catalog=SAMMS-Tempe;,SAMMS-Tempe,Select,NULL,NULL,Tempe,1,1,dbo,tblClient,pats,tbl_ClientDemo2,1 = 1,"Order by 1, 2",0,V6,TE-1-2,NULL
BHG_DR,14,pats,tbl_ClientDemo2,CST,TEX,1,2,0,SQL,2,SAMMS,Data Source=BHGDALLSQL05\SQL2016SAMMS;Connection Timeout=60;Integrated Security=True;Encrypt=False;Initial Catalog=SAMMS-Texarkana;,SAMMS-Texarkana,Select,NULL,NULL,Texarkana,1,1,dbo,tblClient,pats,tbl_ClientDemo2,1 = 1,"Order by 1, 2",0,V6,TEX-1-2,NULL
BHG_DR,14,pats,tbl_ClientDemo2,CST,TTCA,1,2,0,SQL,2,SAMMS,Data Source=BHGDALLSQL05\SQL2016SAMMS;Connection Timeout=60;Integrated Security=True;Encrypt=False;Initial Catalog=SAMMS-BessemerV5;,SAMMS-BessemerV5,Select,2018-09-24,NULL,Bessemer,1,0,dbo,tblClient,pats,tbl_ClientDemo2,1 = 1,"Order by 1, 2",0,V6,TTCA-1-2,NULL
BHG_DR,14,pats,tbl_ClientDemo2,CST,TTCB,1,2,0,SQL,2,SAMMS,Data Source=BHGDALLSQL05\SQL2016SAMMS;Connection Timeout=60;Integrated Security=True;Encrypt=False;Initial Catalog=SAMMS-CullmanV5;,SAMMS-CullmanV5,Select,2019-02-26,NULL,Cullman,1,0,dbo,tblClient,pats,tbl_ClientDemo2,1 = 1,"Order by 1, 2",0,V6,TTCB-1-2,NULL
BHG_DR,14,pats,tbl_ClientDemo2,CST,TTCC,1,2,0,SQL,2,SAMMS,Data Source=BHGDALLSQL05\SQL2016SAMMS;Connection Timeout=60;Integrated Security=True;Encrypt=False;Initial Catalog=SAMMS-GrandBay;,SAMMS-GrandBay,Select,2019-12-31,NULL,Grand Bay,1,1,dbo,tblClient,pats,tbl_ClientDemo2,1 = 1,"Order by 1, 2",0,V6,TTCC-1-2,NULL
BHG_DR,14,pats,tbl_ClientDemo2,MST,TU,1,2,0,SQL,2,SAMMS,Data Source=BHGDALLSQL05\SQL2016SAMMS;Connection Timeout=60;Integrated Security=True;Encrypt=False;Initial Catalog=SAMMS-Tucson;,SAMMS-Tucson,Select,NULL,NULL,Tucson,1,1,dbo,tblClient,pats,tbl_ClientDemo2,1 = 1,"Order by 1, 2",0,V6,TU-1-2,NULL
BHG_DR,14,pats,tbl_ClientDemo2,EST,V1,1,2,0,SQL,2,SAMMS,Data Source=BHGDALLSQL05\SQL2016SAMMS;Connection Timeout=60;Integrated Security=True;Encrypt=False;Initial Catalog=SAMMS-VCPHCS-I-MemphisV5;,SAMMS-VCPHCS-I-MemphisV5,Select,NULL,NULL,Memphis South,1,0,dbo,tblClient,pats,tbl_ClientDemo2,1 = 1,"Order by 1, 2",0,V6,V1-1-2,NULL
BHG_DR,14,pats,tbl_ClientDemo2,MST,V10,1,2,0,SQL,2,SAMMS,Data Source=BHGDALLSQL05\SQL2016SAMMS;Connection Timeout=60;Integrated Security=True;Encrypt=False;Initial Catalog=SAMMS-BoulderV5;,SAMMS-BoulderV5,Select,NULL,NULL,Longmont,1,1,dbo,tblClient,pats,tbl_ClientDemo2,1 = 1,"Order by 1, 2",0,V6,V10-1-2,NULL
BHG_DR,14,pats,tbl_ClientDemo2,MST,V10A,1,2,0,SQL,2,SAMMS,Data Source=BHGDALLSQL05\SQL2016SAMMS;Connection Timeout=60;Integrated Security=True;Encrypt=False;Initial Catalog=SAMMS-FortCollinsV5;,SAMMS-FortCollinsV5,Select,NULL,NULL,Fort Collins,1,1,dbo,tblClient,pats,tbl_ClientDemo2,1 = 1,"Order by 1, 2",0,V6,V10A-1-2,NULL
BHG_DR,14,pats,tbl_ClientDemo2,MST,V11,1,2,0,SQL,2,SAMMS,Data Source=BHGDALLSQL05\SQL2016SAMMS;Connection Timeout=60;Integrated Security=True;Encrypt=False;Initial Catalog=SAMMS-VCPHCS-XI-NorthDenverV5;,SAMMS-VCPHCS-XI-NorthDenverV5,Select,NULL,NULL,Westminster,1,1,dbo,tblClient,pats,tbl_ClientDemo2,1 = 1,"Order by 1, 2",0,V6,V11-1-2,NULL
BHG_DR,14,pats,tbl_ClientDemo2,MST,V12,1,2,0,SQL,2,SAMMS,Data Source=BHGDALLSQL05\SQL2016SAMMS;Connection Timeout=60;Integrated Security=True;Encrypt=False;Initial Catalog=SAMMS-VCPHCS-XII-DowntownDenverV5;,SAMMS-VCPHCS-XII-DowntownDenverV5,Select,NULL,NULL,Downtown Denver,1,1,dbo,tblClient,pats,tbl_ClientDemo2,1 = 1,"Order by 1, 2",0,V6,V12-1-2,NULL
BHG_DR,14,pats,tbl_ClientDemo2,MST,V12A,1,2,0,SQL,2,SAMMS,Data Source=BHGDALLSQL05\SQL2016SAMMS;Connection Timeout=60;Integrated Security=True;Encrypt=False;Initial Catalog=SAMMS-CentennialV5;,SAMMS-CentennialV5,Select,NULL,NULL,Centennial,1,1,dbo,tblClient,pats,tbl_ClientDemo2,1 = 1,"Order by 1, 2",0,V6,V12A-1-2,NULL
BHG_DR,14,pats,tbl_ClientDemo2,CST,V14,1,2,0,SQL,2,SAMMS,Data Source=BHGDALLSQL05\SQL2016SAMMS;Connection Timeout=60;Integrated Security=True;Encrypt=False;Initial Catalog=SAMMS-VCPHCS-XIV-BridgewayV5;,SAMMS-VCPHCS-XIV-BridgewayV5,Select,NULL,NULL,Overland Park,1,0,dbo,tblClient,pats,tbl_ClientDemo2,1 = 1,"Order by 1, 2",0,V6,V14-1-2,NULL
BHG_DR,14,pats,tbl_ClientDemo2,CST,V15,1,2,0,SQL,2,SAMMS,Data Source=BHGDALLSQL05\SQL2016SAMMS;Connection Timeout=60;Integrated Security=True;Encrypt=False;Initial Catalog=SAMMS-JoplinV5;,SAMMS-JoplinV5,Select,NULL,NULL,Joplin,1,0,dbo,tblClient,pats,tbl_ClientDemo2,1 = 1,"Order by 1, 2",0,V6,V15-1-2,NULL
BHG_DR,14,pats,tbl_ClientDemo2,EST,V17,1,2,0,SQL,2,SAMMS,Data Source=BHGDALLSQL05\SQL2016SAMMS;Connection Timeout=60;Integrated Security=True;Encrypt=False;Initial Catalog=SAMMS-ColumbiaTNv5;,SAMMS-ColumbiaTNv5,Select,NULL,NULL,Columbia TN,1,0,dbo,tblClient,pats,tbl_ClientDemo2,1 = 1,"Order by 1, 2",0,V6,V17-1-2,NULL
BHG_DR,14,pats,tbl_ClientDemo2,EST,V19,1,2,0,SQL,2,SAMMS,Data Source=BHGDALLSQL05\SQL2016SAMMS;Connection Timeout=60;Integrated Security=True;Encrypt=False;Initial Catalog=SAMMS-JacksonV5;,SAMMS-JacksonV5,Select,NULL,NULL,Jackson,1,0,dbo,tblClient,pats,tbl_ClientDemo2,1 = 1,"Order by 1, 2",0,V6,V19-1-2,NULL
BHG_DR,14,pats,tbl_ClientDemo2,EST,V20,1,2,0,SQL,2,SAMMS,Data Source=BHGDALLSQL05\SQL2016SAMMS;Connection Timeout=60;Integrated Security=True;Encrypt=False;Initial Catalog=SAMMS-ParisV5;,SAMMS-ParisV5,Select,NULL,NULL,Paris,1,0,dbo,tblClient,pats,tbl_ClientDemo2,1 = 1,"Order by 1, 2",0,V6,V20-1-2,NULL
BHG_DR,14,pats,tbl_ClientDemo2,EST,V21,1,2,0,SQL,2,SAMMS,Data Source=BHGDALLSQL05\SQL2016SAMMS;Connection Timeout=60;Integrated Security=True;Encrypt=False;Initial Catalog=SAMMS-RaleighV5;,SAMMS-RaleighV5,Select,NULL,NULL,Memphis North,1,0,dbo,tblClient,pats,tbl_ClientDemo2,1 = 1,"Order by 1, 2",0,V6,V21-1-2,NULL
BHG_DR,14,pats,tbl_ClientDemo2,CST,V5,1,2,0,SQL,2,SAMMS,Data Source=BHGDALLSQL05\SQL2016SAMMS;Connection Timeout=60;Integrated Security=True;Encrypt=False;Initial Catalog=SAMMS-NONTCv5;,SAMMS-NONTCv5,Select,NULL,NULL,West Bank,1,1,dbo,tblClient,pats,tbl_ClientDemo2,1 = 1,"Order by 1, 2",0,V6,V5-1-2,NULL
BHG_DR,14,pats,tbl_ClientDemo2,CST,V5B,1,2,0,SQL,2,SAMMS,Data Source=BHGDALLSQL05\SQL2016SAMMS;Connection Timeout=60;Integrated Security=True;Encrypt=False;Initial Catalog=SAMMS-HoumaV6;,SAMMS-HoumaV6,Select,NULL,NULL,Houma,1,0,dbo,tblClient,pats,tbl_ClientDemo2,1 = 1,"Order by 1, 2",0,v6,V5B-1-2,NULL
BHG_DR,14,pats,tbl_ClientDemo2,CST,V6,1,2,0,SQL,2,SAMMS,Data Source=BHGDALLSQL05\SQL2016SAMMS;Connection Timeout=60;Integrated Security=True;Encrypt=False;Initial Catalog=SAMMS-LCv5;,SAMMS-LCv5,Select,NULL,NULL,Lake Charles,1,1,dbo,tblClient,pats,tbl_ClientDemo2,1 = 1,"Order by 1, 2",0,V6,V6-1-2,NULL
BHG_DR,14,pats,tbl_ClientDemo2,EST,V8,1,2,0,SQL,2,SAMMS,Data Source=BHGDALLSQL05\SQL2016SAMMS;Connection Timeout=60;Integrated Security=True;Encrypt=False;Initial Catalog=SAMMS-VCPHCS-VIII-MemphisV5;,SAMMS-VCPHCS-VIII-MemphisV5,Select,NULL,NULL,Memphis Midtown,1,0,dbo,tblClient,pats,tbl_ClientDemo2,1 = 1,"Order by 1, 2",0,V6,V8-1-2,NULL
BHG_DR,14,pats,tbl_ClientDemo2,EST,V9,1,2,0,SQL,2,SAMMS,Data Source=BHGDALLSQL05\SQL2016SAMMS;Connection Timeout=60;Integrated Security=True;Encrypt=False;Initial Catalog=SAMMS-NashvilleV5;,SAMMS-NashvilleV5,Select,NULL,NULL,Nashville,1,0,dbo,tblClient,pats,tbl_ClientDemo2,1 = 1,"Order by 1, 2",0,V6,V9-1-2,NULL
BHG_DR,14,pats,tbl_ClientDemo2,CST,VBRA,1,2,0,SQL,2,SAMMS,Data Source=BHGDALLSQL05\SQL2016SAMMS;Connection Timeout=60;Integrated Security=True;Encrypt=False;Initial Catalog=SAMMS-BrainerdV6;,SAMMS-BrainerdV6,Select,2021-11-01,NULL,Brainerd,1,1,dbo,tblClient,pats,tbl_ClientDemo2,1 = 1,"Order by 1, 2",0,V6,VBRA-1-2,NULL
BHG_DR,14,pats,tbl_ClientDemo2,CST,VBRP,1,2,0,SQL,2,SAMMS,Data Source=BHGDALLSQL05\SQL2016SAMMS;Connection Timeout=60;Integrated Security=True;Encrypt=False;Initial Catalog=SAMMS-BrooklynParkV6;,SAMMS-BrooklynParkV6,Select,2021-11-01,NULL,Brooklyn Park,1,1,dbo,tblClient,pats,tbl_ClientDemo2,1 = 1,"Order by 1, 2",0,V6,VBRP-1-2,NULL
BHG_DR,14,pats,tbl_ClientDemo2,CST,VMIN,1,2,0,SQL,2,SAMMS,Data Source=BHGDALLSQL05\SQL2016SAMMS;Connection Timeout=60;Integrated Security=True;Encrypt=False;Initial Catalog=SAMMS-MinneapolisV6;,SAMMS-MinneapolisV6,Select,2021-11-01,NULL,Minneapolis,1,1,dbo,tblClient,pats,tbl_ClientDemo2,1 = 1,"Order by 1, 2",0,V6,VMIN-1-2,NULL
BHG_DR,14,pats,tbl_ClientDemo2,CST,VWBY,1,2,0,SQL,2,SAMMS,Data Source=BHGDALLSQL05\SQL2016SAMMS;Connection Timeout=60;Integrated Security=True;Encrypt=False;Initial Catalog=SAMMS-WoodburyV6;,SAMMS-WoodburyV6,Select,2021-11-01,NULL,Woodbury,1,1,dbo,tblClient,pats,tbl_ClientDemo2,1 = 1,"Order by 1, 2",0,V6,VWBY-1-2,NULL
BHG_DR,14,pats,tbl_ClientDemo2,EST,WIL,1,2,0,SQL,2,SAMMS,Data Source=BHGDALLSQL05\SQL2016SAMMS;Connection Timeout=60;Integrated Security=True;Encrypt=False;Initial Catalog=SAMMS-Wilson;,SAMMS-Wilson,Select,NULL,NULL,Wilson,1,1,dbo,tblClient,pats,tbl_ClientDemo2,1 = 1,"Order by 1, 2",0,V6,WIL-1-2,NULL
